respondent_id,h1n1_vaccine
26707,0.13432835820895522
26708,0.037188208616780044
26709,0.42776203966005666
26710,0.4111776447105788
26711,0.3958333333333333
26712,0.4698275862068966
26713,0.27807486631016043
26714,0.13432835820895522
26715,0.037188208616780044
26716,0.09319125880440672
26717,0.037188208616780044
26718,0.2184936614466816
26719,0.11239193083573487
26720,0.09319125880440672
26721,0.3763440860215054
26722,0.09319125880440672
26723,0.7655172413793103
26724,0.09319125880440672
26725,0.037188208616780044
26726,0.0189873417721519
26727,0.2184936614466816
26728,0.17964071856287425
26729,0.037188208616780044
26730,0.037188208616780044
26731,0.037188208616780044
26732,0.12796208530805686
26733,0.8938547486033519
26734,0.8103448275862069
26735,0.09319125880440672
26736,0.09319125880440672
26737,0.037188208616780044
26738,0.6104928457869634
26739,0.09319125880440672
26740,0.2184936614466816
26741,0.2184936614466816
26742,0.09319125880440672
26743,0.0189873417721519
26744,0.09319125880440672
26745,0.09156193895870736
26746,0.09319125880440672
26747,0.09319125880440672
26748,0.17964071856287425
26749,0.09319125880440672
26750,0.48520710059171596
26751,0.4698275862068966
26752,0.037188208616780044
26753,0.17964071856287425
26754,0.11239193083573487
26755,0.09319125880440672
26756,0.037188208616780044
26757,0.6104928457869634
26758,0.4111776447105788
26759,0.037188208616780044
26760,0.037188208616780044
26761,0.12796208530805686
26762,0.11239193083573487
26763,0.7655172413793103
26764,0.7655172413793103
26765,0.09156193895870736
26766,0.2184936614466816
26767,0.7655172413793103
26768,0.0189873417721519
26769,0.2184936614466816
26770,0.17964071856287425
26771,0.037188208616780044
26772,0.037188208616780044
26773,0.0189873417721519
26774,0.11239193083573487
26775,0.09319125880440672
26776,0.48520710059171596
26777,0.09319125880440672
26778,0.17964071856287425
26779,0.09319125880440672
26780,0.2184936614466816
26781,0.09156193895870736
26782,0.037188208616780044
26783,0.037188208616780044
26784,0.09319125880440672
26785,0.4111776447105788
26786,0.2184936614466816
26787,0.09319125880440672
26788,0.11239193083573487
26789,0.0189873417721519
26790,0.037188208616780044
26791,0.037188208616780044
26792,0.17964071856287425
26793,0.038461538461538464
26794,0.7655172413793103
26795,0.037188208616780044
26796,0.037188208616780044
26797,0.09319125880440672
26798,0.42776203966005666
26799,0.26552462526766596
26800,0.09319125880440672
26801,0.27807486631016043
26802,0.09319125880440672
26803,0.09319125880440672
26804,0.037188208616780044
26805,0.037188208616780044
26806,0.09319125880440672
26807,0.4
26808,0.17964071856287425
26809,0.5738636363636364
26810,0.09319125880440672
26811,0.09319125880440672
26812,0.09319125880440672
26813,0.12796208530805686
26814,0.037188208616780044
26815,0.037188208616780044
26816,0.09156193895870736
26817,0.09319125880440672
26818,0.09319125880440672
26819,0.26552462526766596
26820,0.09319125880440672
26821,0.09319125880440672
26822,0.13432835820895522
26823,0.17391304347826086
26824,0.037188208616780044
26825,0.4111776447105788
26826,0.09319125880440672
26827,0.037188208616780044
26828,0.17964071856287425
26829,0.4797297297297297
26830,0.037188208616780044
26831,0.11239193083573487
26832,0.2184936614466816
26833,0.037188208616780044
26834,0.4111776447105788
26835,0.4111776447105788
26836,0.09319125880440672
26837,0.12796208530805686
26838,0.09319125880440672
26839,0.17391304347826086
26840,0.09319125880440672
26841,0.4111776447105788
26842,0.037188208616780044
26843,0.037188208616780044
26844,0.0189873417721519
26845,0.09319125880440672
26846,0.037188208616780044
26847,0.4111776447105788
26848,0.0189873417721519
26849,0.17391304347826086
26850,0.6104928457869634
26851,0.037188208616780044
26852,0.037188208616780044
26853,0.42776203966005666
26854,0.0189873417721519
26855,0.48520710059171596
26856,0.17964071856287425
26857,0.42776203966005666
26858,0.0189873417721519
26859,0.09319125880440672
26860,0.17391304347826086
26861,0.037188208616780044
26862,0.09319125880440672
26863,0.17964071856287425
26864,0.4111776447105788
26865,0.037188208616780044
26866,0.17964071856287425
26867,0.09319125880440672
26868,0.4
26869,0.09319125880440672
26870,0.6805251641137856
26871,0.09319125880440672
26872,0.038461538461538464
26873,0.17964071856287425
26874,0.09319125880440672
26875,0.6104928457869634
26876,0.09319125880440672
26877,0.09319125880440672
26878,0.17964071856287425
26879,0.037188208616780044
26880,0.09319125880440672
26881,0.037188208616780044
26882,0.037188208616780044
26883,0.037188208616780044
26884,0.09319125880440672
26885,0.11239193083573487
26886,0.09319125880440672
26887,0.6104928457869634
26888,0.7655172413793103
26889,0.09319125880440672
26890,0.13432835820895522
26891,0.42776203966005666
26892,0.09319125880440672
26893,0.037188208616780044
26894,0.17964071856287425
26895,0.037188208616780044
26896,0.037188208616780044
26897,0.037188208616780044
26898,0.11239193083573487
26899,0.09319125880440672
26900,0.09319125880440672
26901,0.037188208616780044
26902,0.2184936614466816
26903,0.26552462526766596
26904,0.09319125880440672
26905,0.4797297297297297
26906,0.037188208616780044
26907,0.037188208616780044
26908,0.09319125880440672
26909,0.12796208530805686
26910,0.2184936614466816
26911,0.09319125880440672
26912,0.4111776447105788
26913,0.6104928457869634
26914,0.09319125880440672
26915,0.26552462526766596
26916,0.037188208616780044
26917,0.037188208616780044
26918,0.7521739130434782
26919,0.17964071856287425
26920,0.09319125880440672
26921,0.038461538461538464
26922,0.09319125880440672
26923,0.09319125880440672
26924,0.7521739130434782
26925,0.09319125880440672
26926,0.17391304347826086
26927,0.26552462526766596
26928,0.09319125880440672
26929,0.09319125880440672
26930,0.6805251641137856
26931,0.09319125880440672
26932,0.09319125880440672
26933,0.037188208616780044
26934,0.48520710059171596
26935,0.09156193895870736
26936,0.5738636363636364
26937,0.2184936614466816
26938,0.13432835820895522
26939,0.037188208616780044
26940,0.09319125880440672
26941,0.09319125880440672
26942,0.6805251641137856
26943,0.17964071856287425
26944,0.09319125880440672
26945,0.09319125880440672
26946,0.2184936614466816
26947,0.09319125880440672
26948,0.0189873417721519
26949,0.0189873417721519
26950,0.09319125880440672
26951,0.037188208616780044
26952,0.8938547486033519
26953,0.7655172413793103
26954,0.037188208616780044
26955,0.13432835820895522
26956,0.09319125880440672
26957,0.0189873417721519
26958,0.09319125880440672
26959,0.037188208616780044
26960,0.037188208616780044
26961,0.2184936614466816
26962,0.2184936614466816
26963,0.2184936614466816
26964,0.09319125880440672
26965,0.7655172413793103
26966,0.0189873417721519
26967,0.09319125880440672
26968,0.037188208616780044
26969,0.11239193083573487
26970,0.7655172413793103
26971,0.037188208616780044
26972,0.037188208616780044
26973,0.037188208616780044
26974,0.13432835820895522
26975,0.09319125880440672
26976,0.7655172413793103
26977,0.09319125880440672
26978,0.037188208616780044
26979,0.42776203966005666
26980,0.09319125880440672
26981,0.09156193895870736
26982,0.6805251641137856
26983,0.09319125880440672
26984,0.09319125880440672
26985,0.0189873417721519
26986,0.11239193083573487
26987,0.09319125880440672
26988,0.037188208616780044
26989,0.2184936614466816
26990,0.037188208616780044
26991,0.4111776447105788
26992,0.4111776447105788
26993,0.09319125880440672
26994,0.13432835820895522
26995,0.17391304347826086
26996,0.4111776447105788
26997,0.037188208616780044
26998,0.037188208616780044
26999,0.3763440860215054
27000,0.09319125880440672
27001,0.09319125880440672
27002,0.037188208616780044
27003,0.0189873417721519
27004,0.09319125880440672
27005,0.4698275862068966
27006,0.8938547486033519
27007,0.037188208616780044
27008,0.09156193895870736
27009,0.09319125880440672
27010,0.09319125880440672
27011,0.13432835820895522
27012,0.12796208530805686
27013,0.09319125880440672
27014,0.037188208616780044
27015,0.09319125880440672
27016,0.13432835820895522
27017,0.42776203966005666
27018,0.09319125880440672
27019,0.7655172413793103
27020,0.27807486631016043
27021,0.0189873417721519
27022,0.2184936614466816
27023,0.17964071856287425
27024,0.09319125880440672
27025,0.13432835820895522
27026,0.09319125880440672
27027,0.037188208616780044
27028,0.17964071856287425
27029,0.0189873417721519
27030,0.17964071856287425
27031,0.17964071856287425
27032,0.2184936614466816
27033,0.2184936614466816
27034,0.037188208616780044
27035,0.09319125880440672
27036,0.09319125880440672
27037,0.48520710059171596
27038,0.037188208616780044
27039,0.8938547486033519
27040,0.17964071856287425
27041,0.037188208616780044
27042,0.09319125880440672
27043,0.27807486631016043
27044,0.037188208616780044
27045,0.09319125880440672
27046,0.037188208616780044
27047,0.7655172413793103
27048,0.17964071856287425
27049,0.13432835820895522
27050,0.037188208616780044
27051,0.09319125880440672
27052,0.09319125880440672
27053,0.8938547486033519
27054,0.037188208616780044
27055,0.038461538461538464
27056,0.0189873417721519
27057,0.037188208616780044
27058,0.7655172413793103
27059,0.037188208616780044
27060,0.037188208616780044
27061,0.09319125880440672
27062,0.037188208616780044
27063,0.09319125880440672
27064,0.17964071856287425
27065,0.09319125880440672
27066,0.037188208616780044
27067,0.42776203966005666
27068,0.7655172413793103
27069,0.6805251641137856
27070,0.037188208616780044
27071,0.037188208616780044
27072,0.038461538461538464
27073,0.037188208616780044
27074,0.0189873417721519
27075,0.7655172413793103
27076,0.7521739130434782
27077,0.037188208616780044
27078,0.11239193083573487
27079,0.42776203966005666
27080,0.037188208616780044
27081,0.037188208616780044
27082,0.09319125880440672
27083,0.09319125880440672
27084,0.5738636363636364
27085,0.037188208616780044
27086,0.09319125880440672
27087,0.17964071856287425
27088,0.17391304347826086
27089,0.17964071856287425
27090,0.2184936614466816
27091,0.7655172413793103
27092,0.09319125880440672
27093,0.2184936614466816
27094,0.037188208616780044
27095,0.09319125880440672
27096,0.0189873417721519
27097,0.6104928457869634
27098,0.6104928457869634
27099,0.2184936614466816
27100,0.09319125880440672
27101,0.09319125880440672
27102,0.037188208616780044
27103,0.037188208616780044
27104,0.17964071856287425
27105,0.09319125880440672
27106,0.4698275862068966
27107,0.3763440860215054
27108,0.09319125880440672
27109,0.037188208616780044
27110,0.037188208616780044
27111,0.037188208616780044
27112,0.4111776447105788
27113,0.037188208616780044
27114,0.09319125880440672
27115,0.6104928457869634
27116,0.2184936614466816
27117,0.037188208616780044
27118,0.09319125880440672
27119,0.037188208616780044
27120,0.3958333333333333
27121,0.037188208616780044
27122,0.037188208616780044
27123,0.09319125880440672
27124,0.037188208616780044
27125,0.037188208616780044
27126,0.4111776447105788
27127,0.037188208616780044
27128,0.09319125880440672
27129,0.4
27130,0.09319125880440672
27131,0.09319125880440672
27132,0.6104928457869634
27133,0.13432835820895522
27134,0.7521739130434782
27135,0.17964071856287425
27136,0.037188208616780044
27137,0.09319125880440672
27138,0.09319125880440672
27139,0.17964071856287425
27140,0.7655172413793103
27141,0.6104928457869634
27142,0.09319125880440672
27143,0.09319125880440672
27144,0.037188208616780044
27145,0.6805251641137856
27146,0.09319125880440672
27147,0.037188208616780044
27148,0.17964071856287425
27149,0.27807486631016043
27150,0.4797297297297297
27151,0.09319125880440672
27152,0.0189873417721519
27153,0.17964071856287425
27154,0.5738636363636364
27155,0.09319125880440672
27156,0.037188208616780044
27157,0.037188208616780044
27158,0.037188208616780044
27159,0.037188208616780044
27160,0.2184936614466816
27161,0.2184936614466816
27162,0.17964071856287425
27163,0.5738636363636364
27164,0.42776203966005666
27165,0.48520710059171596
27166,0.17391304347826086
27167,0.09319125880440672
27168,0.17964071856287425
27169,0.4111776447105788
27170,0.17964071856287425
27171,0.037188208616780044
27172,0.037188208616780044
27173,0.4111776447105788
27174,0.037188208616780044
27175,0.037188208616780044
27176,0.6805251641137856
27177,0.8103448275862069
27178,0.09319125880440672
27179,0.09319125880440672
27180,0.42776203966005666
27181,0.037188208616780044
27182,0.7655172413793103
27183,0.037188208616780044
27184,0.0189873417721519
27185,0.6104928457869634
27186,0.13432835820895522
27187,0.09319125880440672
27188,0.09319125880440672
27189,0.09319125880440672
27190,0.4111776447105788
27191,0.17964071856287425
27192,0.6104928457869634
27193,0.037188208616780044
27194,0.09319125880440672
27195,0.037188208616780044
27196,0.42776203966005666
27197,0.09319125880440672
27198,0.7655172413793103
27199,0.09319125880440672
27200,0.09319125880440672
27201,0.6104928457869634
27202,0.09319125880440672
27203,0.09319125880440672
27204,0.037188208616780044
27205,0.09319125880440672
27206,0.09319125880440672
27207,0.09319125880440672
27208,0.7655172413793103
27209,0.09319125880440672
27210,0.2184936614466816
27211,0.13432835820895522
27212,0.4111776447105788
27213,0.4111776447105788
27214,0.037188208616780044
27215,0.17964071856287425
27216,0.0189873417721519
27217,0.09319125880440672
27218,0.4797297297297297
27219,0.4698275862068966
27220,0.17964071856287425
27221,0.09319125880440672
27222,0.09319125880440672
27223,0.09319125880440672
27224,0.09319125880440672
27225,0.2184936614466816
27226,0.037188208616780044
27227,0.09319125880440672
27228,0.42776203966005666
27229,0.6104928457869634
27230,0.038461538461538464
27231,0.3958333333333333
27232,0.09319125880440672
27233,0.6805251641137856
27234,0.09319125880440672
27235,0.7655172413793103
27236,0.037188208616780044
27237,0.42776203966005666
27238,0.2184936614466816
27239,0.4787234042553192
27240,0.09319125880440672
27241,0.09319125880440672
27242,0.11239193083573487
27243,0.037188208616780044
27244,0.037188208616780044
27245,0.09156193895870736
27246,0.6104928457869634
27247,0.2184936614466816
27248,0.09319125880440672
27249,0.09319125880440672
27250,0.09319125880440672
27251,0.09319125880440672
27252,0.4111776447105788
27253,0.037188208616780044
27254,0.7655172413793103
27255,0.09319125880440672
27256,0.4797297297297297
27257,0.4111776447105788
27258,0.4787234042553192
27259,0.7521739130434782
27260,0.09319125880440672
27261,0.09319125880440672
27262,0.17964071856287425
27263,0.17964071856287425
27264,0.09319125880440672
27265,0.038461538461538464
27266,0.2184936614466816
27267,0.26552462526766596
27268,0.0189873417721519
27269,0.5738636363636364
27270,0.037188208616780044
27271,0.037188208616780044
27272,0.037188208616780044
27273,0.037188208616780044
27274,0.09319125880440672
27275,0.2184936614466816
27276,0.037188208616780044
27277,0.037188208616780044
27278,0.17964071856287425
27279,0.09319125880440672
27280,0.4111776447105788
27281,0.09319125880440672
27282,0.09319125880440672
27283,0.037188208616780044
27284,0.27807486631016043
27285,0.13432835820895522
27286,0.09319125880440672
27287,0.2184936614466816
27288,0.4111776447105788
27289,0.42776203966005666
27290,0.0189873417721519
27291,0.7655172413793103
27292,0.037188208616780044
27293,0.09319125880440672
27294,0.0189873417721519
27295,0.17964071856287425
27296,0.09319125880440672
27297,0.09319125880440672
27298,0.09319125880440672
27299,0.2184936614466816
27300,0.17964071856287425
27301,0.037188208616780044
27302,0.09319125880440672
27303,0.0189873417721519
27304,0.09319125880440672
27305,0.09319125880440672
27306,0.09319125880440672
27307,0.8938547486033519
27308,0.17964071856287425
27309,0.4797297297297297
27310,0.037188208616780044
27311,0.09319125880440672
27312,0.09319125880440672
27313,0.09319125880440672
27314,0.037188208616780044
27315,0.09319125880440672
27316,0.4111776447105788
27317,0.09156193895870736
27318,0.2184936614466816
27319,0.3958333333333333
27320,0.4698275862068966
27321,0.037188208616780044
27322,0.4698275862068966
27323,0.09319125880440672
27324,0.42776203966005666
27325,0.48520710059171596
27326,0.13432835820895522
27327,0.12796208530805686
27328,0.12796208530805686
27329,0.09319125880440672
27330,0.037188208616780044
27331,0.09319125880440672
27332,0.17964071856287425
27333,0.6805251641137856
27334,0.037188208616780044
27335,0.17964071856287425
27336,0.09319125880440672
27337,0.09319125880440672
27338,0.09319125880440672
27339,0.42776203966005666
27340,0.037188208616780044
27341,0.17964071856287425
27342,0.0189873417721519
27343,0.037188208616780044
27344,0.2184936614466816
27345,0.09319125880440672
27346,0.8103448275862069
27347,0.6104928457869634
27348,0.09319125880440672
27349,0.037188208616780044
27350,0.038461538461538464
27351,0.6104928457869634
27352,0.09319125880440672
27353,0.037188208616780044
27354,0.09156193895870736
27355,0.27807486631016043
27356,0.2184936614466816
27357,0.037188208616780044
27358,0.09319125880440672
27359,0.4111776447105788
27360,0.13432835820895522
27361,0.037188208616780044
27362,0.2184936614466816
27363,0.09319125880440672
27364,0.037188208616780044
27365,0.2184936614466816
27366,0.42776203966005666
27367,0.17964071856287425
27368,0.09319125880440672
27369,0.09319125880440672
27370,0.09319125880440672
27371,0.4111776447105788
27372,0.037188208616780044
27373,0.7655172413793103
27374,0.037188208616780044
27375,0.17964071856287425
27376,0.5738636363636364
27377,0.09319125880440672
27378,0.037188208616780044
27379,0.09319125880440672
27380,0.09319125880440672
27381,0.038461538461538464
27382,0.4111776447105788
27383,0.13432835820895522
27384,0.09319125880440672
27385,0.09319125880440672
27386,0.17964071856287425
27387,0.2184936614466816
27388,0.13432835820895522
27389,0.17964071856287425
27390,0.0189873417721519
27391,0.2184936614466816
27392,0.7521739130434782
27393,0.037188208616780044
27394,0.037188208616780044
27395,0.8938547486033519
27396,0.09319125880440672
27397,0.7655172413793103
27398,0.26552462526766596
27399,0.17964071856287425
27400,0.09319125880440672
27401,0.4698275862068966
27402,0.09156193895870736
27403,0.037188208616780044
27404,0.4111776447105788
27405,0.8938547486033519
27406,0.037188208616780044
27407,0.037188208616780044
27408,0.09156193895870736
27409,0.6104928457869634
27410,0.037188208616780044
27411,0.09319125880440672
27412,0.17964071856287425
27413,0.037188208616780044
27414,0.6104928457869634
27415,0.037188208616780044
27416,0.09319125880440672
27417,0.09319125880440672
27418,0.4111776447105788
27419,0.6805251641137856
27420,0.13432835820895522
27421,0.09319125880440672
27422,0.4698275862068966
27423,0.0189873417721519
27424,0.2184936614466816
27425,0.17391304347826086
27426,0.09319125880440672
27427,0.13432835820895522
27428,0.037188208616780044
27429,0.4111776447105788
27430,0.09156193895870736
27431,0.17964071856287425
27432,0.09319125880440672
27433,0.17964071856287425
27434,0.09319125880440672
27435,0.17964071856287425
27436,0.037188208616780044
27437,0.13432835820895522
27438,0.09319125880440672
27439,0.4111776447105788
27440,0.09319125880440672
27441,0.8938547486033519
27442,0.4111776447105788
27443,0.037188208616780044
27444,0.13432835820895522
27445,0.037188208616780044
27446,0.13432835820895522
27447,0.0189873417721519
27448,0.17964071856287425
27449,0.038461538461538464
27450,0.0189873417721519
27451,0.0189873417721519
27452,0.037188208616780044
27453,0.09319125880440672
27454,0.09319125880440672
27455,0.17964071856287425
27456,0.17964071856287425
27457,0.037188208616780044
27458,0.09319125880440672
27459,0.037188208616780044
27460,0.6104928457869634
27461,0.17964071856287425
27462,0.037188208616780044
27463,0.037188208616780044
27464,0.6805251641137856
27465,0.7521739130434782
27466,0.037188208616780044
27467,0.0189873417721519
27468,0.037188208616780044
27469,0.0189873417721519
27470,0.8938547486033519
27471,0.037188208616780044
27472,0.2184936614466816
27473,0.09319125880440672
27474,0.13432835820895522
27475,0.09319125880440672
27476,0.17964071856287425
27477,0.09319125880440672
27478,0.037188208616780044
27479,0.13432835820895522
27480,0.27807486631016043
27481,0.6805251641137856
27482,0.4111776447105788
27483,0.42776203966005666
27484,0.4698275862068966
27485,0.037188208616780044
27486,0.09319125880440672
27487,0.2184936614466816
27488,0.7655172413793103
27489,0.7655172413793103
27490,0.0189873417721519
27491,0.09319125880440672
27492,0.037188208616780044
27493,0.09319125880440672
27494,0.4111776447105788
27495,0.2184936614466816
27496,0.09319125880440672
27497,0.12796208530805686
27498,0.037188208616780044
27499,0.17964071856287425
27500,0.038461538461538464
27501,0.037188208616780044
27502,0.11239193083573487
27503,0.037188208616780044
27504,0.037188208616780044
27505,0.09319125880440672
27506,0.4698275862068966
27507,0.09319125880440672
27508,0.09319125880440672
27509,0.2184936614466816
27510,0.6104928457869634
27511,0.4111776447105788
27512,0.09319125880440672
27513,0.09156193895870736
27514,0.42776203966005666
27515,0.6104928457869634
27516,0.42776203966005666
27517,0.037188208616780044
27518,0.7655172413793103
27519,0.0189873417721519
27520,0.037188208616780044
27521,0.09319125880440672
27522,0.09319125880440672
27523,0.0189873417721519
27524,0.037188208616780044
27525,0.09319125880440672
27526,0.42776203966005666
27527,0.037188208616780044
27528,0.4111776447105788
27529,0.037188208616780044
27530,0.037188208616780044
27531,0.17964071856287425
27532,0.17964071856287425
27533,0.42776203966005666
27534,0.09156193895870736
27535,0.037188208616780044
27536,0.13432835820895522
27537,0.6805251641137856
27538,0.4111776447105788
27539,0.09319125880440672
27540,0.48520710059171596
27541,0.6805251641137856
27542,0.037188208616780044
27543,0.6805251641137856
27544,0.09319125880440672
27545,0.17964071856287425
27546,0.5738636363636364
27547,0.09319125880440672
27548,0.09319125880440672
27549,0.038461538461538464
27550,0.09319125880440672
27551,0.2184936614466816
27552,0.09319125880440672
27553,0.09319125880440672
27554,0.27807486631016043
27555,0.11239193083573487
27556,0.09156193895870736
27557,0.17964071856287425
27558,0.037188208616780044
27559,0.2184936614466816
27560,0.17391304347826086
27561,0.4111776447105788
27562,0.2184936614466816
27563,0.17391304347826086
27564,0.17964071856287425
27565,0.17964071856287425
27566,0.17964071856287425
27567,0.13432835820895522
27568,0.7521739130434782
27569,0.037188208616780044
27570,0.26552462526766596
27571,0.09319125880440672
27572,0.037188208616780044
27573,0.037188208616780044
27574,0.4698275862068966
27575,0.037188208616780044
27576,0.0189873417721519
27577,0.11239193083573487
27578,0.13432835820895522
27579,0.037188208616780044
27580,0.037188208616780044
27581,0.17964071856287425
27582,0.037188208616780044
27583,0.09319125880440672
27584,0.8938547486033519
27585,0.17964071856287425
27586,0.7655172413793103
27587,0.037188208616780044
27588,0.09319125880440672
27589,0.09319125880440672
27590,0.27807486631016043
27591,0.42776203966005666
27592,0.037188208616780044
27593,0.09319125880440672
27594,0.2184936614466816
27595,0.037188208616780044
27596,0.09319125880440672
27597,0.17391304347826086
27598,0.12796208530805686
27599,0.48520710059171596
27600,0.037188208616780044
27601,0.037188208616780044
27602,0.7655172413793103
27603,0.037188208616780044
27604,0.037188208616780044
27605,0.48520710059171596
27606,0.09156193895870736
27607,0.6805251641137856
27608,0.09319125880440672
27609,0.42776203966005666
27610,0.27807486631016043
27611,0.42776203966005666
27612,0.037188208616780044
27613,0.7655172413793103
27614,0.09319125880440672
27615,0.038461538461538464
27616,0.037188208616780044
27617,0.4111776447105788
27618,0.4111776447105788
27619,0.3958333333333333
27620,0.48520710059171596
27621,0.09319125880440672
27622,0.24324324324324326
27623,0.17391304347826086
27624,0.038461538461538464
27625,0.09319125880440672
27626,0.037188208616780044
27627,0.7655172413793103
27628,0.09319125880440672
27629,0.037188208616780044
27630,0.42776203966005666
27631,0.17964071856287425
27632,0.09319125880440672
27633,0.3958333333333333
27634,0.09319125880440672
27635,0.037188208616780044
27636,0.17964071856287425
27637,0.09319125880440672
27638,0.0189873417721519
27639,0.037188208616780044
27640,0.6104928457869634
27641,0.24324324324324326
27642,0.4797297297297297
27643,0.0189873417721519
27644,0.037188208616780044
27645,0.2184936614466816
27646,0.037188208616780044
27647,0.12796208530805686
27648,0.037188208616780044
27649,0.037188208616780044
27650,0.037188208616780044
27651,0.09319125880440672
27652,0.12796208530805686
27653,0.037188208616780044
27654,0.42776203966005666
27655,0.11239193083573487
27656,0.13432835820895522
27657,0.6104928457869634
27658,0.0189873417721519
27659,0.037188208616780044
27660,0.4797297297297297
27661,0.42776203966005666
27662,0.037188208616780044
27663,0.2184936614466816
27664,0.2184936614466816
27665,0.5738636363636364
27666,0.09319125880440672
27667,0.037188208616780044
27668,0.7655172413793103
27669,0.2184936614466816
27670,0.4111776447105788
27671,0.2184936614466816
27672,0.037188208616780044
27673,0.037188208616780044
27674,0.037188208616780044
27675,0.4787234042553192
27676,0.42776203966005666
27677,0.09319125880440672
27678,0.17964071856287425
27679,0.09319125880440672
27680,0.7655172413793103
27681,0.037188208616780044
27682,0.037188208616780044
27683,0.09319125880440672
27684,0.09319125880440672
27685,0.09319125880440672
27686,0.13432835820895522
27687,0.0189873417721519
27688,0.11239193083573487
27689,0.6805251641137856
27690,0.7655172413793103
27691,0.7655172413793103
27692,0.09319125880440672
27693,0.037188208616780044
27694,0.2184936614466816
27695,0.17391304347826086
27696,0.09319125880440672
27697,0.6104928457869634
27698,0.3763440860215054
27699,0.037188208616780044
27700,0.09319125880440672
27701,0.42776203966005666
27702,0.27807486631016043
27703,0.09319125880440672
27704,0.037188208616780044
27705,0.5738636363636364
27706,0.037188208616780044
27707,0.037188208616780044
27708,0.6805251641137856
27709,0.2184936614466816
27710,0.09319125880440672
27711,0.3763440860215054
27712,0.09319125880440672
27713,0.037188208616780044
27714,0.2184936614466816
27715,0.8938547486033519
27716,0.09319125880440672
27717,0.11239193083573487
27718,0.09319125880440672
27719,0.037188208616780044
27720,0.09319125880440672
27721,0.4111776447105788
27722,0.4111776447105788
27723,0.42776203966005666
27724,0.09319125880440672
27725,0.037188208616780044
27726,0.09319125880440672
27727,0.2184936614466816
27728,0.4111776447105788
27729,0.037188208616780044
27730,0.7521739130434782
27731,0.7655172413793103
27732,0.09319125880440672
27733,0.037188208616780044
27734,0.09319125880440672
27735,0.48520710059171596
27736,0.2184936614466816
27737,0.09156193895870736
27738,0.4111776447105788
27739,0.3958333333333333
27740,0.09319125880440672
27741,0.4
27742,0.17964071856287425
27743,0.6805251641137856
27744,0.037188208616780044
27745,0.8938547486033519
27746,0.09319125880440672
27747,0.09319125880440672
27748,0.42776203966005666
27749,0.3958333333333333
27750,0.17964071856287425
27751,0.11239193083573487
27752,0.4698275862068966
27753,0.09319125880440672
27754,0.17964071856287425
27755,0.8938547486033519
27756,0.09319125880440672
27757,0.037188208616780044
27758,0.037188208616780044
27759,0.037188208616780044
27760,0.6104928457869634
27761,0.038461538461538464
27762,0.09156193895870736
27763,0.09319125880440672
27764,0.17391304347826086
27765,0.09319125880440672
27766,0.7655172413793103
27767,0.4797297297297297
27768,0.09156193895870736
27769,0.09319125880440672
27770,0.09319125880440672
27771,0.037188208616780044
27772,0.7655172413793103
27773,0.09319125880440672
27774,0.3958333333333333
27775,0.17964071856287425
27776,0.037188208616780044
27777,0.09319125880440672
27778,0.26552462526766596
27779,0.09319125880440672
27780,0.037188208616780044
27781,0.037188208616780044
27782,0.8938547486033519
27783,0.09319125880440672
27784,0.09156193895870736
27785,0.09319125880440672
27786,0.12796208530805686
27787,0.09319125880440672
27788,0.037188208616780044
27789,0.7655172413793103
27790,0.4
27791,0.09319125880440672
27792,0.037188208616780044
27793,0.26552462526766596
27794,0.09319125880440672
27795,0.6104928457869634
27796,0.09319125880440672
27797,0.4797297297297297
27798,0.27807486631016043
27799,0.17964071856287425
27800,0.09156193895870736
27801,0.037188208616780044
27802,0.7521739130434782
27803,0.037188208616780044
27804,0.6104928457869634
27805,0.09319125880440672
27806,0.42776203966005666
27807,0.4111776447105788
27808,0.27807486631016043
27809,0.6805251641137856
27810,0.037188208616780044
27811,0.037188208616780044
27812,0.09319125880440672
27813,0.09319125880440672
27814,0.09319125880440672
27815,0.09319125880440672
27816,0.4111776447105788
27817,0.09319125880440672
27818,0.09319125880440672
27819,0.2184936614466816
27820,0.8938547486033519
27821,0.09319125880440672
27822,0.09319125880440672
27823,0.4111776447105788
27824,0.11239193083573487
27825,0.42776203966005666
27826,0.11239193083573487
27827,0.11239193083573487
27828,0.037188208616780044
27829,0.0189873417721519
27830,0.42776203966005666
27831,0.09156193895870736
27832,0.13432835820895522
27833,0.2184936614466816
27834,0.6805251641137856
27835,0.26552462526766596
27836,0.037188208616780044
27837,0.6805251641137856
27838,0.037188208616780044
27839,0.09319125880440672
27840,0.2184936614466816
27841,0.13432835820895522
27842,0.2184936614466816
27843,0.09319125880440672
27844,0.038461538461538464
27845,0.037188208616780044
27846,0.09156193895870736
27847,0.09319125880440672
27848,0.7655172413793103
27849,0.09319125880440672
27850,0.17964071856287425
27851,0.6104928457869634
27852,0.26552462526766596
27853,0.17964071856287425
27854,0.09156193895870736
27855,0.17964071856287425
27856,0.13432835820895522
27857,0.6104928457869634
27858,0.6805251641137856
27859,0.6104928457869634
27860,0.09319125880440672
27861,0.09319125880440672
27862,0.09319125880440672
27863,0.42776203966005666
27864,0.09319125880440672
27865,0.2184936614466816
27866,0.6104928457869634
27867,0.26552462526766596
27868,0.4111776447105788
27869,0.037188208616780044
27870,0.48520710059171596
27871,0.09319125880440672
27872,0.037188208616780044
27873,0.2184936614466816
27874,0.4111776447105788
27875,0.4797297297297297
27876,0.09156193895870736
27877,0.42776203966005666
27878,0.038461538461538464
27879,0.09319125880440672
27880,0.0189873417721519
27881,0.09319125880440672
27882,0.09319125880440672
27883,0.037188208616780044
27884,0.2184936614466816
27885,0.037188208616780044
27886,0.09319125880440672
27887,0.5738636363636364
27888,0.11239193083573487
27889,0.13432835820895522
27890,0.17964071856287425
27891,0.17964071856287425
27892,0.13432835820895522
27893,0.09319125880440672
27894,0.09319125880440672
27895,0.09319125880440672
27896,0.037188208616780044
27897,0.037188208616780044
27898,0.037188208616780044
27899,0.037188208616780044
27900,0.4111776447105788
27901,0.09319125880440672
27902,0.037188208616780044
27903,0.12796208530805686
27904,0.17964071856287425
27905,0.037188208616780044
27906,0.09319125880440672
27907,0.7655172413793103
27908,0.2184936614466816
27909,0.13432835820895522
27910,0.17964071856287425
27911,0.4111776447105788
27912,0.09156193895870736
27913,0.037188208616780044
27914,0.037188208616780044
27915,0.037188208616780044
27916,0.11239193083573487
27917,0.037188208616780044
27918,0.17964071856287425
27919,0.2184936614466816
27920,0.09319125880440672
27921,0.038461538461538464
27922,0.26552462526766596
27923,0.09319125880440672
27924,0.09156193895870736
27925,0.037188208616780044
27926,0.17964071856287425
27927,0.037188208616780044
27928,0.7655172413793103
27929,0.09319125880440672
27930,0.17391304347826086
27931,0.7655172413793103
27932,0.09319125880440672
27933,0.037188208616780044
27934,0.4111776447105788
27935,0.17391304347826086
27936,0.09319125880440672
27937,0.7521739130434782
27938,0.09319125880440672
27939,0.037188208616780044
27940,0.037188208616780044
27941,0.09319125880440672
27942,0.0189873417721519
27943,0.037188208616780044
27944,0.13432835820895522
27945,0.4111776447105788
27946,0.037188208616780044
27947,0.6805251641137856
27948,0.037188208616780044
27949,0.09319125880440672
27950,0.09319125880440672
27951,0.42776203966005666
27952,0.037188208616780044
27953,0.09319125880440672
27954,0.09319125880440672
27955,0.037188208616780044
27956,0.4111776447105788
27957,0.037188208616780044
27958,0.48520710059171596
27959,0.42776203966005666
27960,0.26552462526766596
27961,0.09319125880440672
27962,0.6805251641137856
27963,0.037188208616780044
27964,0.037188208616780044
27965,0.09319125880440672
27966,0.6805251641137856
27967,0.037188208616780044
27968,0.09319125880440672
27969,0.6805251641137856
27970,0.09156193895870736
27971,0.09319125880440672
27972,0.09319125880440672
27973,0.7655172413793103
27974,0.09319125880440672
27975,0.09319125880440672
27976,0.09319125880440672
27977,0.0189873417721519
27978,0.09319125880440672
27979,0.4111776447105788
27980,0.037188208616780044
27981,0.037188208616780044
27982,0.17964071856287425
27983,0.8103448275862069
27984,0.09156193895870736
27985,0.09319125880440672
27986,0.42776203966005666
27987,0.09319125880440672
27988,0.037188208616780044
27989,0.09319125880440672
27990,0.09319125880440672
27991,0.0189873417721519
27992,0.037188208616780044
27993,0.09319125880440672
27994,0.4111776447105788
27995,0.09319125880440672
27996,0.0189873417721519
27997,0.09319125880440672
27998,0.09319125880440672
27999,0.4111776447105788
28000,0.09319125880440672
28001,0.037188208616780044
28002,0.0189873417721519
28003,0.037188208616780044
28004,0.09319125880440672
28005,0.12796208530805686
28006,0.13432835820895522
28007,0.17964071856287425
28008,0.037188208616780044
28009,0.09319125880440672
28010,0.09319125880440672
28011,0.037188208616780044
28012,0.8103448275862069
28013,0.27807486631016043
28014,0.09319125880440672
28015,0.12796208530805686
28016,0.42776203966005666
28017,0.09319125880440672
28018,0.09319125880440672
28019,0.09319125880440672
28020,0.037188208616780044
28021,0.26552462526766596
28022,0.6805251641137856
28023,0.3958333333333333
28024,0.037188208616780044
28025,0.7521739130434782
28026,0.037188208616780044
28027,0.4111776447105788
28028,0.09319125880440672
28029,0.4111776447105788
28030,0.6104928457869634
28031,0.037188208616780044
28032,0.09156193895870736
28033,0.17391304347826086
28034,0.42776203966005666
28035,0.2184936614466816
28036,0.09319125880440672
28037,0.11239193083573487
28038,0.09319125880440672
28039,0.17964071856287425
28040,0.2184936614466816
28041,0.09319125880440672
28042,0.09319125880440672
28043,0.42776203966005666
28044,0.12796208530805686
28045,0.13432835820895522
28046,0.037188208616780044
28047,0.2184936614466816
28048,0.09319125880440672
28049,0.09319125880440672
28050,0.09319125880440672
28051,0.09319125880440672
28052,0.42776203966005666
28053,0.09319125880440672
28054,0.26552462526766596
28055,0.13432835820895522
28056,0.6805251641137856
28057,0.09319125880440672
28058,0.09319125880440672
28059,0.09319125880440672
28060,0.0189873417721519
28061,0.09156193895870736
28062,0.42776203966005666
28063,0.2184936614466816
28064,0.09319125880440672
28065,0.09319125880440672
28066,0.09319125880440672
28067,0.09156193895870736
28068,0.2184936614466816
28069,0.037188208616780044
28070,0.11239193083573487
28071,0.09319125880440672
28072,0.11239193083573487
28073,0.037188208616780044
28074,0.4111776447105788
28075,0.037188208616780044
28076,0.09319125880440672
28077,0.13432835820895522
28078,0.09319125880440672
28079,0.26552462526766596
28080,0.09319125880440672
28081,0.2184936614466816
28082,0.17964071856287425
28083,0.037188208616780044
28084,0.09319125880440672
28085,0.6104928457869634
28086,0.42776203966005666
28087,0.037188208616780044
28088,0.09319125880440672
28089,0.037188208616780044
28090,0.037188208616780044
28091,0.09319125880440672
28092,0.037188208616780044
28093,0.09319125880440672
28094,0.037188208616780044
28095,0.7655172413793103
28096,0.4698275862068966
28097,0.09319125880440672
28098,0.2184936614466816
28099,0.037188208616780044
28100,0.09319125880440672
28101,0.42776203966005666
28102,0.037188208616780044
28103,0.09319125880440672
28104,0.09319125880440672
28105,0.09319125880440672
28106,0.09319125880440672
28107,0.09319125880440672
28108,0.6805251641137856
28109,0.09319125880440672
28110,0.26552462526766596
28111,0.09319125880440672
28112,0.26552462526766596
28113,0.09319125880440672
28114,0.037188208616780044
28115,0.09319125880440672
28116,0.09319125880440672
28117,0.037188208616780044
28118,0.13432835820895522
28119,0.3958333333333333
28120,0.6805251641137856
28121,0.6805251641137856
28122,0.037188208616780044
28123,0.13432835820895522
28124,0.17964071856287425
28125,0.09156193895870736
28126,0.27807486631016043
28127,0.13432835820895522
28128,0.037188208616780044
28129,0.4111776447105788
28130,0.09319125880440672
28131,0.13432835820895522
28132,0.4111776447105788
28133,0.2184936614466816
28134,0.13432835820895522
28135,0.09319125880440672
28136,0.09319125880440672
28137,0.09319125880440672
28138,0.09319125880440672
28139,0.3958333333333333
28140,0.7521739130434782
28141,0.037188208616780044
28142,0.09319125880440672
28143,0.27807486631016043
28144,0.038461538461538464
28145,0.4111776447105788
28146,0.09319125880440672
28147,0.09319125880440672
28148,0.6805251641137856
28149,0.09319125880440672
28150,0.17964071856287425
28151,0.037188208616780044
28152,0.27807486631016043
28153,0.037188208616780044
28154,0.037188208616780044
28155,0.037188208616780044
28156,0.037188208616780044
28157,0.09319125880440672
28158,0.42776203966005666
28159,0.42776203966005666
28160,0.09156193895870736
28161,0.17964071856287425
28162,0.09319125880440672
28163,0.09319125880440672
28164,0.42776203966005666
28165,0.09319125880440672
28166,0.6104928457869634
28167,0.09319125880440672
28168,0.4111776447105788
28169,0.037188208616780044
28170,0.09319125880440672
28171,0.2184936614466816
28172,0.09319125880440672
28173,0.037188208616780044
28174,0.09319125880440672
28175,0.09319125880440672
28176,0.037188208616780044
28177,0.13432835820895522
28178,0.09319125880440672
28179,0.037188208616780044
28180,0.09319125880440672
28181,0.09319125880440672
28182,0.037188208616780044
28183,0.09319125880440672
28184,0.037188208616780044
28185,0.17964071856287425
28186,0.09319125880440672
28187,0.09319125880440672
28188,0.09319125880440672
28189,0.037188208616780044
28190,0.13432835820895522
28191,0.037188208616780044
28192,0.09319125880440672
28193,0.09319125880440672
28194,0.037188208616780044
28195,0.4111776447105788
28196,0.6104928457869634
28197,0.13432835820895522
28198,0.6104928457869634
28199,0.2184936614466816
28200,0.037188208616780044
28201,0.09319125880440672
28202,0.037188208616780044
28203,0.4111776447105788
28204,0.037188208616780044
28205,0.6104928457869634
28206,0.26552462526766596
28207,0.42776203966005666
28208,0.037188208616780044
28209,0.42776203966005666
28210,0.037188208616780044
28211,0.6104928457869634
28212,0.6805251641137856
28213,0.42776203966005666
28214,0.037188208616780044
28215,0.27807486631016043
28216,0.09156193895870736
28217,0.037188208616780044
28218,0.6805251641137856
28219,0.12796208530805686
28220,0.09319125880440672
28221,0.13432835820895522
28222,0.17964071856287425
28223,0.4111776447105788
28224,0.17964071856287425
28225,0.2184936614466816
28226,0.037188208616780044
28227,0.2184936614466816
28228,0.09319125880440672
28229,0.3763440860215054
28230,0.037188208616780044
28231,0.7521739130434782
28232,0.42776203966005666
28233,0.11239193083573487
28234,0.4111776447105788
28235,0.037188208616780044
28236,0.037188208616780044
28237,0.09319125880440672
28238,0.09319125880440672
28239,0.09319125880440672
28240,0.3958333333333333
28241,0.037188208616780044
28242,0.4111776447105788
28243,0.09319125880440672
28244,0.09319125880440672
28245,0.0189873417721519
28246,0.037188208616780044
28247,0.48520710059171596
28248,0.2184936614466816
28249,0.037188208616780044
28250,0.17964071856287425
28251,0.17964071856287425
28252,0.09319125880440672
28253,0.26552462526766596
28254,0.17964071856287425
28255,0.26552462526766596
28256,0.5738636363636364
28257,0.037188208616780044
28258,0.09319125880440672
28259,0.037188208616780044
28260,0.27807486631016043
28261,0.42776203966005666
28262,0.037188208616780044
28263,0.09319125880440672
28264,0.4111776447105788
28265,0.037188208616780044
28266,0.037188208616780044
28267,0.11239193083573487
28268,0.09319125880440672
28269,0.2184936614466816
28270,0.2184936614466816
28271,0.5738636363636364
28272,0.09319125880440672
28273,0.17964071856287425
28274,0.6805251641137856
28275,0.17964071856287425
28276,0.17964071856287425
28277,0.037188208616780044
28278,0.42776203966005666
28279,0.3763440860215054
28280,0.037188208616780044
28281,0.037188208616780044
28282,0.037188208616780044
28283,0.13432835820895522
28284,0.7655172413793103
28285,0.42776203966005666
28286,0.037188208616780044
28287,0.09319125880440672
28288,0.17964071856287425
28289,0.037188208616780044
28290,0.037188208616780044
28291,0.48520710059171596
28292,0.11239193083573487
28293,0.0189873417721519
28294,0.48520710059171596
28295,0.09156193895870736
28296,0.4111776447105788
28297,0.037188208616780044
28298,0.09319125880440672
28299,0.13432835820895522
28300,0.037188208616780044
28301,0.09156193895870736
28302,0.09319125880440672
28303,0.8938547486033519
28304,0.09319125880440672
28305,0.09156193895870736
28306,0.09319125880440672
28307,0.17964071856287425
28308,0.4698275862068966
28309,0.037188208616780044
28310,0.09156193895870736
28311,0.09319125880440672
28312,0.037188208616780044
28313,0.09319125880440672
28314,0.037188208616780044
28315,0.7655172413793103
28316,0.0189873417721519
28317,0.09319125880440672
28318,0.037188208616780044
28319,0.09319125880440672
28320,0.6104928457869634
28321,0.11239193083573487
28322,0.26552462526766596
28323,0.17964071856287425
28324,0.037188208616780044
28325,0.037188208616780044
28326,0.2184936614466816
28327,0.7521739130434782
28328,0.42776203966005666
28329,0.09319125880440672
28330,0.09319125880440672
28331,0.037188208616780044
28332,0.037188208616780044
28333,0.2184936614466816
28334,0.09319125880440672
28335,0.037188208616780044
28336,0.2184936614466816
28337,0.09319125880440672
28338,0.09319125880440672
28339,0.7655172413793103
28340,0.2184936614466816
28341,0.6805251641137856
28342,0.17964071856287425
28343,0.4111776447105788
28344,0.09319125880440672
28345,0.09319125880440672
28346,0.09319125880440672
28347,0.17964071856287425
28348,0.037188208616780044
28349,0.037188208616780044
28350,0.7521739130434782
28351,0.037188208616780044
28352,0.09319125880440672
28353,0.4111776447105788
28354,0.037188208616780044
28355,0.42776203966005666
28356,0.09319125880440672
28357,0.0189873417721519
28358,0.4111776447105788
28359,0.09319125880440672
28360,0.42776203966005666
28361,0.2184936614466816
28362,0.038461538461538464
28363,0.48520710059171596
28364,0.7655172413793103
28365,0.037188208616780044
28366,0.037188208616780044
28367,0.09319125880440672
28368,0.6805251641137856
28369,0.037188208616780044
28370,0.2184936614466816
28371,0.2184936614466816
28372,0.037188208616780044
28373,0.2184936614466816
28374,0.09319125880440672
28375,0.09319125880440672
28376,0.09319125880440672
28377,0.09319125880440672
28378,0.037188208616780044
28379,0.09319125880440672
28380,0.2184936614466816
28381,0.6104928457869634
28382,0.09319125880440672
28383,0.037188208616780044
28384,0.09319125880440672
28385,0.6104928457869634
28386,0.17964071856287425
28387,0.09319125880440672
28388,0.4698275862068966
28389,0.037188208616780044
28390,0.6104928457869634
28391,0.09319125880440672
28392,0.26552462526766596
28393,0.09319125880440672
28394,0.037188208616780044
28395,0.0189873417721519
28396,0.09319125880440672
28397,0.42776203966005666
28398,0.13432835820895522
28399,0.7655172413793103
28400,0.0189873417721519
28401,0.0189873417721519
28402,0.17964071856287425
28403,0.4698275862068966
28404,0.037188208616780044
28405,0.0189873417721519
28406,0.09319125880440672
28407,0.8938547486033519
28408,0.09319125880440672
28409,0.037188208616780044
28410,0.6104928457869634
28411,0.4111776447105788
28412,0.5738636363636364
28413,0.2184936614466816
28414,0.7655172413793103
28415,0.037188208616780044
28416,0.037188208616780044
28417,0.09319125880440672
28418,0.8938547486033519
28419,0.8938547486033519
28420,0.48520710059171596
28421,0.0189873417721519
28422,0.2184936614466816
28423,0.09319125880440672
28424,0.42776203966005666
28425,0.037188208616780044
28426,0.09319125880440672
28427,0.4111776447105788
28428,0.037188208616780044
28429,0.27807486631016043
28430,0.6805251641137856
28431,0.8938547486033519
28432,0.037188208616780044
28433,0.42776203966005666
28434,0.09319125880440672
28435,0.17964071856287425
28436,0.09319125880440672
28437,0.037188208616780044
28438,0.0189873417721519
28439,0.09319125880440672
28440,0.037188208616780044
28441,0.7655172413793103
28442,0.09319125880440672
28443,0.6805251641137856
28444,0.4111776447105788
28445,0.09156193895870736
28446,0.037188208616780044
28447,0.09319125880440672
28448,0.48520710059171596
28449,0.09319125880440672
28450,0.037188208616780044
28451,0.037188208616780044
28452,0.037188208616780044
28453,0.037188208616780044
28454,0.09319125880440672
28455,0.7655172413793103
28456,0.09319125880440672
28457,0.26552462526766596
28458,0.09319125880440672
28459,0.037188208616780044
28460,0.037188208616780044
28461,0.13432835820895522
28462,0.037188208616780044
28463,0.48520710059171596
28464,0.037188208616780044
28465,0.6805251641137856
28466,0.13432835820895522
28467,0.4111776447105788
28468,0.09156193895870736
28469,0.12796208530805686
28470,0.09319125880440672
28471,0.037188208616780044
28472,0.09319125880440672
28473,0.037188208616780044
28474,0.09156193895870736
28475,0.4111776447105788
28476,0.037188208616780044
28477,0.037188208616780044
28478,0.2184936614466816
28479,0.4111776447105788
28480,0.09319125880440672
28481,0.037188208616780044
28482,0.26552462526766596
28483,0.037188208616780044
28484,0.09319125880440672
28485,0.037188208616780044
28486,0.09319125880440672
28487,0.037188208616780044
28488,0.17964071856287425
28489,0.17391304347826086
28490,0.037188208616780044
28491,0.037188208616780044
28492,0.11239193083573487
28493,0.037188208616780044
28494,0.7655172413793103
28495,0.0189873417721519
28496,0.2184936614466816
28497,0.037188208616780044
28498,0.09319125880440672
28499,0.09319125880440672
28500,0.0189873417721519
28501,0.17964071856287425
28502,0.09319125880440672
28503,0.42776203966005666
28504,0.13432835820895522
28505,0.037188208616780044
28506,0.7655172413793103
28507,0.0189873417721519
28508,0.7521739130434782
28509,0.037188208616780044
28510,0.4111776447105788
28511,0.09156193895870736
28512,0.09319125880440672
28513,0.26552462526766596
28514,0.09319125880440672
28515,0.11239193083573487
28516,0.17964071856287425
28517,0.09319125880440672
28518,0.17964071856287425
28519,0.13432835820895522
28520,0.17964071856287425
28521,0.17964071856287425
28522,0.42776203966005666
28523,0.09156193895870736
28524,0.4698275862068966
28525,0.09319125880440672
28526,0.13432835820895522
28527,0.09319125880440672
28528,0.4111776447105788
28529,0.09319125880440672
28530,0.038461538461538464
28531,0.09319125880440672
28532,0.037188208616780044
28533,0.037188208616780044
28534,0.037188208616780044
28535,0.037188208616780044
28536,0.13432835820895522
28537,0.037188208616780044
28538,0.6805251641137856
28539,0.037188208616780044
28540,0.09319125880440672
28541,0.4111776447105788
28542,0.09319125880440672
28543,0.2184936614466816
28544,0.4111776447105788
28545,0.09319125880440672
28546,0.17964071856287425
28547,0.038461538461538464
28548,0.037188208616780044
28549,0.09319125880440672
28550,0.037188208616780044
28551,0.17391304347826086
28552,0.27807486631016043
28553,0.17964071856287425
28554,0.09319125880440672
28555,0.2184936614466816
28556,0.09319125880440672
28557,0.4111776447105788
28558,0.09319125880440672
28559,0.0189873417721519
28560,0.13432835820895522
28561,0.6104928457869634
28562,0.2184936614466816
28563,0.09319125880440672
28564,0.09319125880440672
28565,0.09156193895870736
28566,0.09319125880440672
28567,0.037188208616780044
28568,0.17964071856287425
28569,0.4111776447105788
28570,0.037188208616780044
28571,0.037188208616780044
28572,0.037188208616780044
28573,0.6805251641137856
28574,0.2184936614466816
28575,0.4111776447105788
28576,0.2184936614466816
28577,0.037188208616780044
28578,0.037188208616780044
28579,0.09319125880440672
28580,0.2184936614466816
28581,0.037188208616780044
28582,0.12796208530805686
28583,0.09319125880440672
28584,0.09319125880440672
28585,0.09156193895870736
28586,0.037188208616780044
28587,0.26552462526766596
28588,0.09319125880440672
28589,0.7655172413793103
28590,0.037188208616780044
28591,0.6104928457869634
28592,0.8938547486033519
28593,0.17964071856287425
28594,0.09319125880440672
28595,0.09319125880440672
28596,0.037188208616780044
28597,0.09319125880440672
28598,0.09319125880440672
28599,0.09319125880440672
28600,0.037188208616780044
28601,0.17964071856287425
28602,0.42776203966005666
28603,0.17964071856287425
28604,0.4
28605,0.037188208616780044
28606,0.09319125880440672
28607,0.11239193083573487
28608,0.09319125880440672
28609,0.4111776447105788
28610,0.42776203966005666
28611,0.17391304347826086
28612,0.09319125880440672
28613,0.13432835820895522
28614,0.09319125880440672
28615,0.09319125880440672
28616,0.09319125880440672
28617,0.037188208616780044
28618,0.17964071856287425
28619,0.4111776447105788
28620,0.4111776447105788
28621,0.037188208616780044
28622,0.5738636363636364
28623,0.17964071856287425
28624,0.037188208616780044
28625,0.42776203966005666
28626,0.09319125880440672
28627,0.42776203966005666
28628,0.17964071856287425
28629,0.037188208616780044
28630,0.7655172413793103
28631,0.12796208530805686
28632,0.09319125880440672
28633,0.42776203966005666
28634,0.4111776447105788
28635,0.4111776447105788
28636,0.09319125880440672
28637,0.6104928457869634
28638,0.09156193895870736
28639,0.09319125880440672
28640,0.0189873417721519
28641,0.09319125880440672
28642,0.17964071856287425
28643,0.037188208616780044
28644,0.12796208530805686
28645,0.09319125880440672
28646,0.27807486631016043
28647,0.037188208616780044
28648,0.09319125880440672
28649,0.6104928457869634
28650,0.12796208530805686
28651,0.6805251641137856
28652,0.09319125880440672
28653,0.09319125880440672
28654,0.09319125880440672
28655,0.12796208530805686
28656,0.6805251641137856
28657,0.037188208616780044
28658,0.7655172413793103
28659,0.037188208616780044
28660,0.6104928457869634
28661,0.4111776447105788
28662,0.09319125880440672
28663,0.2184936614466816
28664,0.09319125880440672
28665,0.2184936614466816
28666,0.09319125880440672
28667,0.17964071856287425
28668,0.09319125880440672
28669,0.4111776447105788
28670,0.17964071856287425
28671,0.11239193083573487
28672,0.037188208616780044
28673,0.09156193895870736
28674,0.13432835820895522
28675,0.6805251641137856
28676,0.09319125880440672
28677,0.09319125880440672
28678,0.037188208616780044
28679,0.4111776447105788
28680,0.09319125880440672
28681,0.2184936614466816
28682,0.6104928457869634
28683,0.09319125880440672
28684,0.037188208616780044
28685,0.037188208616780044
28686,0.09156193895870736
28687,0.037188208616780044
28688,0.4111776447105788
28689,0.26552462526766596
28690,0.09319125880440672
28691,0.4111776447105788
28692,0.038461538461538464
28693,0.037188208616780044
28694,0.2184936614466816
28695,0.2184936614466816
28696,0.0189873417721519
28697,0.13432835820895522
28698,0.7655172413793103
28699,0.09319125880440672
28700,0.2184936614466816
28701,0.2184936614466816
28702,0.09319125880440672
28703,0.17964071856287425
28704,0.13432835820895522
28705,0.09319125880440672
28706,0.13432835820895522
28707,0.037188208616780044
28708,0.2184936614466816
28709,0.037188208616780044
28710,0.7655172413793103
28711,0.4111776447105788
28712,0.13432835820895522
28713,0.2184936614466816
28714,0.7521739130434782
28715,0.4698275862068966
28716,0.037188208616780044
28717,0.09319125880440672
28718,0.037188208616780044
28719,0.09319125880440672
28720,0.09319125880440672
28721,0.037188208616780044
28722,0.13432835820895522
28723,0.037188208616780044
28724,0.037188208616780044
28725,0.26552462526766596
28726,0.09319125880440672
28727,0.11239193083573487
28728,0.17964071856287425
28729,0.26552462526766596
28730,0.4787234042553192
28731,0.09319125880440672
28732,0.09319125880440672
28733,0.17964071856287425
28734,0.13432835820895522
28735,0.09319125880440672
28736,0.17964071856287425
28737,0.2184936614466816
28738,0.037188208616780044
28739,0.4111776447105788
28740,0.09319125880440672
28741,0.037188208616780044
28742,0.09319125880440672
28743,0.09319125880440672
28744,0.037188208616780044
28745,0.09319125880440672
28746,0.17964071856287425
28747,0.09319125880440672
28748,0.7655172413793103
28749,0.037188208616780044
28750,0.13432835820895522
28751,0.09319125880440672
28752,0.27807486631016043
28753,0.27807486631016043
28754,0.6805251641137856
28755,0.09319125880440672
28756,0.09319125880440672
28757,0.09319125880440672
28758,0.037188208616780044
28759,0.09319125880440672
28760,0.037188208616780044
28761,0.17964071856287425
28762,0.17964071856287425
28763,0.09319125880440672
28764,0.3958333333333333
28765,0.09319125880440672
28766,0.2184936614466816
28767,0.0189873417721519
28768,0.037188208616780044
28769,0.17964071856287425
28770,0.17964071856287425
28771,0.2184936614466816
28772,0.037188208616780044
28773,0.09319125880440672
28774,0.6104928457869634
28775,0.037188208616780044
28776,0.09319125880440672
28777,0.037188208616780044
28778,0.11239193083573487
28779,0.6805251641137856
28780,0.037188208616780044
28781,0.2184936614466816
28782,0.09319125880440672
28783,0.0189873417721519
28784,0.09156193895870736
28785,0.13432835820895522
28786,0.037188208616780044
28787,0.2184936614466816
28788,0.037188208616780044
28789,0.4797297297297297
28790,0.26552462526766596
28791,0.7655172413793103
28792,0.4698275862068966
28793,0.4111776447105788
28794,0.037188208616780044
28795,0.2184936614466816
28796,0.037188208616780044
28797,0.6805251641137856
28798,0.09319125880440672
28799,0.09319125880440672
28800,0.13432835820895522
28801,0.12796208530805686
28802,0.17391304347826086
28803,0.09319125880440672
28804,0.09319125880440672
28805,0.0189873417721519
28806,0.6805251641137856
28807,0.17964071856287425
28808,0.037188208616780044
28809,0.0189873417721519
28810,0.09319125880440672
28811,0.09319125880440672
28812,0.09319125880440672
28813,0.09319125880440672
28814,0.17964071856287425
28815,0.2184936614466816
28816,0.09319125880440672
28817,0.0189873417721519
28818,0.09319125880440672
28819,0.09319125880440672
28820,0.037188208616780044
28821,0.09319125880440672
28822,0.09319125880440672
28823,0.09319125880440672
28824,0.4797297297297297
28825,0.09319125880440672
28826,0.09319125880440672
28827,0.6104928457869634
28828,0.2184936614466816
28829,0.13432835820895522
28830,0.09319125880440672
28831,0.09319125880440672
28832,0.09319125880440672
28833,0.09319125880440672
28834,0.42776203966005666
28835,0.12796208530805686
28836,0.037188208616780044
28837,0.7655172413793103
28838,0.26552462526766596
28839,0.42776203966005666
28840,0.09319125880440672
28841,0.09319125880440672
28842,0.26552462526766596
28843,0.2184936614466816
28844,0.037188208616780044
28845,0.09319125880440672
28846,0.42776203966005666
28847,0.037188208616780044
28848,0.2184936614466816
28849,0.17391304347826086
28850,0.09319125880440672
28851,0.037188208616780044
28852,0.4111776447105788
28853,0.037188208616780044
28854,0.09319125880440672
28855,0.17964071856287425
28856,0.037188208616780044
28857,0.037188208616780044
28858,0.09156193895870736
28859,0.09319125880440672
28860,0.11239193083573487
28861,0.6805251641137856
28862,0.4111776447105788
28863,0.09319125880440672
28864,0.6104928457869634
28865,0.09319125880440672
28866,0.42776203966005666
28867,0.09156193895870736
28868,0.09319125880440672
28869,0.09319125880440672
28870,0.09319125880440672
28871,0.09156193895870736
28872,0.037188208616780044
28873,0.037188208616780044
28874,0.09319125880440672
28875,0.09319125880440672
28876,0.17964071856287425
28877,0.0189873417721519
28878,0.037188208616780044
28879,0.11239193083573487
28880,0.4787234042553192
28881,0.2184936614466816
28882,0.4698275862068966
28883,0.48520710059171596
28884,0.42776203966005666
28885,0.0189873417721519
28886,0.09319125880440672
28887,0.037188208616780044
28888,0.037188208616780044
28889,0.037188208616780044
28890,0.09319125880440672
28891,0.037188208616780044
28892,0.13432835820895522
28893,0.09156193895870736
28894,0.09319125880440672
28895,0.09319125880440672
28896,0.12796208530805686
28897,0.6104928457869634
28898,0.037188208616780044
28899,0.2184936614466816
28900,0.4111776447105788
28901,0.037188208616780044
28902,0.17964071856287425
28903,0.09156193895870736
28904,0.09319125880440672
28905,0.09319125880440672
28906,0.037188208616780044
28907,0.037188208616780044
28908,0.6104928457869634
28909,0.6104928457869634
28910,0.037188208616780044
28911,0.13432835820895522
28912,0.037188208616780044
28913,0.17964071856287425
28914,0.17964071856287425
28915,0.09319125880440672
28916,0.038461538461538464
28917,0.09319125880440672
28918,0.7655172413793103
28919,0.2184936614466816
28920,0.4
28921,0.09156193895870736
28922,0.17964071856287425
28923,0.4698275862068966
28924,0.0189873417721519
28925,0.42776203966005666
28926,0.12796208530805686
28927,0.09156193895870736
28928,0.6104928457869634
28929,0.037188208616780044
28930,0.037188208616780044
28931,0.13432835820895522
28932,0.7655172413793103
28933,0.037188208616780044
28934,0.42776203966005666
28935,0.4111776447105788
28936,0.037188208616780044
28937,0.17391304347826086
28938,0.037188208616780044
28939,0.13432835820895522
28940,0.27807486631016043
28941,0.4111776447105788
28942,0.13432835820895522
28943,0.42776203966005666
28944,0.0189873417721519
28945,0.037188208616780044
28946,0.17964071856287425
28947,0.09319125880440672
28948,0.2184936614466816
28949,0.13432835820895522
28950,0.09319125880440672
28951,0.17964071856287425
28952,0.037188208616780044
28953,0.09319125880440672
28954,0.17964071856287425
28955,0.09319125880440672
28956,0.17964071856287425
28957,0.09319125880440672
28958,0.09319125880440672
28959,0.17391304347826086
28960,0.17964071856287425
28961,0.17964071856287425
28962,0.17964071856287425
28963,0.0189873417721519
28964,0.037188208616780044
28965,0.6805251641137856
28966,0.09319125880440672
28967,0.6805251641137856
28968,0.26552462526766596
28969,0.09319125880440672
28970,0.11239193083573487
28971,0.2184936614466816
28972,0.037188208616780044
28973,0.09319125880440672
28974,0.037188208616780044
28975,0.037188208616780044
28976,0.09156193895870736
28977,0.2184936614466816
28978,0.037188208616780044
28979,0.26552462526766596
28980,0.09319125880440672
28981,0.6104928457869634
28982,0.2184936614466816
28983,0.037188208616780044
28984,0.3763440860215054
28985,0.17964071856287425
28986,0.42776203966005666
28987,0.0189873417721519
28988,0.48520710059171596
28989,0.17964071856287425
28990,0.2184936614466816
28991,0.4111776447105788
28992,0.09319125880440672
28993,0.09156193895870736
28994,0.09319125880440672
28995,0.17964071856287425
28996,0.27807486631016043
28997,0.09319125880440672
28998,0.4797297297297297
28999,0.2184936614466816
29000,0.7655172413793103
29001,0.037188208616780044
29002,0.09319125880440672
29003,0.8103448275862069
29004,0.42776203966005666
29005,0.17964071856287425
29006,0.09319125880440672
29007,0.17964071856287425
29008,0.12796208530805686
29009,0.09319125880440672
29010,0.13432835820895522
29011,0.13432835820895522
29012,0.4797297297297297
29013,0.037188208616780044
29014,0.17391304347826086
29015,0.09319125880440672
29016,0.13432835820895522
29017,0.09319125880440672
29018,0.0189873417721519
29019,0.09319125880440672
29020,0.4111776447105788
29021,0.4111776447105788
29022,0.4111776447105788
29023,0.7655172413793103
29024,0.4111776447105788
29025,0.037188208616780044
29026,0.4787234042553192
29027,0.6104928457869634
29028,0.038461538461538464
29029,0.0189873417721519
29030,0.09319125880440672
29031,0.037188208616780044
29032,0.8103448275862069
29033,0.13432835820895522
29034,0.5738636363636364
29035,0.09319125880440672
29036,0.037188208616780044
29037,0.09319125880440672
29038,0.037188208616780044
29039,0.26552462526766596
29040,0.037188208616780044
29041,0.42776203966005666
29042,0.2184936614466816
29043,0.09319125880440672
29044,0.3763440860215054
29045,0.17964071856287425
29046,0.037188208616780044
29047,0.09319125880440672
29048,0.4787234042553192
29049,0.5738636363636364
29050,0.037188208616780044
29051,0.17391304347826086
29052,0.09319125880440672
29053,0.09319125880440672
29054,0.037188208616780044
29055,0.11239193083573487
29056,0.09319125880440672
29057,0.038461538461538464
29058,0.037188208616780044
29059,0.0189873417721519
29060,0.2184936614466816
29061,0.09319125880440672
29062,0.17964071856287425
29063,0.6104928457869634
29064,0.8103448275862069
29065,0.26552462526766596
29066,0.09319125880440672
29067,0.7655172413793103
29068,0.037188208616780044
29069,0.09319125880440672
29070,0.0189873417721519
29071,0.3763440860215054
29072,0.09319125880440672
29073,0.2184936614466816
29074,0.48520710059171596
29075,0.09156193895870736
29076,0.6805251641137856
29077,0.09319125880440672
29078,0.09319125880440672
29079,0.8938547486033519
29080,0.037188208616780044
29081,0.2184936614466816
29082,0.037188208616780044
29083,0.09319125880440672
29084,0.27807486631016043
29085,0.17964071856287425
29086,0.7655172413793103
29087,0.17391304347826086
29088,0.09319125880440672
29089,0.037188208616780044
29090,0.037188208616780044
29091,0.26552462526766596
29092,0.27807486631016043
29093,0.7521739130434782
29094,0.037188208616780044
29095,0.09319125880440672
29096,0.2184936614466816
29097,0.037188208616780044
29098,0.6805251641137856
29099,0.8103448275862069
29100,0.4111776447105788
29101,0.26552462526766596
29102,0.2184936614466816
29103,0.4111776447105788
29104,0.09319125880440672
29105,0.42776203966005666
29106,0.09319125880440672
29107,0.09319125880440672
29108,0.4698275862068966
29109,0.09319125880440672
29110,0.09319125880440672
29111,0.6104928457869634
29112,0.4111776447105788
29113,0.17964071856287425
29114,0.09319125880440672
29115,0.037188208616780044
29116,0.17964071856287425
29117,0.42776203966005666
29118,0.42776203966005666
29119,0.7655172413793103
29120,0.09319125880440672
29121,0.037188208616780044
29122,0.3958333333333333
29123,0.0189873417721519
29124,0.09319125880440672
29125,0.0189873417721519
29126,0.5738636363636364
29127,0.4111776447105788
29128,0.09319125880440672
29129,0.037188208616780044
29130,0.09156193895870736
29131,0.037188208616780044
29132,0.7655172413793103
29133,0.09319125880440672
29134,0.09319125880440672
29135,0.2184936614466816
29136,0.13432835820895522
29137,0.09319125880440672
29138,0.09319125880440672
29139,0.037188208616780044
29140,0.09319125880440672
29141,0.17391304347826086
29142,0.3958333333333333
29143,0.09319125880440672
29144,0.7655172413793103
29145,0.6104928457869634
29146,0.09319125880440672
29147,0.09319125880440672
29148,0.09156193895870736
29149,0.09319125880440672
29150,0.037188208616780044
29151,0.09319125880440672
29152,0.4111776447105788
29153,0.037188208616780044
29154,0.17964071856287425
29155,0.2184936614466816
29156,0.09319125880440672
29157,0.0189873417721519
29158,0.09319125880440672
29159,0.26552462526766596
29160,0.037188208616780044
29161,0.4797297297297297
29162,0.09319125880440672
29163,0.09319125880440672
29164,0.037188208616780044
29165,0.6805251641137856
29166,0.09319125880440672
29167,0.13432835820895522
29168,0.2184936614466816
29169,0.7655172413793103
29170,0.09319125880440672
29171,0.09319125880440672
29172,0.09319125880440672
29173,0.0189873417721519
29174,0.17391304347826086
29175,0.26552462526766596
29176,0.2184936614466816
29177,0.4111776447105788
29178,0.17964071856287425
29179,0.037188208616780044
29180,0.0189873417721519
29181,0.2184936614466816
29182,0.037188208616780044
29183,0.42776203966005666
29184,0.09319125880440672
29185,0.3763440860215054
29186,0.09319125880440672
29187,0.09319125880440672
29188,0.09319125880440672
29189,0.037188208616780044
29190,0.17964071856287425
29191,0.11239193083573487
29192,0.17964071856287425
29193,0.17964071856287425
29194,0.037188208616780044
29195,0.09319125880440672
29196,0.09156193895870736
29197,0.09156193895870736
29198,0.17391304347826086
29199,0.037188208616780044
29200,0.48520710059171596
29201,0.2184936614466816
29202,0.6805251641137856
29203,0.037188208616780044
29204,0.037188208616780044
29205,0.037188208616780044
29206,0.2184936614466816
29207,0.2184936614466816
29208,0.17964071856287425
29209,0.09319125880440672
29210,0.037188208616780044
29211,0.4698275862068966
29212,0.037188208616780044
29213,0.037188208616780044
29214,0.17964071856287425
29215,0.09156193895870736
29216,0.7655172413793103
29217,0.2184936614466816
29218,0.7655172413793103
29219,0.037188208616780044
29220,0.09319125880440672
29221,0.7521739130434782
29222,0.037188208616780044
29223,0.09319125880440672
29224,0.8938547486033519
29225,0.037188208616780044
29226,0.17964071856287425
29227,0.2184936614466816
29228,0.4698275862068966
29229,0.09319125880440672
29230,0.4
29231,0.037188208616780044
29232,0.09319125880440672
29233,0.037188208616780044
29234,0.037188208616780044
29235,0.26552462526766596
29236,0.7655172413793103
29237,0.09319125880440672
29238,0.7655172413793103
29239,0.13432835820895522
29240,0.17964071856287425
29241,0.09319125880440672
29242,0.17964071856287425
29243,0.09319125880440672
29244,0.7655172413793103
29245,0.13432835820895522
29246,0.037188208616780044
29247,0.2184936614466816
29248,0.17964071856287425
29249,0.6805251641137856
29250,0.09156193895870736
29251,0.13432835820895522
29252,0.6805251641137856
29253,0.11239193083573487
29254,0.4698275862068966
29255,0.09319125880440672
29256,0.09319125880440672
29257,0.09319125880440672
29258,0.037188208616780044
29259,0.09319125880440672
29260,0.7655172413793103
29261,0.037188208616780044
29262,0.27807486631016043
29263,0.09319125880440672
29264,0.48520710059171596
29265,0.11239193083573487
29266,0.037188208616780044
29267,0.4111776447105788
29268,0.6104928457869634
29269,0.09319125880440672
29270,0.09319125880440672
29271,0.09319125880440672
29272,0.2184936614466816
29273,0.09156193895870736
29274,0.09319125880440672
29275,0.09319125880440672
29276,0.09319125880440672
29277,0.4111776447105788
29278,0.037188208616780044
29279,0.09319125880440672
29280,0.2184936614466816
29281,0.037188208616780044
29282,0.17964071856287425
29283,0.17964071856287425
29284,0.037188208616780044
29285,0.09319125880440672
29286,0.09319125880440672
29287,0.09319125880440672
29288,0.17964071856287425
29289,0.6805251641137856
29290,0.037188208616780044
29291,0.09319125880440672
29292,0.6805251641137856
29293,0.037188208616780044
29294,0.17964071856287425
29295,0.6104928457869634
29296,0.2184936614466816
29297,0.17964071856287425
29298,0.11239193083573487
29299,0.17964071856287425
29300,0.037188208616780044
29301,0.037188208616780044
29302,0.4111776447105788
29303,0.3763440860215054
29304,0.09319125880440672
29305,0.2184936614466816
29306,0.17964071856287425
29307,0.17964071856287425
29308,0.6805251641137856
29309,0.42776203966005666
29310,0.09319125880440672
29311,0.037188208616780044
29312,0.09319125880440672
29313,0.6104928457869634
29314,0.037188208616780044
29315,0.037188208616780044
29316,0.09319125880440672
29317,0.037188208616780044
29318,0.4111776447105788
29319,0.037188208616780044
29320,0.09156193895870736
29321,0.09319125880440672
29322,0.11239193083573487
29323,0.037188208616780044
29324,0.6104928457869634
29325,0.8938547486033519
29326,0.2184936614466816
29327,0.2184936614466816
29328,0.17964071856287425
29329,0.17964071856287425
29330,0.09319125880440672
29331,0.037188208616780044
29332,0.037188208616780044
29333,0.037188208616780044
29334,0.27807486631016043
29335,0.037188208616780044
29336,0.09319125880440672
29337,0.09319125880440672
29338,0.037188208616780044
29339,0.037188208616780044
29340,0.09319125880440672
29341,0.09319125880440672
29342,0.09319125880440672
29343,0.17964071856287425
29344,0.037188208616780044
29345,0.2184936614466816
29346,0.037188208616780044
29347,0.4111776447105788
29348,0.6805251641137856
29349,0.0189873417721519
29350,0.0189873417721519
29351,0.17964071856287425
29352,0.17964071856287425
29353,0.09319125880440672
29354,0.09319125880440672
29355,0.037188208616780044
29356,0.037188208616780044
29357,0.7521739130434782
29358,0.6104928457869634
29359,0.09319125880440672
29360,0.037188208616780044
29361,0.09319125880440672
29362,0.09319125880440672
29363,0.09319125880440672
29364,0.17964071856287425
29365,0.4
29366,0.037188208616780044
29367,0.037188208616780044
29368,0.037188208616780044
29369,0.09319125880440672
29370,0.17964071856287425
29371,0.6104928457869634
29372,0.13432835820895522
29373,0.17391304347826086
29374,0.17964071856287425
29375,0.6104928457869634
29376,0.09319125880440672
29377,0.09319125880440672
29378,0.26552462526766596
29379,0.26552462526766596
29380,0.037188208616780044
29381,0.26552462526766596
29382,0.3763440860215054
29383,0.7655172413793103
29384,0.6805251641137856
29385,0.6104928457869634
29386,0.09319125880440672
29387,0.038461538461538464
29388,0.0189873417721519
29389,0.037188208616780044
29390,0.037188208616780044
29391,0.09156193895870736
29392,0.4797297297297297
29393,0.8938547486033519
29394,0.037188208616780044
29395,0.09319125880440672
29396,0.09319125880440672
29397,0.17964071856287425
29398,0.037188208616780044
29399,0.09319125880440672
29400,0.09319125880440672
29401,0.4111776447105788
29402,0.2184936614466816
29403,0.27807486631016043
29404,0.17964071856287425
29405,0.09319125880440672
29406,0.037188208616780044
29407,0.7521739130434782
29408,0.037188208616780044
29409,0.7655172413793103
29410,0.09319125880440672
29411,0.7655172413793103
29412,0.2184936614466816
29413,0.037188208616780044
29414,0.038461538461538464
29415,0.7521739130434782
29416,0.2184936614466816
29417,0.038461538461538464
29418,0.8103448275862069
29419,0.7655172413793103
29420,0.0189873417721519
29421,0.8461538461538461
29422,0.13432835820895522
29423,0.42776203966005666
29424,0.7655172413793103
29425,0.26552462526766596
29426,0.8938547486033519
29427,0.24324324324324326
29428,0.09319125880440672
29429,0.037188208616780044
29430,0.037188208616780044
29431,0.09319125880440672
29432,0.2184936614466816
29433,0.42776203966005666
29434,0.2184936614466816
29435,0.037188208616780044
29436,0.09319125880440672
29437,0.7521739130434782
29438,0.17964071856287425
29439,0.13432835820895522
29440,0.09319125880440672
29441,0.09319125880440672
29442,0.8938547486033519
29443,0.09319125880440672
29444,0.7655172413793103
29445,0.09319125880440672
29446,0.26552462526766596
29447,0.2184936614466816
29448,0.037188208616780044
29449,0.09319125880440672
29450,0.037188208616780044
29451,0.4111776447105788
29452,0.2184936614466816
29453,0.037188208616780044
29454,0.09319125880440672
29455,0.09319125880440672
29456,0.4797297297297297
29457,0.09319125880440672
29458,0.09319125880440672
29459,0.09319125880440672
29460,0.6805251641137856
29461,0.037188208616780044
29462,0.0189873417721519
29463,0.6805251641137856
29464,0.42776203966005666
29465,0.0189873417721519
29466,0.037188208616780044
29467,0.17964071856287425
29468,0.09319125880440672
29469,0.2184936614466816
29470,0.037188208616780044
29471,0.6805251641137856
29472,0.0189873417721519
29473,0.037188208616780044
29474,0.13432835820895522
29475,0.6104928457869634
29476,0.037188208616780044
29477,0.037188208616780044
29478,0.09319125880440672
29479,0.09319125880440672
29480,0.17964071856287425
29481,0.09319125880440672
29482,0.26552462526766596
29483,0.037188208616780044
29484,0.5738636363636364
29485,0.17964071856287425
29486,0.6805251641137856
29487,0.09156193895870736
29488,0.42776203966005666
29489,0.037188208616780044
29490,0.09319125880440672
29491,0.4111776447105788
29492,0.7655172413793103
29493,0.037188208616780044
29494,0.09319125880440672
29495,0.7521739130434782
29496,0.12796208530805686
29497,0.037188208616780044
29498,0.8938547486033519
29499,0.037188208616780044
29500,0.4698275862068966
29501,0.037188208616780044
29502,0.42776203966005666
29503,0.09156193895870736
29504,0.7655172413793103
29505,0.09319125880440672
29506,0.037188208616780044
29507,0.037188208616780044
29508,0.17391304347826086
29509,0.037188208616780044
29510,0.2184936614466816
29511,0.26552462526766596
29512,0.17964071856287425
29513,0.2184936614466816
29514,0.2184936614466816
29515,0.09319125880440672
29516,0.17964071856287425
29517,0.13432835820895522
29518,0.037188208616780044
29519,0.09156193895870736
29520,0.037188208616780044
29521,0.037188208616780044
29522,0.037188208616780044
29523,0.09319125880440672
29524,0.09319125880440672
29525,0.09319125880440672
29526,0.09319125880440672
29527,0.2184936614466816
29528,0.8461538461538461
29529,0.7655172413793103
29530,0.42776203966005666
29531,0.037188208616780044
29532,0.09319125880440672
29533,0.037188208616780044
29534,0.09156193895870736
29535,0.09319125880440672
29536,0.037188208616780044
29537,0.42776203966005666
29538,0.2184936614466816
29539,0.0189873417721519
29540,0.09319125880440672
29541,0.2184936614466816
29542,0.09319125880440672
29543,0.09156193895870736
29544,0.6104928457869634
29545,0.17964071856287425
29546,0.4111776447105788
29547,0.13432835820895522
29548,0.037188208616780044
29549,0.037188208616780044
29550,0.037188208616780044
29551,0.09319125880440672
29552,0.42776203966005666
29553,0.4111776447105788
29554,0.17964071856287425
29555,0.26552462526766596
29556,0.26552462526766596
29557,0.2184936614466816
29558,0.17964071856287425
29559,0.2184936614466816
29560,0.4111776447105788
29561,0.037188208616780044
29562,0.42776203966005666
29563,0.2184936614466816
29564,0.42776203966005666
29565,0.09319125880440672
29566,0.17964071856287425
29567,0.09319125880440672
29568,0.038461538461538464
29569,0.09156193895870736
29570,0.037188208616780044
29571,0.17964071856287425
29572,0.5738636363636364
29573,0.7521739130434782
29574,0.6104928457869634
29575,0.09319125880440672
29576,0.2184936614466816
29577,0.24324324324324326
29578,0.09319125880440672
29579,0.09319125880440672
29580,0.037188208616780044
29581,0.8938547486033519
29582,0.26552462526766596
29583,0.7655172413793103
29584,0.09319125880440672
29585,0.17964071856287425
29586,0.7521739130434782
29587,0.09319125880440672
29588,0.09319125880440672
29589,0.037188208616780044
29590,0.038461538461538464
29591,0.09319125880440672
29592,0.4111776447105788
29593,0.2184936614466816
29594,0.037188208616780044
29595,0.42776203966005666
29596,0.2184936614466816
29597,0.09156193895870736
29598,0.037188208616780044
29599,0.037188208616780044
29600,0.037188208616780044
29601,0.3763440860215054
29602,0.2184936614466816
29603,0.4111776447105788
29604,0.037188208616780044
29605,0.13432835820895522
29606,0.09319125880440672
29607,0.037188208616780044
29608,0.2184936614466816
29609,0.037188208616780044
29610,0.12796208530805686
29611,0.09156193895870736
29612,0.0189873417721519
29613,0.5738636363636364
29614,0.0189873417721519
29615,0.4698275862068966
29616,0.09319125880440672
29617,0.6805251641137856
29618,0.037188208616780044
29619,0.42776203966005666
29620,0.4797297297297297
29621,0.09319125880440672
29622,0.09319125880440672
29623,0.6805251641137856
29624,0.0189873417721519
29625,0.7521739130434782
29626,0.037188208616780044
29627,0.037188208616780044
29628,0.2184936614466816
29629,0.09319125880440672
29630,0.037188208616780044
29631,0.2184936614466816
29632,0.42776203966005666
29633,0.09319125880440672
29634,0.8938547486033519
29635,0.037188208616780044
29636,0.0189873417721519
29637,0.4111776447105788
29638,0.2184936614466816
29639,0.26552462526766596
29640,0.037188208616780044
29641,0.17391304347826086
29642,0.4111776447105788
29643,0.09319125880440672
29644,0.4111776447105788
29645,0.48520710059171596
29646,0.26552462526766596
29647,0.7655172413793103
29648,0.26552462526766596
29649,0.09156193895870736
29650,0.2184936614466816
29651,0.09319125880440672
29652,0.09319125880440672
29653,0.037188208616780044
29654,0.037188208616780044
29655,0.09319125880440672
29656,0.09319125880440672
29657,0.09319125880440672
29658,0.0189873417721519
29659,0.037188208616780044
29660,0.09319125880440672
29661,0.09319125880440672
29662,0.6805251641137856
29663,0.4111776447105788
29664,0.037188208616780044
29665,0.09156193895870736
29666,0.037188208616780044
29667,0.037188208616780044
29668,0.17964071856287425
29669,0.037188208616780044
29670,0.09319125880440672
29671,0.09319125880440672
29672,0.037188208616780044
29673,0.09319125880440672
29674,0.42776203966005666
29675,0.4111776447105788
29676,0.09319125880440672
29677,0.4111776447105788
29678,0.09319125880440672
29679,0.037188208616780044
29680,0.6104928457869634
29681,0.037188208616780044
29682,0.27807486631016043
29683,0.09319125880440672
29684,0.2184936614466816
29685,0.5738636363636364
29686,0.09319125880440672
29687,0.42776203966005666
29688,0.26552462526766596
29689,0.037188208616780044
29690,0.4797297297297297
29691,0.7655172413793103
29692,0.09319125880440672
29693,0.09319125880440672
29694,0.037188208616780044
29695,0.4
29696,0.037188208616780044
29697,0.0189873417721519
29698,0.09319125880440672
29699,0.09319125880440672
29700,0.27807486631016043
29701,0.26552462526766596
29702,0.037188208616780044
29703,0.09319125880440672
29704,0.0189873417721519
29705,0.09319125880440672
29706,0.037188208616780044
29707,0.2184936614466816
29708,0.3958333333333333
29709,0.17964071856287425
29710,0.09319125880440672
29711,0.09319125880440672
29712,0.037188208616780044
29713,0.4111776447105788
29714,0.17964071856287425
29715,0.09319125880440672
29716,0.17964071856287425
29717,0.037188208616780044
29718,0.09319125880440672
29719,0.6104928457869634
29720,0.7655172413793103
29721,0.09319125880440672
29722,0.17964071856287425
29723,0.037188208616780044
29724,0.12796208530805686
29725,0.2184936614466816
29726,0.09319125880440672
29727,0.6104928457869634
29728,0.037188208616780044
29729,0.037188208616780044
29730,0.09319125880440672
29731,0.037188208616780044
29732,0.037188208616780044
29733,0.17964071856287425
29734,0.09319125880440672
29735,0.17964071856287425
29736,0.09319125880440672
29737,0.0189873417721519
29738,0.0189873417721519
29739,0.037188208616780044
29740,0.09319125880440672
29741,0.4787234042553192
29742,0.037188208616780044
29743,0.09319125880440672
29744,0.0189873417721519
29745,0.09319125880440672
29746,0.037188208616780044
29747,0.09319125880440672
29748,0.037188208616780044
29749,0.037188208616780044
29750,0.037188208616780044
29751,0.09319125880440672
29752,0.4111776447105788
29753,0.11239193083573487
29754,0.037188208616780044
29755,0.09319125880440672
29756,0.7655172413793103
29757,0.4698275862068966
29758,0.037188208616780044
29759,0.09319125880440672
29760,0.09319125880440672
29761,0.4111776447105788
29762,0.13432835820895522
29763,0.12796208530805686
29764,0.6104928457869634
29765,0.09319125880440672
29766,0.037188208616780044
29767,0.09319125880440672
29768,0.2184936614466816
29769,0.4111776447105788
29770,0.17964071856287425
29771,0.6805251641137856
29772,0.09319125880440672
29773,0.038461538461538464
29774,0.09319125880440672
29775,0.42776203966005666
29776,0.2184936614466816
29777,0.09156193895870736
29778,0.4111776447105788
29779,0.09319125880440672
29780,0.2184936614466816
29781,0.12796208530805686
29782,0.09319125880440672
29783,0.42776203966005666
29784,0.037188208616780044
29785,0.4111776447105788
29786,0.09319125880440672
29787,0.0189873417721519
29788,0.7655172413793103
29789,0.6805251641137856
29790,0.037188208616780044
29791,0.09319125880440672
29792,0.8938547486033519
29793,0.09319125880440672
29794,0.09319125880440672
29795,0.037188208616780044
29796,0.037188208616780044
29797,0.6805251641137856
29798,0.17964071856287425
29799,0.09319125880440672
29800,0.09319125880440672
29801,0.7521739130434782
29802,0.09319125880440672
29803,0.17964071856287425
29804,0.4111776447105788
29805,0.17964071856287425
29806,0.037188208616780044
29807,0.7655172413793103
29808,0.037188208616780044
29809,0.0189873417721519
29810,0.17964071856287425
29811,0.09319125880440672
29812,0.4111776447105788
29813,0.2184936614466816
29814,0.4787234042553192
29815,0.13432835820895522
29816,0.09319125880440672
29817,0.17964071856287425
29818,0.2184936614466816
29819,0.17964071856287425
29820,0.037188208616780044
29821,0.2184936614466816
29822,0.09156193895870736
29823,0.2184936614466816
29824,0.11239193083573487
29825,0.11239193083573487
29826,0.2184936614466816
29827,0.09319125880440672
29828,0.6104928457869634
29829,0.037188208616780044
29830,0.09319125880440672
29831,0.09319125880440672
29832,0.4111776447105788
29833,0.48520710059171596
29834,0.037188208616780044
29835,0.6104928457869634
29836,0.17964071856287425
29837,0.13432835820895522
29838,0.09319125880440672
29839,0.2184936614466816
29840,0.2184936614466816
29841,0.4111776447105788
29842,0.037188208616780044
29843,0.4111776447105788
29844,0.13432835820895522
29845,0.27807486631016043
29846,0.037188208616780044
29847,0.0189873417721519
29848,0.09319125880440672
29849,0.09319125880440672
29850,0.7655172413793103
29851,0.09319125880440672
29852,0.17964071856287425
29853,0.037188208616780044
29854,0.09319125880440672
29855,0.12796208530805686
29856,0.4698275862068966
29857,0.13432835820895522
29858,0.17964071856287425
29859,0.4787234042553192
29860,0.09319125880440672
29861,0.13432835820895522
29862,0.09319125880440672
29863,0.09319125880440672
29864,0.48520710059171596
29865,0.09319125880440672
29866,0.037188208616780044
29867,0.09319125880440672
29868,0.09319125880440672
29869,0.6104928457869634
29870,0.037188208616780044
29871,0.09319125880440672
29872,0.037188208616780044
29873,0.09319125880440672
29874,0.09319125880440672
29875,0.26552462526766596
29876,0.037188208616780044
29877,0.09319125880440672
29878,0.7521739130434782
29879,0.4111776447105788
29880,0.037188208616780044
29881,0.27807486631016043
29882,0.09319125880440672
29883,0.4698275862068966
29884,0.13432835820895522
29885,0.09319125880440672
29886,0.17964071856287425
29887,0.6104928457869634
29888,0.037188208616780044
29889,0.0189873417721519
29890,0.17964071856287425
29891,0.09319125880440672
29892,0.4111776447105788
29893,0.09319125880440672
29894,0.09319125880440672
29895,0.12796208530805686
29896,0.13432835820895522
29897,0.09319125880440672
29898,0.09319125880440672
29899,0.0189873417721519
29900,0.7655172413793103
29901,0.2184936614466816
29902,0.09319125880440672
29903,0.09319125880440672
29904,0.09319125880440672
29905,0.037188208616780044
29906,0.42776203966005666
29907,0.037188208616780044
29908,0.17964071856287425
29909,0.037188208616780044
29910,0.6805251641137856
29911,0.09319125880440672
29912,0.2184936614466816
29913,0.6805251641137856
29914,0.48520710059171596
29915,0.037188208616780044
29916,0.11239193083573487
29917,0.0189873417721519
29918,0.4698275862068966
29919,0.037188208616780044
29920,0.26552462526766596
29921,0.4111776447105788
29922,0.7655172413793103
29923,0.17964071856287425
29924,0.4787234042553192
29925,0.0189873417721519
29926,0.27807486631016043
29927,0.4111776447105788
29928,0.4111776447105788
29929,0.09319125880440672
29930,0.2184936614466816
29931,0.6805251641137856
29932,0.038461538461538464
29933,0.2184936614466816
29934,0.09319125880440672
29935,0.8938547486033519
29936,0.11239193083573487
29937,0.6104928457869634
29938,0.17391304347826086
29939,0.4111776447105788
29940,0.09156193895870736
29941,0.4111776447105788
29942,0.6805251641137856
29943,0.13432835820895522
29944,0.09319125880440672
29945,0.2184936614466816
29946,0.09319125880440672
29947,0.2184936614466816
29948,0.037188208616780044
29949,0.2184936614466816
29950,0.6805251641137856
29951,0.2184936614466816
29952,0.6104928457869634
29953,0.09319125880440672
29954,0.09319125880440672
29955,0.09319125880440672
29956,0.48520710059171596
29957,0.037188208616780044
29958,0.4111776447105788
29959,0.037188208616780044
29960,0.09156193895870736
29961,0.0189873417721519
29962,0.3958333333333333
29963,0.26552462526766596
29964,0.0189873417721519
29965,0.037188208616780044
29966,0.037188208616780044
29967,0.17964071856287425
29968,0.11239193083573487
29969,0.6104928457869634
29970,0.2184936614466816
29971,0.037188208616780044
29972,0.037188208616780044
29973,0.037188208616780044
29974,0.48520710059171596
29975,0.09319125880440672
29976,0.2184936614466816
29977,0.09319125880440672
29978,0.17964071856287425
29979,0.0189873417721519
29980,0.26552462526766596
29981,0.2184936614466816
29982,0.09319125880440672
29983,0.09319125880440672
29984,0.037188208616780044
29985,0.2184936614466816
29986,0.7655172413793103
29987,0.037188208616780044
29988,0.26552462526766596
29989,0.09319125880440672
29990,0.0189873417721519
29991,0.037188208616780044
29992,0.037188208616780044
29993,0.09319125880440672
29994,0.09319125880440672
29995,0.2184936614466816
29996,0.037188208616780044
29997,0.4698275862068966
29998,0.13432835820895522
29999,0.42776203966005666
30000,0.26552462526766596
30001,0.13432835820895522
30002,0.4797297297297297
30003,0.5738636363636364
30004,0.17391304347826086
30005,0.4111776447105788
30006,0.09319125880440672
30007,0.09319125880440672
30008,0.037188208616780044
30009,0.4111776447105788
30010,0.09319125880440672
30011,0.037188208616780044
30012,0.2184936614466816
30013,0.037188208616780044
30014,0.09156193895870736
30015,0.09319125880440672
30016,0.09319125880440672
30017,0.17391304347826086
30018,0.037188208616780044
30019,0.17964071856287425
30020,0.11239193083573487
30021,0.2184936614466816
30022,0.037188208616780044
30023,0.09156193895870736
30024,0.09156193895870736
30025,0.0189873417721519
30026,0.42776203966005666
30027,0.09319125880440672
30028,0.4111776447105788
30029,0.09319125880440672
30030,0.037188208616780044
30031,0.09319125880440672
30032,0.09319125880440672
30033,0.11239193083573487
30034,0.42776203966005666
30035,0.037188208616780044
30036,0.037188208616780044
30037,0.17964071856287425
30038,0.4111776447105788
30039,0.09319125880440672
30040,0.037188208616780044
30041,0.037188208616780044
30042,0.2184936614466816
30043,0.4111776447105788
30044,0.037188208616780044
30045,0.09319125880440672
30046,0.13432835820895522
30047,0.6805251641137856
30048,0.17391304347826086
30049,0.037188208616780044
30050,0.3958333333333333
30051,0.037188208616780044
30052,0.2184936614466816
30053,0.09156193895870736
30054,0.26552462526766596
30055,0.42776203966005666
30056,0.09319125880440672
30057,0.037188208616780044
30058,0.6805251641137856
30059,0.09319125880440672
30060,0.3958333333333333
30061,0.09319125880440672
30062,0.09319125880440672
30063,0.09319125880440672
30064,0.0189873417721519
30065,0.09319125880440672
30066,0.037188208616780044
30067,0.09156193895870736
30068,0.4111776447105788
30069,0.09319125880440672
30070,0.09319125880440672
30071,0.7655172413793103
30072,0.038461538461538464
30073,0.09319125880440672
30074,0.4111776447105788
30075,0.17964071856287425
30076,0.09319125880440672
30077,0.09319125880440672
30078,0.13432835820895522
30079,0.17964071856287425
30080,0.7521739130434782
30081,0.6104928457869634
30082,0.09319125880440672
30083,0.09319125880440672
30084,0.4111776447105788
30085,0.09319125880440672
30086,0.09319125880440672
30087,0.2184936614466816
30088,0.09319125880440672
30089,0.09319125880440672
30090,0.09319125880440672
30091,0.7655172413793103
30092,0.0189873417721519
30093,0.4111776447105788
30094,0.09319125880440672
30095,0.09319125880440672
30096,0.17391304347826086
30097,0.27807486631016043
30098,0.2184936614466816
30099,0.09319125880440672
30100,0.09319125880440672
30101,0.09319125880440672
30102,0.2184936614466816
30103,0.26552462526766596
30104,0.7655172413793103
30105,0.0189873417721519
30106,0.42776203966005666
30107,0.42776203966005666
30108,0.17391304347826086
30109,0.037188208616780044
30110,0.2184936614466816
30111,0.09319125880440672
30112,0.17964071856287425
30113,0.09319125880440672
30114,0.09319125880440672
30115,0.7655172413793103
30116,0.09319125880440672
30117,0.13432835820895522
30118,0.42776203966005666
30119,0.13432835820895522
30120,0.4111776447105788
30121,0.09319125880440672
30122,0.037188208616780044
30123,0.42776203966005666
30124,0.4698275862068966
30125,0.09156193895870736
30126,0.0189873417721519
30127,0.2184936614466816
30128,0.4111776447105788
30129,0.42776203966005666
30130,0.12796208530805686
30131,0.09319125880440672
30132,0.09319125880440672
30133,0.037188208616780044
30134,0.037188208616780044
30135,0.26552462526766596
30136,0.037188208616780044
30137,0.037188208616780044
30138,0.09319125880440672
30139,0.42776203966005666
30140,0.0189873417721519
30141,0.11239193083573487
30142,0.6805251641137856
30143,0.037188208616780044
30144,0.7655172413793103
30145,0.09156193895870736
30146,0.09319125880440672
30147,0.17964071856287425
30148,0.09319125880440672
30149,0.2184936614466816
30150,0.7655172413793103
30151,0.8938547486033519
30152,0.17964071856287425
30153,0.09319125880440672
30154,0.2184936614466816
30155,0.6805251641137856
30156,0.26552462526766596
30157,0.4111776447105788
30158,0.7655172413793103
30159,0.27807486631016043
30160,0.09319125880440672
30161,0.037188208616780044
30162,0.09319125880440672
30163,0.037188208616780044
30164,0.8938547486033519
30165,0.13432835820895522
30166,0.09319125880440672
30167,0.037188208616780044
30168,0.2184936614466816
30169,0.037188208616780044
30170,0.17391304347826086
30171,0.09319125880440672
30172,0.7655172413793103
30173,0.13432835820895522
30174,0.4698275862068966
30175,0.4111776447105788
30176,0.09319125880440672
30177,0.17964071856287425
30178,0.038461538461538464
30179,0.09319125880440672
30180,0.13432835820895522
30181,0.2184936614466816
30182,0.7655172413793103
30183,0.5738636363636364
30184,0.13432835820895522
30185,0.09319125880440672
30186,0.09319125880440672
30187,0.2184936614466816
30188,0.6104928457869634
30189,0.0189873417721519
30190,0.09319125880440672
30191,0.038461538461538464
30192,0.09319125880440672
30193,0.2184936614466816
30194,0.09319125880440672
30195,0.037188208616780044
30196,0.8938547486033519
30197,0.17964071856287425
30198,0.09319125880440672
30199,0.13432835820895522
30200,0.6104928457869634
30201,0.037188208616780044
30202,0.09319125880440672
30203,0.8938547486033519
30204,0.17964071856287425
30205,0.037188208616780044
30206,0.17964071856287425
30207,0.4111776447105788
30208,0.09319125880440672
30209,0.037188208616780044
30210,0.09319125880440672
30211,0.11239193083573487
30212,0.3958333333333333
30213,0.038461538461538464
30214,0.09319125880440672
30215,0.13432835820895522
30216,0.4111776447105788
30217,0.7655172413793103
30218,0.09319125880440672
30219,0.09319125880440672
30220,0.09319125880440672
30221,0.09319125880440672
30222,0.037188208616780044
30223,0.6104928457869634
30224,0.11239193083573487
30225,0.037188208616780044
30226,0.17391304347826086
30227,0.037188208616780044
30228,0.12796208530805686
30229,0.09319125880440672
30230,0.13432835820895522
30231,0.037188208616780044
30232,0.09319125880440672
30233,0.13432835820895522
30234,0.17391304347826086
30235,0.09319125880440672
30236,0.2184936614466816
30237,0.09319125880440672
30238,0.13432835820895522
30239,0.26552462526766596
30240,0.037188208616780044
30241,0.42776203966005666
30242,0.17964071856287425
30243,0.4111776447105788
30244,0.037188208616780044
30245,0.09319125880440672
30246,0.0189873417721519
30247,0.037188208616780044
30248,0.48520710059171596
30249,0.6104928457869634
30250,0.09319125880440672
30251,0.09319125880440672
30252,0.17964071856287425
30253,0.17964071856287425
30254,0.2184936614466816
30255,0.26552462526766596
30256,0.5738636363636364
30257,0.037188208616780044
30258,0.42776203966005666
30259,0.09319125880440672
30260,0.09319125880440672
30261,0.09319125880440672
30262,0.2184936614466816
30263,0.037188208616780044
30264,0.2184936614466816
30265,0.0189873417721519
30266,0.037188208616780044
30267,0.037188208616780044
30268,0.037188208616780044
30269,0.037188208616780044
30270,0.09319125880440672
30271,0.037188208616780044
30272,0.13432835820895522
30273,0.6805251641137856
30274,0.6104928457869634
30275,0.09156193895870736
30276,0.09319125880440672
30277,0.037188208616780044
30278,0.037188208616780044
30279,0.17964071856287425
30280,0.7655172413793103
30281,0.037188208616780044
30282,0.037188208616780044
30283,0.13432835820895522
30284,0.09319125880440672
30285,0.09319125880440672
30286,0.037188208616780044
30287,0.09319125880440672
30288,0.09319125880440672
30289,0.26552462526766596
30290,0.037188208616780044
30291,0.037188208616780044
30292,0.4111776447105788
30293,0.09319125880440672
30294,0.4787234042553192
30295,0.09319125880440672
30296,0.4111776447105788
30297,0.0189873417721519
30298,0.09319125880440672
30299,0.09319125880440672
30300,0.26552462526766596
30301,0.4111776447105788
30302,0.09319125880440672
30303,0.7655172413793103
30304,0.09319125880440672
30305,0.037188208616780044
30306,0.037188208616780044
30307,0.7655172413793103
30308,0.2184936614466816
30309,0.09319125880440672
30310,0.6104928457869634
30311,0.037188208616780044
30312,0.17964071856287425
30313,0.09319125880440672
30314,0.0189873417721519
30315,0.09319125880440672
30316,0.17964071856287425
30317,0.09156193895870736
30318,0.09319125880440672
30319,0.037188208616780044
30320,0.42776203966005666
30321,0.037188208616780044
30322,0.037188208616780044
30323,0.26552462526766596
30324,0.09319125880440672
30325,0.037188208616780044
30326,0.037188208616780044
30327,0.2184936614466816
30328,0.09319125880440672
30329,0.037188208616780044
30330,0.037188208616780044
30331,0.13432835820895522
30332,0.09319125880440672
30333,0.09319125880440672
30334,0.09319125880440672
30335,0.26552462526766596
30336,0.037188208616780044
30337,0.7655172413793103
30338,0.17964071856287425
30339,0.7655172413793103
30340,0.2184936614466816
30341,0.6104928457869634
30342,0.4111776447105788
30343,0.09319125880440672
30344,0.7655172413793103
30345,0.4797297297297297
30346,0.17964071856287425
30347,0.13432835820895522
30348,0.09319125880440672
30349,0.2184936614466816
30350,0.6805251641137856
30351,0.037188208616780044
30352,0.4111776447105788
30353,0.4111776447105788
30354,0.09319125880440672
30355,0.09319125880440672
30356,0.2184936614466816
30357,0.037188208616780044
30358,0.6104928457869634
30359,0.09319125880440672
30360,0.4111776447105788
30361,0.037188208616780044
30362,0.4698275862068966
30363,0.2184936614466816
30364,0.42776203966005666
30365,0.0189873417721519
30366,0.09319125880440672
30367,0.7655172413793103
30368,0.09319125880440672
30369,0.09319125880440672
30370,0.6805251641137856
30371,0.09319125880440672
30372,0.037188208616780044
30373,0.13432835820895522
30374,0.4111776447105788
30375,0.09319125880440672
30376,0.4111776447105788
30377,0.09319125880440672
30378,0.7521739130434782
30379,0.42776203966005666
30380,0.09319125880440672
30381,0.13432835820895522
30382,0.26552462526766596
30383,0.17964071856287425
30384,0.09319125880440672
30385,0.4111776447105788
30386,0.7655172413793103
30387,0.4797297297297297
30388,0.0189873417721519
30389,0.3958333333333333
30390,0.037188208616780044
30391,0.7655172413793103
30392,0.6104928457869634
30393,0.09319125880440672
30394,0.09156193895870736
30395,0.09319125880440672
30396,0.17964071856287425
30397,0.27807486631016043
30398,0.7655172413793103
30399,0.26552462526766596
30400,0.09319125880440672
30401,0.037188208616780044
30402,0.0189873417721519
30403,0.09156193895870736
30404,0.26552462526766596
30405,0.037188208616780044
30406,0.09319125880440672
30407,0.037188208616780044
30408,0.09319125880440672
30409,0.26552462526766596
30410,0.2184936614466816
30411,0.13432835820895522
30412,0.4111776447105788
30413,0.12796208530805686
30414,0.037188208616780044
30415,0.17964071856287425
30416,0.09319125880440672
30417,0.037188208616780044
30418,0.037188208616780044
30419,0.037188208616780044
30420,0.09319125880440672
30421,0.42776203966005666
30422,0.037188208616780044
30423,0.037188208616780044
30424,0.037188208616780044
30425,0.7655172413793103
30426,0.7655172413793103
30427,0.6104928457869634
30428,0.038461538461538464
30429,0.11239193083573487
30430,0.42776203966005666
30431,0.037188208616780044
30432,0.42776203966005666
30433,0.26552462526766596
30434,0.037188208616780044
30435,0.09319125880440672
30436,0.2184936614466816
30437,0.6104928457869634
30438,0.13432835820895522
30439,0.09319125880440672
30440,0.42776203966005666
30441,0.3763440860215054
30442,0.5738636363636364
30443,0.09319125880440672
30444,0.09319125880440672
30445,0.09319125880440672
30446,0.037188208616780044
30447,0.037188208616780044
30448,0.09319125880440672
30449,0.037188208616780044
30450,0.2184936614466816
30451,0.42776203966005666
30452,0.037188208616780044
30453,0.09319125880440672
30454,0.13432835820895522
30455,0.4111776447105788
30456,0.42776203966005666
30457,0.037188208616780044
30458,0.09319125880440672
30459,0.13432835820895522
30460,0.27807486631016043
30461,0.17964071856287425
30462,0.037188208616780044
30463,0.037188208616780044
30464,0.4797297297297297
30465,0.09156193895870736
30466,0.09319125880440672
30467,0.09156193895870736
30468,0.09319125880440672
30469,0.2184936614466816
30470,0.037188208616780044
30471,0.24324324324324326
30472,0.0189873417721519
30473,0.09319125880440672
30474,0.4111776447105788
30475,0.037188208616780044
30476,0.09319125880440672
30477,0.037188208616780044
30478,0.17964071856287425
30479,0.7655172413793103
30480,0.09319125880440672
30481,0.09319125880440672
30482,0.09319125880440672
30483,0.09319125880440672
30484,0.11239193083573487
30485,0.09319125880440672
30486,0.0189873417721519
30487,0.4111776447105788
30488,0.2184936614466816
30489,0.4111776447105788
30490,0.4111776447105788
30491,0.09319125880440672
30492,0.09319125880440672
30493,0.09156193895870736
30494,0.09319125880440672
30495,0.2184936614466816
30496,0.037188208616780044
30497,0.09156193895870736
30498,0.13432835820895522
30499,0.4111776447105788
30500,0.09319125880440672
30501,0.26552462526766596
30502,0.17964071856287425
30503,0.4797297297297297
30504,0.42776203966005666
30505,0.7521739130434782
30506,0.13432835820895522
30507,0.4111776447105788
30508,0.6805251641137856
30509,0.26552462526766596
30510,0.037188208616780044
30511,0.8461538461538461
30512,0.037188208616780044
30513,0.09319125880440672
30514,0.6104928457869634
30515,0.42776203966005666
30516,0.037188208616780044
30517,0.09319125880440672
30518,0.037188208616780044
30519,0.2184936614466816
30520,0.12796208530805686
30521,0.037188208616780044
30522,0.7655172413793103
30523,0.6805251641137856
30524,0.037188208616780044
30525,0.8938547486033519
30526,0.17964071856287425
30527,0.4111776447105788
30528,0.09156193895870736
30529,0.42776203966005666
30530,0.09319125880440672
30531,0.2184936614466816
30532,0.037188208616780044
30533,0.037188208616780044
30534,0.4111776447105788
30535,0.09319125880440672
30536,0.7655172413793103
30537,0.037188208616780044
30538,0.037188208616780044
30539,0.09319125880440672
30540,0.09319125880440672
30541,0.8938547486033519
30542,0.4787234042553192
30543,0.7655172413793103
30544,0.09319125880440672
30545,0.17964071856287425
30546,0.2184936614466816
30547,0.037188208616780044
30548,0.037188208616780044
30549,0.11239193083573487
30550,0.037188208616780044
30551,0.0189873417721519
30552,0.2184936614466816
30553,0.09319125880440672
30554,0.09156193895870736
30555,0.037188208616780044
30556,0.09319125880440672
30557,0.09319125880440672
30558,0.09319125880440672
30559,0.4111776447105788
30560,0.037188208616780044
30561,0.2184936614466816
30562,0.17964071856287425
30563,0.42776203966005666
30564,0.09319125880440672
30565,0.037188208616780044
30566,0.27807486631016043
30567,0.4111776447105788
30568,0.4698275862068966
30569,0.09319125880440672
30570,0.09319125880440672
30571,0.09319125880440672
30572,0.2184936614466816
30573,0.09319125880440672
30574,0.037188208616780044
30575,0.09319125880440672
30576,0.09156193895870736
30577,0.2184936614466816
30578,0.2184936614466816
30579,0.42776203966005666
30580,0.09319125880440672
30581,0.09319125880440672
30582,0.09319125880440672
30583,0.13432835820895522
30584,0.037188208616780044
30585,0.038461538461538464
30586,0.6104928457869634
30587,0.4111776447105788
30588,0.09319125880440672
30589,0.17964071856287425
30590,0.13432835820895522
30591,0.09319125880440672
30592,0.42776203966005666
30593,0.037188208616780044
30594,0.09156193895870736
30595,0.17964071856287425
30596,0.037188208616780044
30597,0.037188208616780044
30598,0.037188208616780044
30599,0.17964071856287425
30600,0.42776203966005666
30601,0.09319125880440672
30602,0.09319125880440672
30603,0.13432835820895522
30604,0.11239193083573487
30605,0.09319125880440672
30606,0.037188208616780044
30607,0.09319125880440672
30608,0.09319125880440672
30609,0.6104928457869634
30610,0.13432835820895522
30611,0.0189873417721519
30612,0.037188208616780044
30613,0.6805251641137856
30614,0.4111776447105788
30615,0.037188208616780044
30616,0.09319125880440672
30617,0.17964071856287425
30618,0.13432835820895522
30619,0.037188208616780044
30620,0.037188208616780044
30621,0.09319125880440672
30622,0.037188208616780044
30623,0.09319125880440672
30624,0.09319125880440672
30625,0.4111776447105788
30626,0.09319125880440672
30627,0.42776203966005666
30628,0.17964071856287425
30629,0.037188208616780044
30630,0.09319125880440672
30631,0.037188208616780044
30632,0.09319125880440672
30633,0.4111776447105788
30634,0.09319125880440672
30635,0.037188208616780044
30636,0.6805251641137856
30637,0.09319125880440672
30638,0.17964071856287425
30639,0.26552462526766596
30640,0.17964071856287425
30641,0.09319125880440672
30642,0.09319125880440672
30643,0.7521739130434782
30644,0.037188208616780044
30645,0.13432835820895522
30646,0.09319125880440672
30647,0.6104928457869634
30648,0.037188208616780044
30649,0.17964071856287425
30650,0.037188208616780044
30651,0.037188208616780044
30652,0.09319125880440672
30653,0.6805251641137856
30654,0.09319125880440672
30655,0.037188208616780044
30656,0.09319125880440672
30657,0.037188208616780044
30658,0.037188208616780044
30659,0.17964071856287425
30660,0.09319125880440672
30661,0.13432835820895522
30662,0.09319125880440672
30663,0.09319125880440672
30664,0.09156193895870736
30665,0.09319125880440672
30666,0.037188208616780044
30667,0.09319125880440672
30668,0.09319125880440672
30669,0.13432835820895522
30670,0.09319125880440672
30671,0.037188208616780044
30672,0.17964071856287425
30673,0.2184936614466816
30674,0.037188208616780044
30675,0.13432835820895522
30676,0.037188208616780044
30677,0.42776203966005666
30678,0.7521739130434782
30679,0.09319125880440672
30680,0.6104928457869634
30681,0.4787234042553192
30682,0.17964071856287425
30683,0.42776203966005666
30684,0.0189873417721519
30685,0.037188208616780044
30686,0.6805251641137856
30687,0.26552462526766596
30688,0.17964071856287425
30689,0.2184936614466816
30690,0.09319125880440672
30691,0.09319125880440672
30692,0.42776203966005666
30693,0.037188208616780044
30694,0.09319125880440672
30695,0.8103448275862069
30696,0.26552462526766596
30697,0.037188208616780044
30698,0.037188208616780044
30699,0.09319125880440672
30700,0.4111776447105788
30701,0.6104928457869634
30702,0.17964071856287425
30703,0.09319125880440672
30704,0.09319125880440672
30705,0.09319125880440672
30706,0.09319125880440672
30707,0.2184936614466816
30708,0.09319125880440672
30709,0.4698275862068966
30710,0.7655172413793103
30711,0.09319125880440672
30712,0.037188208616780044
30713,0.7521739130434782
30714,0.7655172413793103
30715,0.037188208616780044
30716,0.09319125880440672
30717,0.037188208616780044
30718,0.09319125880440672
30719,0.037188208616780044
30720,0.17964071856287425
30721,0.09319125880440672
30722,0.0189873417721519
30723,0.4111776447105788
30724,0.09319125880440672
30725,0.09319125880440672
30726,0.09319125880440672
30727,0.6805251641137856
30728,0.7655172413793103
30729,0.037188208616780044
30730,0.17964071856287425
30731,0.7655172413793103
30732,0.24324324324324326
30733,0.6104928457869634
30734,0.09319125880440672
30735,0.2184936614466816
30736,0.6805251641137856
30737,0.09319125880440672
30738,0.4111776447105788
30739,0.09319125880440672
30740,0.037188208616780044
30741,0.13432835820895522
30742,0.09319125880440672
30743,0.037188208616780044
30744,0.09319125880440672
30745,0.038461538461538464
30746,0.4111776447105788
30747,0.2184936614466816
30748,0.09156193895870736
30749,0.037188208616780044
30750,0.037188208616780044
30751,0.037188208616780044
30752,0.6805251641137856
30753,0.11239193083573487
30754,0.4698275862068966
30755,0.4111776447105788
30756,0.037188208616780044
30757,0.037188208616780044
30758,0.037188208616780044
30759,0.037188208616780044
30760,0.09319125880440672
30761,0.8938547486033519
30762,0.26552462526766596
30763,0.2184936614466816
30764,0.037188208616780044
30765,0.7655172413793103
30766,0.09319125880440672
30767,0.17964071856287425
30768,0.037188208616780044
30769,0.3958333333333333
30770,0.13432835820895522
30771,0.09319125880440672
30772,0.09156193895870736
30773,0.09319125880440672
30774,0.17964071856287425
30775,0.037188208616780044
30776,0.09319125880440672
30777,0.09156193895870736
30778,0.42776203966005666
30779,0.2184936614466816
30780,0.09319125880440672
30781,0.037188208616780044
30782,0.09319125880440672
30783,0.0189873417721519
30784,0.3958333333333333
30785,0.4797297297297297
30786,0.09319125880440672
30787,0.17391304347826086
30788,0.17391304347826086
30789,0.4111776447105788
30790,0.2184936614466816
30791,0.038461538461538464
30792,0.4698275862068966
30793,0.09319125880440672
30794,0.0189873417721519
30795,0.17964071856287425
30796,0.42776203966005666
30797,0.037188208616780044
30798,0.09319125880440672
30799,0.09319125880440672
30800,0.6104928457869634
30801,0.037188208616780044
30802,0.037188208616780044
30803,0.09156193895870736
30804,0.26552462526766596
30805,0.038461538461538464
30806,0.037188208616780044
30807,0.2184936614466816
30808,0.0189873417721519
30809,0.2184936614466816
30810,0.8938547486033519
30811,0.6104928457869634
30812,0.037188208616780044
30813,0.09319125880440672
30814,0.7521739130434782
30815,0.09319125880440672
30816,0.17964071856287425
30817,0.09319125880440672
30818,0.09319125880440672
30819,0.09319125880440672
30820,0.13432835820895522
30821,0.09319125880440672
30822,0.09319125880440672
30823,0.09319125880440672
30824,0.5738636363636364
30825,0.13432835820895522
30826,0.09319125880440672
30827,0.7655172413793103
30828,0.037188208616780044
30829,0.17964071856287425
30830,0.4111776447105788
30831,0.2184936614466816
30832,0.09319125880440672
30833,0.09319125880440672
30834,0.4111776447105788
30835,0.4111776447105788
30836,0.037188208616780044
30837,0.17964071856287425
30838,0.09319125880440672
30839,0.13432835820895522
30840,0.09319125880440672
30841,0.09319125880440672
30842,0.037188208616780044
30843,0.037188208616780044
30844,0.3958333333333333
30845,0.09319125880440672
30846,0.037188208616780044
30847,0.09319125880440672
30848,0.0189873417721519
30849,0.09319125880440672
30850,0.09319125880440672
30851,0.09156193895870736
30852,0.0189873417721519
30853,0.037188208616780044
30854,0.17964071856287425
30855,0.09319125880440672
30856,0.037188208616780044
30857,0.0189873417721519
30858,0.4111776447105788
30859,0.037188208616780044
30860,0.17964071856287425
30861,0.3763440860215054
30862,0.6805251641137856
30863,0.0189873417721519
30864,0.037188208616780044
30865,0.037188208616780044
30866,0.0189873417721519
30867,0.8938547486033519
30868,0.2184936614466816
30869,0.2184936614466816
30870,0.09319125880440672
30871,0.09319125880440672
30872,0.037188208616780044
30873,0.7655172413793103
30874,0.17964071856287425
30875,0.037188208616780044
30876,0.037188208616780044
30877,0.17964071856287425
30878,0.2184936614466816
30879,0.17964071856287425
30880,0.09156193895870736
30881,0.2184936614466816
30882,0.11239193083573487
30883,0.09319125880440672
30884,0.09319125880440672
30885,0.09319125880440672
30886,0.037188208616780044
30887,0.0189873417721519
30888,0.037188208616780044
30889,0.4797297297297297
30890,0.8938547486033519
30891,0.038461538461538464
30892,0.037188208616780044
30893,0.26552462526766596
30894,0.4787234042553192
30895,0.4698275862068966
30896,0.17391304347826086
30897,0.09319125880440672
30898,0.09319125880440672
30899,0.038461538461538464
30900,0.17964071856287425
30901,0.6104928457869634
30902,0.037188208616780044
30903,0.037188208616780044
30904,0.2184936614466816
30905,0.4111776447105788
30906,0.037188208616780044
30907,0.09319125880440672
30908,0.17964071856287425
30909,0.037188208616780044
30910,0.8938547486033519
30911,0.038461538461538464
30912,0.09319125880440672
30913,0.037188208616780044
30914,0.037188208616780044
30915,0.7655172413793103
30916,0.037188208616780044
30917,0.6805251641137856
30918,0.037188208616780044
30919,0.09319125880440672
30920,0.2184936614466816
30921,0.27807486631016043
30922,0.4111776447105788
30923,0.037188208616780044
30924,0.13432835820895522
30925,0.4111776447105788
30926,0.48520710059171596
30927,0.037188208616780044
30928,0.6805251641137856
30929,0.13432835820895522
30930,0.4111776447105788
30931,0.2184936614466816
30932,0.2184936614466816
30933,0.13432835820895522
30934,0.13432835820895522
30935,0.09319125880440672
30936,0.4111776447105788
30937,0.17964071856287425
30938,0.09319125880440672
30939,0.09319125880440672
30940,0.09319125880440672
30941,0.037188208616780044
30942,0.09156193895870736
30943,0.09319125880440672
30944,0.4111776447105788
30945,0.037188208616780044
30946,0.037188208616780044
30947,0.42776203966005666
30948,0.11239193083573487
30949,0.17964071856287425
30950,0.09319125880440672
30951,0.09319125880440672
30952,0.037188208616780044
30953,0.037188208616780044
30954,0.7655172413793103
30955,0.037188208616780044
30956,0.4111776447105788
30957,0.037188208616780044
30958,0.42776203966005666
30959,0.8938547486033519
30960,0.3763440860215054
30961,0.13432835820895522
30962,0.037188208616780044
30963,0.2184936614466816
30964,0.09319125880440672
30965,0.09319125880440672
30966,0.037188208616780044
30967,0.7655172413793103
30968,0.038461538461538464
30969,0.4111776447105788
30970,0.09319125880440672
30971,0.037188208616780044
30972,0.42776203966005666
30973,0.09319125880440672
30974,0.09319125880440672
30975,0.4787234042553192
30976,0.2184936614466816
30977,0.09319125880440672
30978,0.09319125880440672
30979,0.4111776447105788
30980,0.7655172413793103
30981,0.17964071856287425
30982,0.09319125880440672
30983,0.037188208616780044
30984,0.26552462526766596
30985,0.7655172413793103
30986,0.09319125880440672
30987,0.09319125880440672
30988,0.4111776447105788
30989,0.09319125880440672
30990,0.7521739130434782
30991,0.037188208616780044
30992,0.09319125880440672
30993,0.09319125880440672
30994,0.0189873417721519
30995,0.17964071856287425
30996,0.09319125880440672
30997,0.27807486631016043
30998,0.2184936614466816
30999,0.2184936614466816
31000,0.037188208616780044
31001,0.6805251641137856
31002,0.09319125880440672
31003,0.09319125880440672
31004,0.6805251641137856
31005,0.6104928457869634
31006,0.09319125880440672
31007,0.037188208616780044
31008,0.4698275862068966
31009,0.0189873417721519
31010,0.5738636363636364
31011,0.26552462526766596
31012,0.6104928457869634
31013,0.17391304347826086
31014,0.09319125880440672
31015,0.037188208616780044
31016,0.4787234042553192
31017,0.13432835820895522
31018,0.17391304347826086
31019,0.038461538461538464
31020,0.13432835820895522
31021,0.09156193895870736
31022,0.3958333333333333
31023,0.037188208616780044
31024,0.037188208616780044
31025,0.7655172413793103
31026,0.037188208616780044
31027,0.7655172413793103
31028,0.037188208616780044
31029,0.09319125880440672
31030,0.13432835820895522
31031,0.037188208616780044
31032,0.037188208616780044
31033,0.037188208616780044
31034,0.037188208616780044
31035,0.7655172413793103
31036,0.4111776447105788
31037,0.037188208616780044
31038,0.09319125880440672
31039,0.09319125880440672
31040,0.17964071856287425
31041,0.09319125880440672
31042,0.09156193895870736
31043,0.09319125880440672
31044,0.037188208616780044
31045,0.09319125880440672
31046,0.038461538461538464
31047,0.037188208616780044
31048,0.42776203966005666
31049,0.2184936614466816
31050,0.09319125880440672
31051,0.09319125880440672
31052,0.6104928457869634
31053,0.037188208616780044
31054,0.4111776447105788
31055,0.3958333333333333
31056,0.037188208616780044
31057,0.8938547486033519
31058,0.037188208616780044
31059,0.09319125880440672
31060,0.7521739130434782
31061,0.037188208616780044
31062,0.4111776447105788
31063,0.17391304347826086
31064,0.27807486631016043
31065,0.13432835820895522
31066,0.26552462526766596
31067,0.13432835820895522
31068,0.09319125880440672
31069,0.8938547486033519
31070,0.0189873417721519
31071,0.17391304347826086
31072,0.09319125880440672
31073,0.4111776447105788
31074,0.037188208616780044
31075,0.0189873417721519
31076,0.6805251641137856
31077,0.27807486631016043
31078,0.0189873417721519
31079,0.26552462526766596
31080,0.4787234042553192
31081,0.09319125880440672
31082,0.2184936614466816
31083,0.038461538461538464
31084,0.037188208616780044
31085,0.09319125880440672
31086,0.09319125880440672
31087,0.2184936614466816
31088,0.09319125880440672
31089,0.09319125880440672
31090,0.48520710059171596
31091,0.09319125880440672
31092,0.09319125880440672
31093,0.09319125880440672
31094,0.037188208616780044
31095,0.09156193895870736
31096,0.2184936614466816
31097,0.7521739130434782
31098,0.037188208616780044
31099,0.11239193083573487
31100,0.09319125880440672
31101,0.09319125880440672
31102,0.26552462526766596
31103,0.6805251641137856
31104,0.09319125880440672
31105,0.11239193083573487
31106,0.09319125880440672
31107,0.09319125880440672
31108,0.09319125880440672
31109,0.4111776447105788
31110,0.037188208616780044
31111,0.09319125880440672
31112,0.0189873417721519
31113,0.11239193083573487
31114,0.037188208616780044
31115,0.037188208616780044
31116,0.09319125880440672
31117,0.4111776447105788
31118,0.037188208616780044
31119,0.09319125880440672
31120,0.0189873417721519
31121,0.7521739130434782
31122,0.6805251641137856
31123,0.2184936614466816
31124,0.037188208616780044
31125,0.4111776447105788
31126,0.0189873417721519
31127,0.17391304347826086
31128,0.037188208616780044
31129,0.037188208616780044
31130,0.037188208616780044
31131,0.7655172413793103
31132,0.038461538461538464
31133,0.037188208616780044
31134,0.09319125880440672
31135,0.037188208616780044
31136,0.4698275862068966
31137,0.037188208616780044
31138,0.7655172413793103
31139,0.2184936614466816
31140,0.09319125880440672
31141,0.2184936614466816
31142,0.7521739130434782
31143,0.4111776447105788
31144,0.037188208616780044
31145,0.4111776447105788
31146,0.09319125880440672
31147,0.17964071856287425
31148,0.13432835820895522
31149,0.037188208616780044
31150,0.09319125880440672
31151,0.037188208616780044
31152,0.09319125880440672
31153,0.09319125880440672
31154,0.42776203966005666
31155,0.7655172413793103
31156,0.09319125880440672
31157,0.17964071856287425
31158,0.7655172413793103
31159,0.0189873417721519
31160,0.037188208616780044
31161,0.17391304347826086
31162,0.4797297297297297
31163,0.4111776447105788
31164,0.11239193083573487
31165,0.17391304347826086
31166,0.09319125880440672
31167,0.037188208616780044
31168,0.09319125880440672
31169,0.037188208616780044
31170,0.17964071856287425
31171,0.26552462526766596
31172,0.7655172413793103
31173,0.09319125880440672
31174,0.2184936614466816
31175,0.17964071856287425
31176,0.4698275862068966
31177,0.09319125880440672
31178,0.4111776447105788
31179,0.17964071856287425
31180,0.09319125880440672
31181,0.4
31182,0.037188208616780044
31183,0.09319125880440672
31184,0.037188208616780044
31185,0.17964071856287425
31186,0.26552462526766596
31187,0.09319125880440672
31188,0.13432835820895522
31189,0.09319125880440672
31190,0.09319125880440672
31191,0.13432835820895522
31192,0.037188208616780044
31193,0.09319125880440672
31194,0.09319125880440672
31195,0.4111776447105788
31196,0.4111776447105788
31197,0.09319125880440672
31198,0.0189873417721519
31199,0.09319125880440672
31200,0.09319125880440672
31201,0.037188208616780044
31202,0.4797297297297297
31203,0.037188208616780044
31204,0.037188208616780044
31205,0.037188208616780044
31206,0.09156193895870736
31207,0.09319125880440672
31208,0.26552462526766596
31209,0.2184936614466816
31210,0.09319125880440672
31211,0.09319125880440672
31212,0.13432835820895522
31213,0.037188208616780044
31214,0.13432835820895522
31215,0.09319125880440672
31216,0.037188208616780044
31217,0.17964071856287425
31218,0.7655172413793103
31219,0.7521739130434782
31220,0.11239193083573487
31221,0.17964071856287425
31222,0.2184936614466816
31223,0.17964071856287425
31224,0.037188208616780044
31225,0.037188208616780044
31226,0.4111776447105788
31227,0.09319125880440672
31228,0.4797297297297297
31229,0.6805251641137856
31230,0.09319125880440672
31231,0.037188208616780044
31232,0.0189873417721519
31233,0.3763440860215054
31234,0.4111776447105788
31235,0.17964071856287425
31236,0.4111776447105788
31237,0.09319125880440672
31238,0.09319125880440672
31239,0.6104928457869634
31240,0.5738636363636364
31241,0.13432835820895522
31242,0.09319125880440672
31243,0.037188208616780044
31244,0.42776203966005666
31245,0.13432835820895522
31246,0.037188208616780044
31247,0.09319125880440672
31248,0.7521739130434782
31249,0.09319125880440672
31250,0.26552462526766596
31251,0.4111776447105788
31252,0.4111776447105788
31253,0.17964071856287425
31254,0.13432835820895522
31255,0.13432835820895522
31256,0.09319125880440672
31257,0.09319125880440672
31258,0.09319125880440672
31259,0.26552462526766596
31260,0.037188208616780044
31261,0.09319125880440672
31262,0.6805251641137856
31263,0.42776203966005666
31264,0.037188208616780044
31265,0.6805251641137856
31266,0.09319125880440672
31267,0.26552462526766596
31268,0.4111776447105788
31269,0.037188208616780044
31270,0.13432835820895522
31271,0.11239193083573487
31272,0.48520710059171596
31273,0.27807486631016043
31274,0.2184936614466816
31275,0.09319125880440672
31276,0.037188208616780044
31277,0.09319125880440672
31278,0.17964071856287425
31279,0.09319125880440672
31280,0.17964071856287425
31281,0.037188208616780044
31282,0.09319125880440672
31283,0.09319125880440672
31284,0.09319125880440672
31285,0.037188208616780044
31286,0.4111776447105788
31287,0.09156193895870736
31288,0.09319125880440672
31289,0.2184936614466816
31290,0.037188208616780044
31291,0.09156193895870736
31292,0.037188208616780044
31293,0.09319125880440672
31294,0.6805251641137856
31295,0.037188208616780044
31296,0.6104928457869634
31297,0.037188208616780044
31298,0.09319125880440672
31299,0.2184936614466816
31300,0.42776203966005666
31301,0.7655172413793103
31302,0.09319125880440672
31303,0.09319125880440672
31304,0.11239193083573487
31305,0.4111776447105788
31306,0.4111776447105788
31307,0.037188208616780044
31308,0.3763440860215054
31309,0.09319125880440672
31310,0.27807486631016043
31311,0.09319125880440672
31312,0.3958333333333333
31313,0.17964071856287425
31314,0.26552462526766596
31315,0.09319125880440672
31316,0.09319125880440672
31317,0.037188208616780044
31318,0.09319125880440672
31319,0.13432835820895522
31320,0.037188208616780044
31321,0.17964071856287425
31322,0.7655172413793103
31323,0.6805251641137856
31324,0.09319125880440672
31325,0.26552462526766596
31326,0.7655172413793103
31327,0.09319125880440672
31328,0.7655172413793103
31329,0.09319125880440672
31330,0.037188208616780044
31331,0.09319125880440672
31332,0.8103448275862069
31333,0.4698275862068966
31334,0.4111776447105788
31335,0.42776203966005666
31336,0.13432835820895522
31337,0.09319125880440672
31338,0.0189873417721519
31339,0.037188208616780044
31340,0.13432835820895522
31341,0.09319125880440672
31342,0.09319125880440672
31343,0.037188208616780044
31344,0.8103448275862069
31345,0.4111776447105788
31346,0.2184936614466816
31347,0.09319125880440672
31348,0.4698275862068966
31349,0.09319125880440672
31350,0.09156193895870736
31351,0.037188208616780044
31352,0.037188208616780044
31353,0.09319125880440672
31354,0.037188208616780044
31355,0.09319125880440672
31356,0.09319125880440672
31357,0.6805251641137856
31358,0.037188208616780044
31359,0.09319125880440672
31360,0.13432835820895522
31361,0.4698275862068966
31362,0.037188208616780044
31363,0.4111776447105788
31364,0.09319125880440672
31365,0.4111776447105788
31366,0.17964071856287425
31367,0.09319125880440672
31368,0.09319125880440672
31369,0.4111776447105788
31370,0.037188208616780044
31371,0.09319125880440672
31372,0.7655172413793103
31373,0.037188208616780044
31374,0.17964071856287425
31375,0.4111776447105788
31376,0.09319125880440672
31377,0.8938547486033519
31378,0.09319125880440672
31379,0.7655172413793103
31380,0.6805251641137856
31381,0.12796208530805686
31382,0.037188208616780044
31383,0.8938547486033519
31384,0.7655172413793103
31385,0.17964071856287425
31386,0.4111776447105788
31387,0.2184936614466816
31388,0.5738636363636364
31389,0.0189873417721519
31390,0.09319125880440672
31391,0.7655172413793103
31392,0.2184936614466816
31393,0.09319125880440672
31394,0.4111776447105788
31395,0.037188208616780044
31396,0.6805251641137856
31397,0.037188208616780044
31398,0.17964071856287425
31399,0.6104928457869634
31400,0.8938547486033519
31401,0.09319125880440672
31402,0.2184936614466816
31403,0.6104928457869634
31404,0.13432835820895522
31405,0.09319125880440672
31406,0.037188208616780044
31407,0.6104928457869634
31408,0.13432835820895522
31409,0.0189873417721519
31410,0.09319125880440672
31411,0.42776203966005666
31412,0.09156193895870736
31413,0.17964071856287425
31414,0.09319125880440672
31415,0.09319125880440672
31416,0.2184936614466816
31417,0.2184936614466816
31418,0.037188208616780044
31419,0.6104928457869634
31420,0.037188208616780044
31421,0.037188208616780044
31422,0.13432835820895522
31423,0.6104928457869634
31424,0.09319125880440672
31425,0.09319125880440672
31426,0.11239193083573487
31427,0.09319125880440672
31428,0.09156193895870736
31429,0.2184936614466816
31430,0.09319125880440672
31431,0.17964071856287425
31432,0.09319125880440672
31433,0.7655172413793103
31434,0.27807486631016043
31435,0.037188208616780044
31436,0.26552462526766596
31437,0.2184936614466816
31438,0.27807486631016043
31439,0.26552462526766596
31440,0.17964071856287425
31441,0.7521739130434782
31442,0.7655172413793103
31443,0.0189873417721519
31444,0.037188208616780044
31445,0.11239193083573487
31446,0.26552462526766596
31447,0.42776203966005666
31448,0.7655172413793103
31449,0.037188208616780044
31450,0.4111776447105788
31451,0.4111776447105788
31452,0.42776203966005666
31453,0.17964071856287425
31454,0.7655172413793103
31455,0.038461538461538464
31456,0.037188208616780044
31457,0.17964071856287425
31458,0.2184936614466816
31459,0.09319125880440672
31460,0.037188208616780044
31461,0.09156193895870736
31462,0.09319125880440672
31463,0.037188208616780044
31464,0.09319125880440672
31465,0.7655172413793103
31466,0.037188208616780044
31467,0.26552462526766596
31468,0.4111776447105788
31469,0.48520710059171596
31470,0.09319125880440672
31471,0.17964071856287425
31472,0.2184936614466816
31473,0.7655172413793103
31474,0.2184936614466816
31475,0.6104928457869634
31476,0.037188208616780044
31477,0.09156193895870736
31478,0.09319125880440672
31479,0.42776203966005666
31480,0.09319125880440672
31481,0.09319125880440672
31482,0.26552462526766596
31483,0.2184936614466816
31484,0.037188208616780044
31485,0.037188208616780044
31486,0.17964071856287425
31487,0.6805251641137856
31488,0.0189873417721519
31489,0.7521739130434782
31490,0.6805251641137856
31491,0.26552462526766596
31492,0.09319125880440672
31493,0.09319125880440672
31494,0.037188208616780044
31495,0.09319125880440672
31496,0.2184936614466816
31497,0.037188208616780044
31498,0.17964071856287425
31499,0.17964071856287425
31500,0.7655172413793103
31501,0.09319125880440672
31502,0.037188208616780044
31503,0.09319125880440672
31504,0.17964071856287425
31505,0.6805251641137856
31506,0.2184936614466816
31507,0.037188208616780044
31508,0.2184936614466816
31509,0.09319125880440672
31510,0.26552462526766596
31511,0.037188208616780044
31512,0.26552462526766596
31513,0.17964071856287425
31514,0.6104928457869634
31515,0.4111776447105788
31516,0.09319125880440672
31517,0.4111776447105788
31518,0.09319125880440672
31519,0.09319125880440672
31520,0.037188208616780044
31521,0.09319125880440672
31522,0.6805251641137856
31523,0.09319125880440672
31524,0.037188208616780044
31525,0.4111776447105788
31526,0.4111776447105788
31527,0.09156193895870736
31528,0.17964071856287425
31529,0.13432835820895522
31530,0.09319125880440672
31531,0.4111776447105788
31532,0.09319125880440672
31533,0.7655172413793103
31534,0.2184936614466816
31535,0.42776203966005666
31536,0.038461538461538464
31537,0.0189873417721519
31538,0.037188208616780044
31539,0.7655172413793103
31540,0.09319125880440672
31541,0.09319125880440672
31542,0.13432835820895522
31543,0.09319125880440672
31544,0.6805251641137856
31545,0.037188208616780044
31546,0.037188208616780044
31547,0.7655172413793103
31548,0.17391304347826086
31549,0.2184936614466816
31550,0.09319125880440672
31551,0.6104928457869634
31552,0.037188208616780044
31553,0.09319125880440672
31554,0.09319125880440672
31555,0.4787234042553192
31556,0.4111776447105788
31557,0.037188208616780044
31558,0.27807486631016043
31559,0.42776203966005666
31560,0.42776203966005666
31561,0.037188208616780044
31562,0.11239193083573487
31563,0.0189873417721519
31564,0.09319125880440672
31565,0.09319125880440672
31566,0.2184936614466816
31567,0.09319125880440672
31568,0.09319125880440672
31569,0.0189873417721519
31570,0.26552462526766596
31571,0.037188208616780044
31572,0.09319125880440672
31573,0.42776203966005666
31574,0.4111776447105788
31575,0.24324324324324326
31576,0.13432835820895522
31577,0.037188208616780044
31578,0.2184936614466816
31579,0.09319125880440672
31580,0.26552462526766596
31581,0.4111776447105788
31582,0.09319125880440672
31583,0.13432835820895522
31584,0.09319125880440672
31585,0.037188208616780044
31586,0.0189873417721519
31587,0.09319125880440672
31588,0.4698275862068966
31589,0.037188208616780044
31590,0.5738636363636364
31591,0.09319125880440672
31592,0.12796208530805686
31593,0.09319125880440672
31594,0.09319125880440672
31595,0.09156193895870736
31596,0.7655172413793103
31597,0.09319125880440672
31598,0.2184936614466816
31599,0.13432835820895522
31600,0.09156193895870736
31601,0.13432835820895522
31602,0.037188208616780044
31603,0.037188208616780044
31604,0.09319125880440672
31605,0.09319125880440672
31606,0.037188208616780044
31607,0.17964071856287425
31608,0.4111776447105788
31609,0.09319125880440672
31610,0.037188208616780044
31611,0.038461538461538464
31612,0.17391304347826086
31613,0.037188208616780044
31614,0.037188208616780044
31615,0.4111776447105788
31616,0.09319125880440672
31617,0.4111776447105788
31618,0.2184936614466816
31619,0.42776203966005666
31620,0.037188208616780044
31621,0.037188208616780044
31622,0.7655172413793103
31623,0.09319125880440672
31624,0.09319125880440672
31625,0.09319125880440672
31626,0.2184936614466816
31627,0.037188208616780044
31628,0.13432835820895522
31629,0.4111776447105788
31630,0.037188208616780044
31631,0.13432835820895522
31632,0.17391304347826086
31633,0.2184936614466816
31634,0.09319125880440672
31635,0.2184936614466816
31636,0.3958333333333333
31637,0.037188208616780044
31638,0.4111776447105788
31639,0.42776203966005666
31640,0.037188208616780044
31641,0.8938547486033519
31642,0.48520710059171596
31643,0.17964071856287425
31644,0.13432835820895522
31645,0.037188208616780044
31646,0.0189873417721519
31647,0.17964071856287425
31648,0.26552462526766596
31649,0.42776203966005666
31650,0.5738636363636364
31651,0.7655172413793103
31652,0.8103448275862069
31653,0.037188208616780044
31654,0.037188208616780044
31655,0.09156193895870736
31656,0.09319125880440672
31657,0.037188208616780044
31658,0.09319125880440672
31659,0.17964071856287425
31660,0.7655172413793103
31661,0.2184936614466816
31662,0.17964071856287425
31663,0.8103448275862069
31664,0.6104928457869634
31665,0.037188208616780044
31666,0.09319125880440672
31667,0.09319125880440672
31668,0.09319125880440672
31669,0.037188208616780044
31670,0.2184936614466816
31671,0.09319125880440672
31672,0.09156193895870736
31673,0.037188208616780044
31674,0.2184936614466816
31675,0.42776203966005666
31676,0.037188208616780044
31677,0.09319125880440672
31678,0.7655172413793103
31679,0.17964071856287425
31680,0.09319125880440672
31681,0.037188208616780044
31682,0.09319125880440672
31683,0.037188208616780044
31684,0.037188208616780044
31685,0.2184936614466816
31686,0.3958333333333333
31687,0.09319125880440672
31688,0.09319125880440672
31689,0.037188208616780044
31690,0.09319125880440672
31691,0.2184936614466816
31692,0.037188208616780044
31693,0.037188208616780044
31694,0.26552462526766596
31695,0.17391304347826086
31696,0.17964071856287425
31697,0.7655172413793103
31698,0.2184936614466816
31699,0.17964071856287425
31700,0.2184936614466816
31701,0.09319125880440672
31702,0.037188208616780044
31703,0.0189873417721519
31704,0.7655172413793103
31705,0.17964071856287425
31706,0.038461538461538464
31707,0.6104928457869634
31708,0.4111776447105788
31709,0.7655172413793103
31710,0.42776203966005666
31711,0.09319125880440672
31712,0.09319125880440672
31713,0.0189873417721519
31714,0.09319125880440672
31715,0.4698275862068966
31716,0.037188208616780044
31717,0.26552462526766596
31718,0.17964071856287425
31719,0.2184936614466816
31720,0.17964071856287425
31721,0.037188208616780044
31722,0.26552462526766596
31723,0.12796208530805686
31724,0.6104928457869634
31725,0.037188208616780044
31726,0.037188208616780044
31727,0.037188208616780044
31728,0.09319125880440672
31729,0.09156193895870736
31730,0.4797297297297297
31731,0.037188208616780044
31732,0.17391304347826086
31733,0.6805251641137856
31734,0.037188208616780044
31735,0.09319125880440672
31736,0.0189873417721519
31737,0.09156193895870736
31738,0.12796208530805686
31739,0.09319125880440672
31740,0.26552462526766596
31741,0.09319125880440672
31742,0.4111776447105788
31743,0.13432835820895522
31744,0.17964071856287425
31745,0.09319125880440672
31746,0.09319125880440672
31747,0.17964071856287425
31748,0.037188208616780044
31749,0.09319125880440672
31750,0.09319125880440672
31751,0.13432835820895522
31752,0.037188208616780044
31753,0.09319125880440672
31754,0.2184936614466816
31755,0.037188208616780044
31756,0.4698275862068966
31757,0.42776203966005666
31758,0.8938547486033519
31759,0.09319125880440672
31760,0.09319125880440672
31761,0.17964071856287425
31762,0.09319125880440672
31763,0.7655172413793103
31764,0.0189873417721519
31765,0.2184936614466816
31766,0.2184936614466816
31767,0.17391304347826086
31768,0.09319125880440672
31769,0.09319125880440672
31770,0.13432835820895522
31771,0.17964071856287425
31772,0.2184936614466816
31773,0.037188208616780044
31774,0.09319125880440672
31775,0.09319125880440672
31776,0.7655172413793103
31777,0.09156193895870736
31778,0.037188208616780044
31779,0.037188208616780044
31780,0.09319125880440672
31781,0.09319125880440672
31782,0.09319125880440672
31783,0.13432835820895522
31784,0.09319125880440672
31785,0.2184936614466816
31786,0.09156193895870736
31787,0.09319125880440672
31788,0.09156193895870736
31789,0.09319125880440672
31790,0.17964071856287425
31791,0.037188208616780044
31792,0.17964071856287425
31793,0.0189873417721519
31794,0.09319125880440672
31795,0.2184936614466816
31796,0.13432835820895522
31797,0.4111776447105788
31798,0.2184936614466816
31799,0.037188208616780044
31800,0.17964071856287425
31801,0.26552462526766596
31802,0.7655172413793103
31803,0.2184936614466816
31804,0.037188208616780044
31805,0.09319125880440672
31806,0.12796208530805686
31807,0.7655172413793103
31808,0.037188208616780044
31809,0.6805251641137856
31810,0.0189873417721519
31811,0.8103448275862069
31812,0.038461538461538464
31813,0.17964071856287425
31814,0.42776203966005666
31815,0.2184936614466816
31816,0.09319125880440672
31817,0.2184936614466816
31818,0.7521739130434782
31819,0.09319125880440672
31820,0.09319125880440672
31821,0.09319125880440672
31822,0.4111776447105788
31823,0.09319125880440672
31824,0.13432835820895522
31825,0.4111776447105788
31826,0.09319125880440672
31827,0.4111776447105788
31828,0.09156193895870736
31829,0.037188208616780044
31830,0.2184936614466816
31831,0.09319125880440672
31832,0.09319125880440672
31833,0.038461538461538464
31834,0.037188208616780044
31835,0.037188208616780044
31836,0.037188208616780044
31837,0.6805251641137856
31838,0.2184936614466816
31839,0.09319125880440672
31840,0.0189873417721519
31841,0.037188208616780044
31842,0.13432835820895522
31843,0.6104928457869634
31844,0.2184936614466816
31845,0.4797297297297297
31846,0.6104928457869634
31847,0.037188208616780044
31848,0.09319125880440672
31849,0.037188208616780044
31850,0.037188208616780044
31851,0.037188208616780044
31852,0.13432835820895522
31853,0.7655172413793103
31854,0.6104928457869634
31855,0.7655172413793103
31856,0.037188208616780044
31857,0.09319125880440672
31858,0.09319125880440672
31859,0.4797297297297297
31860,0.2184936614466816
31861,0.11239193083573487
31862,0.037188208616780044
31863,0.2184936614466816
31864,0.0189873417721519
31865,0.037188208616780044
31866,0.09319125880440672
31867,0.09319125880440672
31868,0.11239193083573487
31869,0.0189873417721519
31870,0.037188208616780044
31871,0.6805251641137856
31872,0.17964071856287425
31873,0.17964071856287425
31874,0.17964071856287425
31875,0.2184936614466816
31876,0.09319125880440672
31877,0.09319125880440672
31878,0.09319125880440672
31879,0.17964071856287425
31880,0.09319125880440672
31881,0.7521739130434782
31882,0.037188208616780044
31883,0.17391304347826086
31884,0.09319125880440672
31885,0.09319125880440672
31886,0.09319125880440672
31887,0.11239193083573487
31888,0.037188208616780044
31889,0.17964071856287425
31890,0.4111776447105788
31891,0.037188208616780044
31892,0.26552462526766596
31893,0.2184936614466816
31894,0.6104928457869634
31895,0.09319125880440672
31896,0.4111776447105788
31897,0.4111776447105788
31898,0.17964071856287425
31899,0.42776203966005666
31900,0.4
31901,0.09319125880440672
31902,0.09319125880440672
31903,0.42776203966005666
31904,0.09319125880440672
31905,0.037188208616780044
31906,0.037188208616780044
31907,0.037188208616780044
31908,0.037188208616780044
31909,0.09319125880440672
31910,0.037188208616780044
31911,0.037188208616780044
31912,0.13432835820895522
31913,0.13432835820895522
31914,0.13432835820895522
31915,0.038461538461538464
31916,0.037188208616780044
31917,0.24324324324324326
31918,0.09156193895870736
31919,0.5738636363636364
31920,0.037188208616780044
31921,0.09319125880440672
31922,0.09319125880440672
31923,0.037188208616780044
31924,0.27807486631016043
31925,0.09319125880440672
31926,0.0189873417721519
31927,0.09319125880440672
31928,0.17964071856287425
31929,0.2184936614466816
31930,0.27807486631016043
31931,0.17964071856287425
31932,0.09319125880440672
31933,0.7655172413793103
31934,0.13432835820895522
31935,0.48520710059171596
31936,0.037188208616780044
31937,0.09319125880440672
31938,0.42776203966005666
31939,0.037188208616780044
31940,0.037188208616780044
31941,0.037188208616780044
31942,0.037188208616780044
31943,0.037188208616780044
31944,0.037188208616780044
31945,0.17964071856287425
31946,0.12796208530805686
31947,0.037188208616780044
31948,0.037188208616780044
31949,0.037188208616780044
31950,0.09319125880440672
31951,0.3958333333333333
31952,0.09156193895870736
31953,0.037188208616780044
31954,0.4111776447105788
31955,0.037188208616780044
31956,0.13432835820895522
31957,0.13432835820895522
31958,0.037188208616780044
31959,0.09319125880440672
31960,0.09319125880440672
31961,0.037188208616780044
31962,0.09319125880440672
31963,0.8103448275862069
31964,0.09319125880440672
31965,0.037188208616780044
31966,0.2184936614466816
31967,0.037188208616780044
31968,0.5738636363636364
31969,0.42776203966005666
31970,0.4111776447105788
31971,0.09319125880440672
31972,0.13432835820895522
31973,0.09319125880440672
31974,0.037188208616780044
31975,0.037188208616780044
31976,0.17964071856287425
31977,0.037188208616780044
31978,0.17964071856287425
31979,0.037188208616780044
31980,0.2184936614466816
31981,0.4111776447105788
31982,0.09319125880440672
31983,0.6104928457869634
31984,0.037188208616780044
31985,0.09319125880440672
31986,0.4111776447105788
31987,0.09319125880440672
31988,0.6104928457869634
31989,0.09319125880440672
31990,0.037188208616780044
31991,0.4111776447105788
31992,0.2184936614466816
31993,0.3763440860215054
31994,0.09319125880440672
31995,0.48520710059171596
31996,0.27807486631016043
31997,0.037188208616780044
31998,0.0189873417721519
31999,0.0189873417721519
32000,0.2184936614466816
32001,0.09319125880440672
32002,0.8461538461538461
32003,0.2184936614466816
32004,0.42776203966005666
32005,0.037188208616780044
32006,0.2184936614466816
32007,0.4111776447105788
32008,0.037188208616780044
32009,0.09319125880440672
32010,0.17964071856287425
32011,0.09319125880440672
32012,0.09319125880440672
32013,0.4797297297297297
32014,0.17391304347826086
32015,0.27807486631016043
32016,0.26552462526766596
32017,0.037188208616780044
32018,0.13432835820895522
32019,0.17964071856287425
32020,0.8103448275862069
32021,0.037188208616780044
32022,0.17964071856287425
32023,0.09319125880440672
32024,0.17964071856287425
32025,0.26552462526766596
32026,0.4111776447105788
32027,0.11239193083573487
32028,0.8103448275862069
32029,0.037188208616780044
32030,0.2184936614466816
32031,0.09319125880440672
32032,0.5738636363636364
32033,0.037188208616780044
32034,0.09319125880440672
32035,0.09319125880440672
32036,0.17964071856287425
32037,0.17964071856287425
32038,0.27807486631016043
32039,0.6805251641137856
32040,0.09319125880440672
32041,0.8938547486033519
32042,0.037188208616780044
32043,0.4787234042553192
32044,0.037188208616780044
32045,0.2184936614466816
32046,0.17964071856287425
32047,0.6104928457869634
32048,0.09319125880440672
32049,0.037188208616780044
32050,0.4111776447105788
32051,0.037188208616780044
32052,0.4797297297297297
32053,0.037188208616780044
32054,0.09319125880440672
32055,0.09319125880440672
32056,0.09319125880440672
32057,0.037188208616780044
32058,0.037188208616780044
32059,0.09319125880440672
32060,0.037188208616780044
32061,0.13432835820895522
32062,0.09156193895870736
32063,0.09319125880440672
32064,0.09156193895870736
32065,0.09319125880440672
32066,0.17964071856287425
32067,0.0189873417721519
32068,0.037188208616780044
32069,0.4111776447105788
32070,0.6104928457869634
32071,0.4797297297297297
32072,0.3763440860215054
32073,0.0189873417721519
32074,0.037188208616780044
32075,0.0189873417721519
32076,0.037188208616780044
32077,0.09319125880440672
32078,0.0189873417721519
32079,0.037188208616780044
32080,0.037188208616780044
32081,0.4111776447105788
32082,0.037188208616780044
32083,0.09319125880440672
32084,0.09319125880440672
32085,0.037188208616780044
32086,0.6805251641137856
32087,0.038461538461538464
32088,0.09319125880440672
32089,0.42776203966005666
32090,0.037188208616780044
32091,0.17391304347826086
32092,0.13432835820895522
32093,0.09319125880440672
32094,0.2184936614466816
32095,0.7655172413793103
32096,0.09319125880440672
32097,0.2184936614466816
32098,0.09319125880440672
32099,0.13432835820895522
32100,0.037188208616780044
32101,0.6104928457869634
32102,0.037188208616780044
32103,0.09156193895870736
32104,0.037188208616780044
32105,0.09319125880440672
32106,0.4111776447105788
32107,0.17964071856287425
32108,0.13432835820895522
32109,0.09319125880440672
32110,0.037188208616780044
32111,0.09156193895870736
32112,0.7655172413793103
32113,0.13432835820895522
32114,0.7521739130434782
32115,0.09319125880440672
32116,0.037188208616780044
32117,0.7521739130434782
32118,0.037188208616780044
32119,0.26552462526766596
32120,0.4111776447105788
32121,0.3763440860215054
32122,0.17964071856287425
32123,0.037188208616780044
32124,0.09319125880440672
32125,0.0189873417721519
32126,0.4
32127,0.17964071856287425
32128,0.26552462526766596
32129,0.12796208530805686
32130,0.6104928457869634
32131,0.7655172413793103
32132,0.037188208616780044
32133,0.037188208616780044
32134,0.037188208616780044
32135,0.037188208616780044
32136,0.2184936614466816
32137,0.09156193895870736
32138,0.17964071856287425
32139,0.09319125880440672
32140,0.5738636363636364
32141,0.09319125880440672
32142,0.037188208616780044
32143,0.037188208616780044
32144,0.17391304347826086
32145,0.09319125880440672
32146,0.09156193895870736
32147,0.037188208616780044
32148,0.4797297297297297
32149,0.09319125880440672
32150,0.09319125880440672
32151,0.037188208616780044
32152,0.037188208616780044
32153,0.09156193895870736
32154,0.037188208616780044
32155,0.0189873417721519
32156,0.037188208616780044
32157,0.037188208616780044
32158,0.0189873417721519
32159,0.7655172413793103
32160,0.4111776447105788
32161,0.3763440860215054
32162,0.09319125880440672
32163,0.09319125880440672
32164,0.42776203966005666
32165,0.4111776447105788
32166,0.17964071856287425
32167,0.09319125880440672
32168,0.09319125880440672
32169,0.11239193083573487
32170,0.6805251641137856
32171,0.037188208616780044
32172,0.7655172413793103
32173,0.09156193895870736
32174,0.12796208530805686
32175,0.17964071856287425
32176,0.6805251641137856
32177,0.09156193895870736
32178,0.037188208616780044
32179,0.09319125880440672
32180,0.09319125880440672
32181,0.27807486631016043
32182,0.09319125880440672
32183,0.4111776447105788
32184,0.09319125880440672
32185,0.3763440860215054
32186,0.11239193083573487
32187,0.2184936614466816
32188,0.4797297297297297
32189,0.27807486631016043
32190,0.2184936614466816
32191,0.09319125880440672
32192,0.037188208616780044
32193,0.037188208616780044
32194,0.037188208616780044
32195,0.09319125880440672
32196,0.4111776447105788
32197,0.037188208616780044
32198,0.6104928457869634
32199,0.6104928457869634
32200,0.26552462526766596
32201,0.17964071856287425
32202,0.037188208616780044
32203,0.42776203966005666
32204,0.17964071856287425
32205,0.09319125880440672
32206,0.037188208616780044
32207,0.6104928457869634
32208,0.037188208616780044
32209,0.037188208616780044
32210,0.0189873417721519
32211,0.037188208616780044
32212,0.037188208616780044
32213,0.09319125880440672
32214,0.09319125880440672
32215,0.27807486631016043
32216,0.5738636363636364
32217,0.09319125880440672
32218,0.2184936614466816
32219,0.09319125880440672
32220,0.3763440860215054
32221,0.6805251641137856
32222,0.09319125880440672
32223,0.4111776447105788
32224,0.48520710059171596
32225,0.17964071856287425
32226,0.4111776447105788
32227,0.09319125880440672
32228,0.6104928457869634
32229,0.037188208616780044
32230,0.037188208616780044
32231,0.42776203966005666
32232,0.4111776447105788
32233,0.037188208616780044
32234,0.09319125880440672
32235,0.17964071856287425
32236,0.09319125880440672
32237,0.7655172413793103
32238,0.037188208616780044
32239,0.0189873417721519
32240,0.037188208616780044
32241,0.4797297297297297
32242,0.09319125880440672
32243,0.09319125880440672
32244,0.037188208616780044
32245,0.2184936614466816
32246,0.4111776447105788
32247,0.09319125880440672
32248,0.48520710059171596
32249,0.037188208616780044
32250,0.09319125880440672
32251,0.2184936614466816
32252,0.6805251641137856
32253,0.09319125880440672
32254,0.09319125880440672
32255,0.0189873417721519
32256,0.4111776447105788
32257,0.09319125880440672
32258,0.09319125880440672
32259,0.09319125880440672
32260,0.09319125880440672
32261,0.037188208616780044
32262,0.09319125880440672
32263,0.09319125880440672
32264,0.037188208616780044
32265,0.4111776447105788
32266,0.09319125880440672
32267,0.09319125880440672
32268,0.09319125880440672
32269,0.42776203966005666
32270,0.4787234042553192
32271,0.6805251641137856
32272,0.037188208616780044
32273,0.09156193895870736
32274,0.42776203966005666
32275,0.09319125880440672
32276,0.4797297297297297
32277,0.12796208530805686
32278,0.09319125880440672
32279,0.0189873417721519
32280,0.4111776447105788
32281,0.7655172413793103
32282,0.17964071856287425
32283,0.17964071856287425
32284,0.6104928457869634
32285,0.17964071856287425
32286,0.09156193895870736
32287,0.037188208616780044
32288,0.09319125880440672
32289,0.42776203966005666
32290,0.037188208616780044
32291,0.17391304347826086
32292,0.09319125880440672
32293,0.4698275862068966
32294,0.2184936614466816
32295,0.09319125880440672
32296,0.13432835820895522
32297,0.4698275862068966
32298,0.037188208616780044
32299,0.2184936614466816
32300,0.037188208616780044
32301,0.038461538461538464
32302,0.09319125880440672
32303,0.17964071856287425
32304,0.037188208616780044
32305,0.09319125880440672
32306,0.48520710059171596
32307,0.09319125880440672
32308,0.4111776447105788
32309,0.17964071856287425
32310,0.48520710059171596
32311,0.09319125880440672
32312,0.4111776447105788
32313,0.11239193083573487
32314,0.09156193895870736
32315,0.09319125880440672
32316,0.09319125880440672
32317,0.09319125880440672
32318,0.09319125880440672
32319,0.09319125880440672
32320,0.037188208616780044
32321,0.2184936614466816
32322,0.11239193083573487
32323,0.7655172413793103
32324,0.2184936614466816
32325,0.12796208530805686
32326,0.17964071856287425
32327,0.037188208616780044
32328,0.0189873417721519
32329,0.09319125880440672
32330,0.17964071856287425
32331,0.09319125880440672
32332,0.037188208616780044
32333,0.037188208616780044
32334,0.037188208616780044
32335,0.037188208616780044
32336,0.037188208616780044
32337,0.12796208530805686
32338,0.09319125880440672
32339,0.26552462526766596
32340,0.26552462526766596
32341,0.3958333333333333
32342,0.037188208616780044
32343,0.4797297297297297
32344,0.4111776447105788
32345,0.09319125880440672
32346,0.09319125880440672
32347,0.2184936614466816
32348,0.09319125880440672
32349,0.17964071856287425
32350,0.09319125880440672
32351,0.4
32352,0.037188208616780044
32353,0.09319125880440672
32354,0.4111776447105788
32355,0.09319125880440672
32356,0.13432835820895522
32357,0.3958333333333333
32358,0.09319125880440672
32359,0.6805251641137856
32360,0.2184936614466816
32361,0.037188208616780044
32362,0.09319125880440672
32363,0.0189873417721519
32364,0.13432835820895522
32365,0.09319125880440672
32366,0.09319125880440672
32367,0.09319125880440672
32368,0.09319125880440672
32369,0.17964071856287425
32370,0.037188208616780044
32371,0.0189873417721519
32372,0.037188208616780044
32373,0.09319125880440672
32374,0.09319125880440672
32375,0.17964071856287425
32376,0.09319125880440672
32377,0.037188208616780044
32378,0.09319125880440672
32379,0.11239193083573487
32380,0.09319125880440672
32381,0.037188208616780044
32382,0.2184936614466816
32383,0.17964071856287425
32384,0.09319125880440672
32385,0.037188208616780044
32386,0.13432835820895522
32387,0.48520710059171596
32388,0.037188208616780044
32389,0.0189873417721519
32390,0.037188208616780044
32391,0.2184936614466816
32392,0.09156193895870736
32393,0.6805251641137856
32394,0.037188208616780044
32395,0.4698275862068966
32396,0.09319125880440672
32397,0.037188208616780044
32398,0.09319125880440672
32399,0.6104928457869634
32400,0.3763440860215054
32401,0.09319125880440672
32402,0.0189873417721519
32403,0.037188208616780044
32404,0.037188208616780044
32405,0.2184936614466816
32406,0.4111776447105788
32407,0.09319125880440672
32408,0.037188208616780044
32409,0.09319125880440672
32410,0.09319125880440672
32411,0.09319125880440672
32412,0.037188208616780044
32413,0.09319125880440672
32414,0.17964071856287425
32415,0.037188208616780044
32416,0.6104928457869634
32417,0.09319125880440672
32418,0.037188208616780044
32419,0.12796208530805686
32420,0.4698275862068966
32421,0.09319125880440672
32422,0.037188208616780044
32423,0.09319125880440672
32424,0.4111776447105788
32425,0.7655172413793103
32426,0.0189873417721519
32427,0.27807486631016043
32428,0.11239193083573487
32429,0.26552462526766596
32430,0.09319125880440672
32431,0.6104928457869634
32432,0.09319125880440672
32433,0.4111776447105788
32434,0.09319125880440672
32435,0.2184936614466816
32436,0.09319125880440672
32437,0.09319125880440672
32438,0.09319125880440672
32439,0.26552462526766596
32440,0.09319125880440672
32441,0.4797297297297297
32442,0.09319125880440672
32443,0.09319125880440672
32444,0.7655172413793103
32445,0.037188208616780044
32446,0.17964071856287425
32447,0.037188208616780044
32448,0.037188208616780044
32449,0.037188208616780044
32450,0.4698275862068966
32451,0.037188208616780044
32452,0.037188208616780044
32453,0.6805251641137856
32454,0.42776203966005666
32455,0.27807486631016043
32456,0.037188208616780044
32457,0.037188208616780044
32458,0.17964071856287425
32459,0.037188208616780044
32460,0.09319125880440672
32461,0.037188208616780044
32462,0.037188208616780044
32463,0.27807486631016043
32464,0.17391304347826086
32465,0.037188208616780044
32466,0.037188208616780044
32467,0.037188208616780044
32468,0.037188208616780044
32469,0.09319125880440672
32470,0.037188208616780044
32471,0.037188208616780044
32472,0.09319125880440672
32473,0.037188208616780044
32474,0.09319125880440672
32475,0.26552462526766596
32476,0.037188208616780044
32477,0.037188208616780044
32478,0.17964071856287425
32479,0.037188208616780044
32480,0.2184936614466816
32481,0.2184936614466816
32482,0.09319125880440672
32483,0.2184936614466816
32484,0.4111776447105788
32485,0.11239193083573487
32486,0.09319125880440672
32487,0.4111776447105788
32488,0.09156193895870736
32489,0.26552462526766596
32490,0.17964071856287425
32491,0.6104928457869634
32492,0.4111776447105788
32493,0.037188208616780044
32494,0.09319125880440672
32495,0.4797297297297297
32496,0.09319125880440672
32497,0.13432835820895522
32498,0.7655172413793103
32499,0.037188208616780044
32500,0.09319125880440672
32501,0.7655172413793103
32502,0.48520710059171596
32503,0.09319125880440672
32504,0.3763440860215054
32505,0.037188208616780044
32506,0.6104928457869634
32507,0.0189873417721519
32508,0.42776203966005666
32509,0.09319125880440672
32510,0.3958333333333333
32511,0.6805251641137856
32512,0.037188208616780044
32513,0.4
32514,0.09319125880440672
32515,0.42776203966005666
32516,0.2184936614466816
32517,0.09319125880440672
32518,0.4
32519,0.17964071856287425
32520,0.0189873417721519
32521,0.037188208616780044
32522,0.037188208616780044
32523,0.09319125880440672
32524,0.4797297297297297
32525,0.4111776447105788
32526,0.09319125880440672
32527,0.42776203966005666
32528,0.09319125880440672
32529,0.037188208616780044
32530,0.6805251641137856
32531,0.037188208616780044
32532,0.09319125880440672
32533,0.7655172413793103
32534,0.7655172413793103
32535,0.037188208616780044
32536,0.26552462526766596
32537,0.6104928457869634
32538,0.2184936614466816
32539,0.09319125880440672
32540,0.037188208616780044
32541,0.11239193083573487
32542,0.13432835820895522
32543,0.038461538461538464
32544,0.0189873417721519
32545,0.42776203966005666
32546,0.4111776447105788
32547,0.09319125880440672
32548,0.037188208616780044
32549,0.09319125880440672
32550,0.17964071856287425
32551,0.11239193083573487
32552,0.48520710059171596
32553,0.0189873417721519
32554,0.4111776447105788
32555,0.037188208616780044
32556,0.4111776447105788
32557,0.037188208616780044
32558,0.17964071856287425
32559,0.09319125880440672
32560,0.5738636363636364
32561,0.09319125880440672
32562,0.13432835820895522
32563,0.7521739130434782
32564,0.7521739130434782
32565,0.09319125880440672
32566,0.09319125880440672
32567,0.09156193895870736
32568,0.09319125880440672
32569,0.2184936614466816
32570,0.037188208616780044
32571,0.48520710059171596
32572,0.09319125880440672
32573,0.037188208616780044
32574,0.09319125880440672
32575,0.13432835820895522
32576,0.13432835820895522
32577,0.09319125880440672
32578,0.09319125880440672
32579,0.7655172413793103
32580,0.6805251641137856
32581,0.038461538461538464
32582,0.09319125880440672
32583,0.09319125880440672
32584,0.8103448275862069
32585,0.12796208530805686
32586,0.17964071856287425
32587,0.2184936614466816
32588,0.11239193083573487
32589,0.037188208616780044
32590,0.13432835820895522
32591,0.09319125880440672
32592,0.3763440860215054
32593,0.037188208616780044
32594,0.09319125880440672
32595,0.037188208616780044
32596,0.26552462526766596
32597,0.037188208616780044
32598,0.17964071856287425
32599,0.037188208616780044
32600,0.17964071856287425
32601,0.09319125880440672
32602,0.6104928457869634
32603,0.09319125880440672
32604,0.09319125880440672
32605,0.13432835820895522
32606,0.037188208616780044
32607,0.13432835820895522
32608,0.037188208616780044
32609,0.42776203966005666
32610,0.6104928457869634
32611,0.7655172413793103
32612,0.09319125880440672
32613,0.0189873417721519
32614,0.11239193083573487
32615,0.2184936614466816
32616,0.09319125880440672
32617,0.09156193895870736
32618,0.5738636363636364
32619,0.09319125880440672
32620,0.4797297297297297
32621,0.2184936614466816
32622,0.09319125880440672
32623,0.037188208616780044
32624,0.4111776447105788
32625,0.17964071856287425
32626,0.09319125880440672
32627,0.09319125880440672
32628,0.6104928457869634
32629,0.09319125880440672
32630,0.17964071856287425
32631,0.17964071856287425
32632,0.09319125880440672
32633,0.7655172413793103
32634,0.09319125880440672
32635,0.12796208530805686
32636,0.17964071856287425
32637,0.037188208616780044
32638,0.48520710059171596
32639,0.11239193083573487
32640,0.09319125880440672
32641,0.17964071856287425
32642,0.2184936614466816
32643,0.09319125880440672
32644,0.7655172413793103
32645,0.09319125880440672
32646,0.09319125880440672
32647,0.4698275862068966
32648,0.4698275862068966
32649,0.09319125880440672
32650,0.09319125880440672
32651,0.4111776447105788
32652,0.7655172413793103
32653,0.17964071856287425
32654,0.09319125880440672
32655,0.0189873417721519
32656,0.4111776447105788
32657,0.3763440860215054
32658,0.037188208616780044
32659,0.42776203966005666
32660,0.09319125880440672
32661,0.09156193895870736
32662,0.09319125880440672
32663,0.2184936614466816
32664,0.2184936614466816
32665,0.09319125880440672
32666,0.09319125880440672
32667,0.6805251641137856
32668,0.037188208616780044
32669,0.037188208616780044
32670,0.3763440860215054
32671,0.0189873417721519
32672,0.4111776447105788
32673,0.09319125880440672
32674,0.037188208616780044
32675,0.037188208616780044
32676,0.26552462526766596
32677,0.09319125880440672
32678,0.037188208616780044
32679,0.037188208616780044
32680,0.09319125880440672
32681,0.037188208616780044
32682,0.09319125880440672
32683,0.26552462526766596
32684,0.09156193895870736
32685,0.037188208616780044
32686,0.037188208616780044
32687,0.037188208616780044
32688,0.0189873417721519
32689,0.7655172413793103
32690,0.09319125880440672
32691,0.037188208616780044
32692,0.037188208616780044
32693,0.17964071856287425
32694,0.17964071856287425
32695,0.26552462526766596
32696,0.4111776447105788
32697,0.17391304347826086
32698,0.09319125880440672
32699,0.6104928457869634
32700,0.17964071856287425
32701,0.037188208616780044
32702,0.09319125880440672
32703,0.037188208616780044
32704,0.09319125880440672
32705,0.17964071856287425
32706,0.09319125880440672
32707,0.09319125880440672
32708,0.037188208616780044
32709,0.17964071856287425
32710,0.09319125880440672
32711,0.2184936614466816
32712,0.17964071856287425
32713,0.09319125880440672
32714,0.09319125880440672
32715,0.09319125880440672
32716,0.09319125880440672
32717,0.037188208616780044
32718,0.0189873417721519
32719,0.037188208616780044
32720,0.09319125880440672
32721,0.2184936614466816
32722,0.11239193083573487
32723,0.037188208616780044
32724,0.3763440860215054
32725,0.17964071856287425
32726,0.2184936614466816
32727,0.17964071856287425
32728,0.037188208616780044
32729,0.2184936614466816
32730,0.037188208616780044
32731,0.6805251641137856
32732,0.09319125880440672
32733,0.2184936614466816
32734,0.09319125880440672
32735,0.09319125880440672
32736,0.037188208616780044
32737,0.0189873417721519
32738,0.037188208616780044
32739,0.09319125880440672
32740,0.09319125880440672
32741,0.037188208616780044
32742,0.09319125880440672
32743,0.037188208616780044
32744,0.037188208616780044
32745,0.4111776447105788
32746,0.4787234042553192
32747,0.037188208616780044
32748,0.2184936614466816
32749,0.2184936614466816
32750,0.6805251641137856
32751,0.037188208616780044
32752,0.09319125880440672
32753,0.17964071856287425
32754,0.0189873417721519
32755,0.7655172413793103
32756,0.17964071856287425
32757,0.037188208616780044
32758,0.7655172413793103
32759,0.038461538461538464
32760,0.09319125880440672
32761,0.09319125880440672
32762,0.037188208616780044
32763,0.037188208616780044
32764,0.037188208616780044
32765,0.09319125880440672
32766,0.037188208616780044
32767,0.17964071856287425
32768,0.09319125880440672
32769,0.037188208616780044
32770,0.6805251641137856
32771,0.037188208616780044
32772,0.2184936614466816
32773,0.0189873417721519
32774,0.037188208616780044
32775,0.09319125880440672
32776,0.09319125880440672
32777,0.4111776447105788
32778,0.09319125880440672
32779,0.4111776447105788
32780,0.13432835820895522
32781,0.17391304347826086
32782,0.037188208616780044
32783,0.037188208616780044
32784,0.3763440860215054
32785,0.037188208616780044
32786,0.6104928457869634
32787,0.11239193083573487
32788,0.2184936614466816
32789,0.6805251641137856
32790,0.7521739130434782
32791,0.09156193895870736
32792,0.48520710059171596
32793,0.17964071856287425
32794,0.037188208616780044
32795,0.037188208616780044
32796,0.6805251641137856
32797,0.037188208616780044
32798,0.037188208616780044
32799,0.17964071856287425
32800,0.037188208616780044
32801,0.4
32802,0.4797297297297297
32803,0.037188208616780044
32804,0.26552462526766596
32805,0.13432835820895522
32806,0.12796208530805686
32807,0.037188208616780044
32808,0.09319125880440672
32809,0.2184936614466816
32810,0.26552462526766596
32811,0.09319125880440672
32812,0.037188208616780044
32813,0.09319125880440672
32814,0.037188208616780044
32815,0.4698275862068966
32816,0.2184936614466816
32817,0.038461538461538464
32818,0.4797297297297297
32819,0.13432835820895522
32820,0.037188208616780044
32821,0.4698275862068966
32822,0.037188208616780044
32823,0.26552462526766596
32824,0.037188208616780044
32825,0.8461538461538461
32826,0.6104928457869634
32827,0.037188208616780044
32828,0.037188208616780044
32829,0.7655172413793103
32830,0.09319125880440672
32831,0.037188208616780044
32832,0.037188208616780044
32833,0.09319125880440672
32834,0.09319125880440672
32835,0.13432835820895522
32836,0.6104928457869634
32837,0.3958333333333333
32838,0.09319125880440672
32839,0.13432835820895522
32840,0.09319125880440672
32841,0.6104928457869634
32842,0.09319125880440672
32843,0.7655172413793103
32844,0.037188208616780044
32845,0.037188208616780044
32846,0.13432835820895522
32847,0.17391304347826086
32848,0.4111776447105788
32849,0.09319125880440672
32850,0.037188208616780044
32851,0.48520710059171596
32852,0.4111776447105788
32853,0.09319125880440672
32854,0.13432835820895522
32855,0.09319125880440672
32856,0.037188208616780044
32857,0.09319125880440672
32858,0.26552462526766596
32859,0.037188208616780044
32860,0.4698275862068966
32861,0.09319125880440672
32862,0.3958333333333333
32863,0.09319125880440672
32864,0.09319125880440672
32865,0.09319125880440672
32866,0.037188208616780044
32867,0.4111776447105788
32868,0.17964071856287425
32869,0.0189873417721519
32870,0.17964071856287425
32871,0.09319125880440672
32872,0.11239193083573487
32873,0.3763440860215054
32874,0.037188208616780044
32875,0.09319125880440672
32876,0.7655172413793103
32877,0.037188208616780044
32878,0.13432835820895522
32879,0.037188208616780044
32880,0.42776203966005666
32881,0.2184936614466816
32882,0.4111776447105788
32883,0.09319125880440672
32884,0.037188208616780044
32885,0.6104928457869634
32886,0.09319125880440672
32887,0.09319125880440672
32888,0.17391304347826086
32889,0.6805251641137856
32890,0.037188208616780044
32891,0.6104928457869634
32892,0.17964071856287425
32893,0.4111776447105788
32894,0.4787234042553192
32895,0.17964071856287425
32896,0.09319125880440672
32897,0.13432835820895522
32898,0.4111776447105788
32899,0.4111776447105788
32900,0.11239193083573487
32901,0.17964071856287425
32902,0.13432835820895522
32903,0.17964071856287425
32904,0.037188208616780044
32905,0.037188208616780044
32906,0.27807486631016043
32907,0.8103448275862069
32908,0.6805251641137856
32909,0.13432835820895522
32910,0.0189873417721519
32911,0.26552462526766596
32912,0.037188208616780044
32913,0.7655172413793103
32914,0.09319125880440672
32915,0.2184936614466816
32916,0.13432835820895522
32917,0.09319125880440672
32918,0.2184936614466816
32919,0.7655172413793103
32920,0.17964071856287425
32921,0.5738636363636364
32922,0.037188208616780044
32923,0.038461538461538464
32924,0.42776203966005666
32925,0.13432835820895522
32926,0.09319125880440672
32927,0.037188208616780044
32928,0.13432835820895522
32929,0.2184936614466816
32930,0.09319125880440672
32931,0.09319125880440672
32932,0.13432835820895522
32933,0.0189873417721519
32934,0.4111776447105788
32935,0.4111776447105788
32936,0.4111776447105788
32937,0.6805251641137856
32938,0.09319125880440672
32939,0.0189873417721519
32940,0.3763440860215054
32941,0.037188208616780044
32942,0.037188208616780044
32943,0.037188208616780044
32944,0.3958333333333333
32945,0.17964071856287425
32946,0.037188208616780044
32947,0.09319125880440672
32948,0.17391304347826086
32949,0.09319125880440672
32950,0.09319125880440672
32951,0.6104928457869634
32952,0.7655172413793103
32953,0.09319125880440672
32954,0.17964071856287425
32955,0.26552462526766596
32956,0.8103448275862069
32957,0.037188208616780044
32958,0.2184936614466816
32959,0.09319125880440672
32960,0.09319125880440672
32961,0.4111776447105788
32962,0.09319125880440672
32963,0.09319125880440672
32964,0.037188208616780044
32965,0.4111776447105788
32966,0.038461538461538464
32967,0.09319125880440672
32968,0.09319125880440672
32969,0.09319125880440672
32970,0.037188208616780044
32971,0.037188208616780044
32972,0.09319125880440672
32973,0.4111776447105788
32974,0.09319125880440672
32975,0.6104928457869634
32976,0.037188208616780044
32977,0.09156193895870736
32978,0.037188208616780044
32979,0.09319125880440672
32980,0.2184936614466816
32981,0.037188208616780044
32982,0.09319125880440672
32983,0.8938547486033519
32984,0.6104928457869634
32985,0.17964071856287425
32986,0.13432835820895522
32987,0.26552462526766596
32988,0.037188208616780044
32989,0.0189873417721519
32990,0.6104928457869634
32991,0.0189873417721519
32992,0.4111776447105788
32993,0.09319125880440672
32994,0.09319125880440672
32995,0.26552462526766596
32996,0.4111776447105788
32997,0.12796208530805686
32998,0.13432835820895522
32999,0.09319125880440672
33000,0.09319125880440672
33001,0.09319125880440672
33002,0.09156193895870736
33003,0.037188208616780044
33004,0.09319125880440672
33005,0.2184936614466816
33006,0.8103448275862069
33007,0.09319125880440672
33008,0.09319125880440672
33009,0.4111776447105788
33010,0.27807486631016043
33011,0.037188208616780044
33012,0.037188208616780044
33013,0.09156193895870736
33014,0.037188208616780044
33015,0.17964071856287425
33016,0.037188208616780044
33017,0.48520710059171596
33018,0.7521739130434782
33019,0.7655172413793103
33020,0.4797297297297297
33021,0.037188208616780044
33022,0.4797297297297297
33023,0.037188208616780044
33024,0.13432835820895522
33025,0.2184936614466816
33026,0.7655172413793103
33027,0.2184936614466816
33028,0.2184936614466816
33029,0.17964071856287425
33030,0.09319125880440672
33031,0.09319125880440672
33032,0.2184936614466816
33033,0.037188208616780044
33034,0.037188208616780044
33035,0.037188208616780044
33036,0.09319125880440672
33037,0.7521739130434782
33038,0.2184936614466816
33039,0.11239193083573487
33040,0.17964071856287425
33041,0.037188208616780044
33042,0.037188208616780044
33043,0.037188208616780044
33044,0.2184936614466816
33045,0.037188208616780044
33046,0.12796208530805686
33047,0.09319125880440672
33048,0.6104928457869634
33049,0.09319125880440672
33050,0.42776203966005666
33051,0.037188208616780044
33052,0.7521739130434782
33053,0.09156193895870736
33054,0.037188208616780044
33055,0.037188208616780044
33056,0.2184936614466816
33057,0.09319125880440672
33058,0.13432835820895522
33059,0.13432835820895522
33060,0.4111776447105788
33061,0.037188208616780044
33062,0.09156193895870736
33063,0.037188208616780044
33064,0.2184936614466816
33065,0.42776203966005666
33066,0.2184936614466816
33067,0.09319125880440672
33068,0.037188208616780044
33069,0.037188208616780044
33070,0.037188208616780044
33071,0.42776203966005666
33072,0.09319125880440672
33073,0.17964071856287425
33074,0.09319125880440672
33075,0.09319125880440672
33076,0.09319125880440672
33077,0.17391304347826086
33078,0.2184936614466816
33079,0.037188208616780044
33080,0.11239193083573487
33081,0.09319125880440672
33082,0.2184936614466816
33083,0.8938547486033519
33084,0.4111776447105788
33085,0.42776203966005666
33086,0.09319125880440672
33087,0.037188208616780044
33088,0.13432835820895522
33089,0.037188208616780044
33090,0.037188208616780044
33091,0.2184936614466816
33092,0.037188208616780044
33093,0.42776203966005666
33094,0.6805251641137856
33095,0.48520710059171596
33096,0.13432835820895522
33097,0.09319125880440672
33098,0.4797297297297297
33099,0.037188208616780044
33100,0.09319125880440672
33101,0.037188208616780044
33102,0.48520710059171596
33103,0.037188208616780044
33104,0.09319125880440672
33105,0.09319125880440672
33106,0.09319125880440672
33107,0.0189873417721519
33108,0.037188208616780044
33109,0.13432835820895522
33110,0.037188208616780044
33111,0.037188208616780044
33112,0.09319125880440672
33113,0.2184936614466816
33114,0.42776203966005666
33115,0.7655172413793103
33116,0.037188208616780044
33117,0.2184936614466816
33118,0.09319125880440672
33119,0.48520710059171596
33120,0.2184936614466816
33121,0.3958333333333333
33122,0.09319125880440672
33123,0.037188208616780044
33124,0.09319125880440672
33125,0.42776203966005666
33126,0.13432835820895522
33127,0.4797297297297297
33128,0.037188208616780044
33129,0.4111776447105788
33130,0.037188208616780044
33131,0.037188208616780044
33132,0.42776203966005666
33133,0.09156193895870736
33134,0.09319125880440672
33135,0.17964071856287425
33136,0.7655172413793103
33137,0.037188208616780044
33138,0.7521739130434782
33139,0.09319125880440672
33140,0.09319125880440672
33141,0.26552462526766596
33142,0.037188208616780044
33143,0.12796208530805686
33144,0.27807486631016043
33145,0.09319125880440672
33146,0.09319125880440672
33147,0.037188208616780044
33148,0.4111776447105788
33149,0.4111776447105788
33150,0.09319125880440672
33151,0.09156193895870736
33152,0.2184936614466816
33153,0.17964071856287425
33154,0.037188208616780044
33155,0.09319125880440672
33156,0.09156193895870736
33157,0.09319125880440672
33158,0.09319125880440672
33159,0.09156193895870736
33160,0.4698275862068966
33161,0.037188208616780044
33162,0.037188208616780044
33163,0.037188208616780044
33164,0.037188208616780044
33165,0.17964071856287425
33166,0.037188208616780044
33167,0.17964071856287425
33168,0.13432835820895522
33169,0.09319125880440672
33170,0.2184936614466816
33171,0.17391304347826086
33172,0.6104928457869634
33173,0.09319125880440672
33174,0.09319125880440672
33175,0.09319125880440672
33176,0.037188208616780044
33177,0.037188208616780044
33178,0.09319125880440672
33179,0.2184936614466816
33180,0.0189873417721519
33181,0.4111776447105788
33182,0.037188208616780044
33183,0.09319125880440672
33184,0.09319125880440672
33185,0.17964071856287425
33186,0.037188208616780044
33187,0.26552462526766596
33188,0.037188208616780044
33189,0.13432835820895522
33190,0.09319125880440672
33191,0.037188208616780044
33192,0.09319125880440672
33193,0.2184936614466816
33194,0.09319125880440672
33195,0.09319125880440672
33196,0.037188208616780044
33197,0.09319125880440672
33198,0.26552462526766596
33199,0.42776203966005666
33200,0.09319125880440672
33201,0.48520710059171596
33202,0.09319125880440672
33203,0.4111776447105788
33204,0.09319125880440672
33205,0.09319125880440672
33206,0.26552462526766596
33207,0.0189873417721519
33208,0.42776203966005666
33209,0.037188208616780044
33210,0.2184936614466816
33211,0.09319125880440672
33212,0.037188208616780044
33213,0.26552462526766596
33214,0.037188208616780044
33215,0.09319125880440672
33216,0.09319125880440672
33217,0.09319125880440672
33218,0.09319125880440672
33219,0.26552462526766596
33220,0.17964071856287425
33221,0.17964071856287425
33222,0.7655172413793103
33223,0.4111776447105788
33224,0.26552462526766596
33225,0.4797297297297297
33226,0.09319125880440672
33227,0.037188208616780044
33228,0.5738636363636364
33229,0.09319125880440672
33230,0.0189873417721519
33231,0.037188208616780044
33232,0.037188208616780044
33233,0.3763440860215054
33234,0.5738636363636364
33235,0.09319125880440672
33236,0.09319125880440672
33237,0.09319125880440672
33238,0.037188208616780044
33239,0.09156193895870736
33240,0.4111776447105788
33241,0.5738636363636364
33242,0.09319125880440672
33243,0.6104928457869634
33244,0.6104928457869634
33245,0.2184936614466816
33246,0.8938547486033519
33247,0.09319125880440672
33248,0.17964071856287425
33249,0.037188208616780044
33250,0.2184936614466816
33251,0.09319125880440672
33252,0.7521739130434782
33253,0.7655172413793103
33254,0.037188208616780044
33255,0.09319125880440672
33256,0.13432835820895522
33257,0.037188208616780044
33258,0.09319125880440672
33259,0.17964071856287425
33260,0.6805251641137856
33261,0.2184936614466816
33262,0.6805251641137856
33263,0.037188208616780044
33264,0.09156193895870736
33265,0.11239193083573487
33266,0.11239193083573487
33267,0.09319125880440672
33268,0.26552462526766596
33269,0.09319125880440672
33270,0.09319125880440672
33271,0.17964071856287425
33272,0.42776203966005666
33273,0.13432835820895522
33274,0.037188208616780044
33275,0.6104928457869634
33276,0.4111776447105788
33277,0.09319125880440672
33278,0.037188208616780044
33279,0.42776203966005666
33280,0.4111776447105788
33281,0.0189873417721519
33282,0.2184936614466816
33283,0.2184936614466816
33284,0.09319125880440672
33285,0.27807486631016043
33286,0.09319125880440672
33287,0.4797297297297297
33288,0.09319125880440672
33289,0.26552462526766596
33290,0.26552462526766596
33291,0.037188208616780044
33292,0.09156193895870736
33293,0.09156193895870736
33294,0.17964071856287425
33295,0.42776203966005666
33296,0.26552462526766596
33297,0.12796208530805686
33298,0.09319125880440672
33299,0.27807486631016043
33300,0.4111776447105788
33301,0.09319125880440672
33302,0.09319125880440672
33303,0.7521739130434782
33304,0.09319125880440672
33305,0.42776203966005666
33306,0.037188208616780044
33307,0.2184936614466816
33308,0.037188208616780044
33309,0.09319125880440672
33310,0.11239193083573487
33311,0.09319125880440672
33312,0.0189873417721519
33313,0.13432835820895522
33314,0.09319125880440672
33315,0.09319125880440672
33316,0.09319125880440672
33317,0.037188208616780044
33318,0.09319125880440672
33319,0.17964071856287425
33320,0.09156193895870736
33321,0.09319125880440672
33322,0.2184936614466816
33323,0.09319125880440672
33324,0.037188208616780044
33325,0.2184936614466816
33326,0.17964071856287425
33327,0.09319125880440672
33328,0.4111776447105788
33329,0.09319125880440672
33330,0.09319125880440672
33331,0.09319125880440672
33332,0.27807486631016043
33333,0.037188208616780044
33334,0.09319125880440672
33335,0.6104928457869634
33336,0.09319125880440672
33337,0.13432835820895522
33338,0.037188208616780044
33339,0.09319125880440672
33340,0.12796208530805686
33341,0.09319125880440672
33342,0.8938547486033519
33343,0.2184936614466816
33344,0.42776203966005666
33345,0.2184936614466816
33346,0.09319125880440672
33347,0.6104928457869634
33348,0.2184936614466816
33349,0.09319125880440672
33350,0.09319125880440672
33351,0.2184936614466816
33352,0.09319125880440672
33353,0.09319125880440672
33354,0.6805251641137856
33355,0.6805251641137856
33356,0.13432835820895522
33357,0.8938547486033519
33358,0.4111776447105788
33359,0.038461538461538464
33360,0.037188208616780044
33361,0.48520710059171596
33362,0.09319125880440672
33363,0.09319125880440672
33364,0.09319125880440672
33365,0.7655172413793103
33366,0.09319125880440672
33367,0.17964071856287425
33368,0.09319125880440672
33369,0.2184936614466816
33370,0.09319125880440672
33371,0.7655172413793103
33372,0.09319125880440672
33373,0.12796208530805686
33374,0.09319125880440672
33375,0.037188208616780044
33376,0.037188208616780044
33377,0.2184936614466816
33378,0.09319125880440672
33379,0.2184936614466816
33380,0.42776203966005666
33381,0.3958333333333333
33382,0.42776203966005666
33383,0.037188208616780044
33384,0.09156193895870736
33385,0.17964071856287425
33386,0.2184936614466816
33387,0.0189873417721519
33388,0.09319125880440672
33389,0.037188208616780044
33390,0.09319125880440672
33391,0.27807486631016043
33392,0.4698275862068966
33393,0.17964071856287425
33394,0.037188208616780044
33395,0.17964071856287425
33396,0.2184936614466816
33397,0.09319125880440672
33398,0.48520710059171596
33399,0.17964071856287425
33400,0.2184936614466816
33401,0.0189873417721519
33402,0.8938547486033519
33403,0.037188208616780044
33404,0.037188208616780044
33405,0.17391304347826086
33406,0.17964071856287425
33407,0.8103448275862069
33408,0.0189873417721519
33409,0.037188208616780044
33410,0.037188208616780044
33411,0.09319125880440672
33412,0.4698275862068966
33413,0.09319125880440672
33414,0.2184936614466816
33415,0.4111776447105788
33416,0.037188208616780044
33417,0.42776203966005666
33418,0.037188208616780044
33419,0.6805251641137856
33420,0.42776203966005666
33421,0.038461538461538464
33422,0.038461538461538464
33423,0.09319125880440672
33424,0.09319125880440672
33425,0.037188208616780044
33426,0.09319125880440672
33427,0.09319125880440672
33428,0.037188208616780044
33429,0.17964071856287425
33430,0.27807486631016043
33431,0.42776203966005666
33432,0.09156193895870736
33433,0.7655172413793103
33434,0.09319125880440672
33435,0.4787234042553192
33436,0.09319125880440672
33437,0.09319125880440672
33438,0.11239193083573487
33439,0.037188208616780044
33440,0.09319125880440672
33441,0.09319125880440672
33442,0.037188208616780044
33443,0.2184936614466816
33444,0.17964071856287425
33445,0.09319125880440672
33446,0.7521739130434782
33447,0.17964071856287425
33448,0.09319125880440672
33449,0.037188208616780044
33450,0.09319125880440672
33451,0.037188208616780044
33452,0.09156193895870736
33453,0.24324324324324326
33454,0.6805251641137856
33455,0.09319125880440672
33456,0.2184936614466816
33457,0.09156193895870736
33458,0.4111776447105788
33459,0.09156193895870736
33460,0.037188208616780044
33461,0.13432835820895522
33462,0.4111776447105788
33463,0.037188208616780044
33464,0.09319125880440672
33465,0.2184936614466816
33466,0.2184936614466816
33467,0.24324324324324326
33468,0.17964071856287425
33469,0.09319125880440672
33470,0.09319125880440672
33471,0.037188208616780044
33472,0.4111776447105788
33473,0.2184936614466816
33474,0.09319125880440672
33475,0.0189873417721519
33476,0.037188208616780044
33477,0.3763440860215054
33478,0.17964071856287425
33479,0.42776203966005666
33480,0.037188208616780044
33481,0.42776203966005666
33482,0.037188208616780044
33483,0.037188208616780044
33484,0.037188208616780044
33485,0.09319125880440672
33486,0.3958333333333333
33487,0.037188208616780044
33488,0.4111776447105788
33489,0.4111776447105788
33490,0.17964071856287425
33491,0.037188208616780044
33492,0.09319125880440672
33493,0.13432835820895522
33494,0.7655172413793103
33495,0.17964071856287425
33496,0.09319125880440672
33497,0.13432835820895522
33498,0.09319125880440672
33499,0.09319125880440672
33500,0.09319125880440672
33501,0.037188208616780044
33502,0.037188208616780044
33503,0.42776203966005666
33504,0.037188208616780044
33505,0.27807486631016043
33506,0.27807486631016043
33507,0.09319125880440672
33508,0.17964071856287425
33509,0.42776203966005666
33510,0.3763440860215054
33511,0.26552462526766596
33512,0.09319125880440672
33513,0.0189873417721519
33514,0.2184936614466816
33515,0.2184936614466816
33516,0.037188208616780044
33517,0.09319125880440672
33518,0.037188208616780044
33519,0.4111776447105788
33520,0.037188208616780044
33521,0.13432835820895522
33522,0.0189873417721519
33523,0.09319125880440672
33524,0.2184936614466816
33525,0.037188208616780044
33526,0.4698275862068966
33527,0.6805251641137856
33528,0.037188208616780044
33529,0.037188208616780044
33530,0.038461538461538464
33531,0.2184936614466816
33532,0.09319125880440672
33533,0.037188208616780044
33534,0.11239193083573487
33535,0.09319125880440672
33536,0.09319125880440672
33537,0.09319125880440672
33538,0.12796208530805686
33539,0.09319125880440672
33540,0.037188208616780044
33541,0.09319125880440672
33542,0.09319125880440672
33543,0.2184936614466816
33544,0.037188208616780044
33545,0.17964071856287425
33546,0.2184936614466816
33547,0.09319125880440672
33548,0.09319125880440672
33549,0.037188208616780044
33550,0.09319125880440672
33551,0.037188208616780044
33552,0.17964071856287425
33553,0.09319125880440672
33554,0.09319125880440672
33555,0.17964071856287425
33556,0.037188208616780044
33557,0.4111776447105788
33558,0.09319125880440672
33559,0.037188208616780044
33560,0.09319125880440672
33561,0.09319125880440672
33562,0.13432835820895522
33563,0.037188208616780044
33564,0.09319125880440672
33565,0.09319125880440672
33566,0.2184936614466816
33567,0.09319125880440672
33568,0.17391304347826086
33569,0.09319125880440672
33570,0.7521739130434782
33571,0.17964071856287425
33572,0.09319125880440672
33573,0.037188208616780044
33574,0.27807486631016043
33575,0.09319125880440672
33576,0.42776203966005666
33577,0.42776203966005666
33578,0.2184936614466816
33579,0.09319125880440672
33580,0.09319125880440672
33581,0.09156193895870736
33582,0.26552462526766596
33583,0.26552462526766596
33584,0.6104928457869634
33585,0.48520710059171596
33586,0.037188208616780044
33587,0.09319125880440672
33588,0.037188208616780044
33589,0.09319125880440672
33590,0.11239193083573487
33591,0.13432835820895522
33592,0.0189873417721519
33593,0.17391304347826086
33594,0.13432835820895522
33595,0.09156193895870736
33596,0.037188208616780044
33597,0.4111776447105788
33598,0.7521739130434782
33599,0.09319125880440672
33600,0.09319125880440672
33601,0.8103448275862069
33602,0.4797297297297297
33603,0.037188208616780044
33604,0.42776203966005666
33605,0.2184936614466816
33606,0.6805251641137856
33607,0.7655172413793103
33608,0.09156193895870736
33609,0.09319125880440672
33610,0.09319125880440672
33611,0.4787234042553192
33612,0.09319125880440672
33613,0.6805251641137856
33614,0.6805251641137856
33615,0.037188208616780044
33616,0.6805251641137856
33617,0.09319125880440672
33618,0.09319125880440672
33619,0.037188208616780044
33620,0.037188208616780044
33621,0.038461538461538464
33622,0.7521739130434782
33623,0.037188208616780044
33624,0.037188208616780044
33625,0.037188208616780044
33626,0.4111776447105788
33627,0.09319125880440672
33628,0.09319125880440672
33629,0.2184936614466816
33630,0.037188208616780044
33631,0.09319125880440672
33632,0.13432835820895522
33633,0.037188208616780044
33634,0.2184936614466816
33635,0.037188208616780044
33636,0.09319125880440672
33637,0.17964071856287425
33638,0.037188208616780044
33639,0.09319125880440672
33640,0.6104928457869634
33641,0.42776203966005666
33642,0.13432835820895522
33643,0.09319125880440672
33644,0.42776203966005666
33645,0.09319125880440672
33646,0.037188208616780044
33647,0.48520710059171596
33648,0.6104928457869634
33649,0.09319125880440672
33650,0.6805251641137856
33651,0.13432835820895522
33652,0.037188208616780044
33653,0.09319125880440672
33654,0.037188208616780044
33655,0.09319125880440672
33656,0.037188208616780044
33657,0.09319125880440672
33658,0.7655172413793103
33659,0.2184936614466816
33660,0.13432835820895522
33661,0.17964071856287425
33662,0.7655172413793103
33663,0.09319125880440672
33664,0.09156193895870736
33665,0.17964071856287425
33666,0.037188208616780044
33667,0.037188208616780044
33668,0.5738636363636364
33669,0.17391304347826086
33670,0.037188208616780044
33671,0.09319125880440672
33672,0.26552462526766596
33673,0.09319125880440672
33674,0.037188208616780044
33675,0.037188208616780044
33676,0.42776203966005666
33677,0.09319125880440672
33678,0.037188208616780044
33679,0.0189873417721519
33680,0.2184936614466816
33681,0.17964071856287425
33682,0.037188208616780044
33683,0.037188208616780044
33684,0.4111776447105788
33685,0.13432835820895522
33686,0.037188208616780044
33687,0.42776203966005666
33688,0.09319125880440672
33689,0.2184936614466816
33690,0.27807486631016043
33691,0.09156193895870736
33692,0.037188208616780044
33693,0.4797297297297297
33694,0.4111776447105788
33695,0.2184936614466816
33696,0.26552462526766596
33697,0.17964071856287425
33698,0.17964071856287425
33699,0.42776203966005666
33700,0.2184936614466816
33701,0.037188208616780044
33702,0.17964071856287425
33703,0.4698275862068966
33704,0.037188208616780044
33705,0.13432835820895522
33706,0.09319125880440672
33707,0.037188208616780044
33708,0.17391304347826086
33709,0.037188208616780044
33710,0.09319125880440672
33711,0.13432835820895522
33712,0.037188208616780044
33713,0.17964071856287425
33714,0.2184936614466816
33715,0.17964071856287425
33716,0.5738636363636364
33717,0.13432835820895522
33718,0.0189873417721519
33719,0.037188208616780044
33720,0.09319125880440672
33721,0.09319125880440672
33722,0.09319125880440672
33723,0.7655172413793103
33724,0.037188208616780044
33725,0.09319125880440672
33726,0.13432835820895522
33727,0.2184936614466816
33728,0.17964071856287425
33729,0.42776203966005666
33730,0.037188208616780044
33731,0.037188208616780044
33732,0.09319125880440672
33733,0.037188208616780044
33734,0.6805251641137856
33735,0.037188208616780044
33736,0.09319125880440672
33737,0.17964071856287425
33738,0.6104928457869634
33739,0.037188208616780044
33740,0.17964071856287425
33741,0.48520710059171596
33742,0.2184936614466816
33743,0.09319125880440672
33744,0.27807486631016043
33745,0.2184936614466816
33746,0.17964071856287425
33747,0.09319125880440672
33748,0.09319125880440672
33749,0.7655172413793103
33750,0.6104928457869634
33751,0.8938547486033519
33752,0.6805251641137856
33753,0.09319125880440672
33754,0.4111776447105788
33755,0.17964071856287425
33756,0.13432835820895522
33757,0.27807486631016043
33758,0.48520710059171596
33759,0.037188208616780044
33760,0.09319125880440672
33761,0.17964071856287425
33762,0.42776203966005666
33763,0.6805251641137856
33764,0.26552462526766596
33765,0.2184936614466816
33766,0.037188208616780044
33767,0.09156193895870736
33768,0.5738636363636364
33769,0.11239193083573487
33770,0.3763440860215054
33771,0.26552462526766596
33772,0.09319125880440672
33773,0.09319125880440672
33774,0.037188208616780044
33775,0.09319125880440672
33776,0.4111776447105788
33777,0.13432835820895522
33778,0.037188208616780044
33779,0.037188208616780044
33780,0.0189873417721519
33781,0.037188208616780044
33782,0.037188208616780044
33783,0.09319125880440672
33784,0.09319125880440672
33785,0.09319125880440672
33786,0.17964071856287425
33787,0.037188208616780044
33788,0.09156193895870736
33789,0.037188208616780044
33790,0.09319125880440672
33791,0.037188208616780044
33792,0.037188208616780044
33793,0.4111776447105788
33794,0.13432835820895522
33795,0.6104928457869634
33796,0.6104928457869634
33797,0.2184936614466816
33798,0.037188208616780044
33799,0.09319125880440672
33800,0.2184936614466816
33801,0.037188208616780044
33802,0.13432835820895522
33803,0.17964071856287425
33804,0.09319125880440672
33805,0.7655172413793103
33806,0.0189873417721519
33807,0.09319125880440672
33808,0.09319125880440672
33809,0.037188208616780044
33810,0.17964071856287425
33811,0.13432835820895522
33812,0.037188208616780044
33813,0.6104928457869634
33814,0.09319125880440672
33815,0.3958333333333333
33816,0.09319125880440672
33817,0.2184936614466816
33818,0.6104928457869634
33819,0.5738636363636364
33820,0.09319125880440672
33821,0.26552462526766596
33822,0.13432835820895522
33823,0.037188208616780044
33824,0.09319125880440672
33825,0.2184936614466816
33826,0.13432835820895522
33827,0.2184936614466816
33828,0.6805251641137856
33829,0.6805251641137856
33830,0.4111776447105788
33831,0.4698275862068966
33832,0.48520710059171596
33833,0.037188208616780044
33834,0.037188208616780044
33835,0.037188208616780044
33836,0.0189873417721519
33837,0.037188208616780044
33838,0.037188208616780044
33839,0.12796208530805686
33840,0.037188208616780044
33841,0.4787234042553192
33842,0.037188208616780044
33843,0.037188208616780044
33844,0.09319125880440672
33845,0.42776203966005666
33846,0.09319125880440672
33847,0.17964071856287425
33848,0.037188208616780044
33849,0.12796208530805686
33850,0.09319125880440672
33851,0.037188208616780044
33852,0.42776203966005666
33853,0.037188208616780044
33854,0.037188208616780044
33855,0.4111776447105788
33856,0.0189873417721519
33857,0.037188208616780044
33858,0.2184936614466816
33859,0.09319125880440672
33860,0.2184936614466816
33861,0.4787234042553192
33862,0.037188208616780044
33863,0.037188208616780044
33864,0.2184936614466816
33865,0.037188208616780044
33866,0.4787234042553192
33867,0.17391304347826086
33868,0.09319125880440672
33869,0.037188208616780044
33870,0.037188208616780044
33871,0.037188208616780044
33872,0.17964071856287425
33873,0.037188208616780044
33874,0.27807486631016043
33875,0.8938547486033519
33876,0.037188208616780044
33877,0.4111776447105788
33878,0.26552462526766596
33879,0.037188208616780044
33880,0.09319125880440672
33881,0.037188208616780044
33882,0.09156193895870736
33883,0.2184936614466816
33884,0.2184936614466816
33885,0.2184936614466816
33886,0.09319125880440672
33887,0.17964071856287425
33888,0.2184936614466816
33889,0.13432835820895522
33890,0.09319125880440672
33891,0.17964071856287425
33892,0.26552462526766596
33893,0.09319125880440672
33894,0.6104928457869634
33895,0.13432835820895522
33896,0.09156193895870736
33897,0.037188208616780044
33898,0.09319125880440672
33899,0.09156193895870736
33900,0.037188208616780044
33901,0.0189873417721519
33902,0.037188208616780044
33903,0.27807486631016043
33904,0.09156193895870736
33905,0.2184936614466816
33906,0.7521739130434782
33907,0.09319125880440672
33908,0.037188208616780044
33909,0.09319125880440672
33910,0.6104928457869634
33911,0.26552462526766596
33912,0.09319125880440672
33913,0.6805251641137856
33914,0.09319125880440672
33915,0.6104928457869634
33916,0.7655172413793103
33917,0.0189873417721519
33918,0.2184936614466816
33919,0.037188208616780044
33920,0.5738636363636364
33921,0.17964071856287425
33922,0.26552462526766596
33923,0.2184936614466816
33924,0.037188208616780044
33925,0.09319125880440672
33926,0.0189873417721519
33927,0.4787234042553192
33928,0.037188208616780044
33929,0.037188208616780044
33930,0.17964071856287425
33931,0.09319125880440672
33932,0.4111776447105788
33933,0.8103448275862069
33934,0.42776203966005666
33935,0.09319125880440672
33936,0.037188208616780044
33937,0.2184936614466816
33938,0.6104928457869634
33939,0.8938547486033519
33940,0.09319125880440672
33941,0.09319125880440672
33942,0.037188208616780044
33943,0.2184936614466816
33944,0.09319125880440672
33945,0.09319125880440672
33946,0.09319125880440672
33947,0.13432835820895522
33948,0.09319125880440672
33949,0.7655172413793103
33950,0.037188208616780044
33951,0.09319125880440672
33952,0.037188208616780044
33953,0.09319125880440672
33954,0.7655172413793103
33955,0.7655172413793103
33956,0.037188208616780044
33957,0.09319125880440672
33958,0.09319125880440672
33959,0.3958333333333333
33960,0.09319125880440672
33961,0.037188208616780044
33962,0.3958333333333333
33963,0.037188208616780044
33964,0.037188208616780044
33965,0.7655172413793103
33966,0.7521739130434782
33967,0.12796208530805686
33968,0.42776203966005666
33969,0.09319125880440672
33970,0.13432835820895522
33971,0.09319125880440672
33972,0.09319125880440672
33973,0.09319125880440672
33974,0.037188208616780044
33975,0.037188208616780044
33976,0.42776203966005666
33977,0.2184936614466816
33978,0.09319125880440672
33979,0.09319125880440672
33980,0.037188208616780044
33981,0.2184936614466816
33982,0.09319125880440672
33983,0.7655172413793103
33984,0.09319125880440672
33985,0.037188208616780044
33986,0.037188208616780044
33987,0.09319125880440672
33988,0.4787234042553192
33989,0.09319125880440672
33990,0.09319125880440672
33991,0.037188208616780044
33992,0.09319125880440672
33993,0.037188208616780044
33994,0.09319125880440672
33995,0.4111776447105788
33996,0.09319125880440672
33997,0.2184936614466816
33998,0.2184936614466816
33999,0.26552462526766596
34000,0.037188208616780044
34001,0.7521739130434782
34002,0.09156193895870736
34003,0.2184936614466816
34004,0.7655172413793103
34005,0.09319125880440672
34006,0.09319125880440672
34007,0.2184936614466816
34008,0.17964071856287425
34009,0.037188208616780044
34010,0.09319125880440672
34011,0.48520710059171596
34012,0.27807486631016043
34013,0.037188208616780044
34014,0.6805251641137856
34015,0.037188208616780044
34016,0.09319125880440672
34017,0.037188208616780044
34018,0.6104928457869634
34019,0.27807486631016043
34020,0.037188208616780044
34021,0.17964071856287425
34022,0.4111776447105788
34023,0.2184936614466816
34024,0.037188208616780044
34025,0.0189873417721519
34026,0.09319125880440672
34027,0.17964071856287425
34028,0.4111776447105788
34029,0.038461538461538464
34030,0.09319125880440672
34031,0.037188208616780044
34032,0.42776203966005666
34033,0.7655172413793103
34034,0.09319125880440672
34035,0.42776203966005666
34036,0.26552462526766596
34037,0.11239193083573487
34038,0.037188208616780044
34039,0.17964071856287425
34040,0.2184936614466816
34041,0.2184936614466816
34042,0.6104928457869634
34043,0.6805251641137856
34044,0.037188208616780044
34045,0.037188208616780044
34046,0.037188208616780044
34047,0.2184936614466816
34048,0.27807486631016043
34049,0.037188208616780044
34050,0.4111776447105788
34051,0.2184936614466816
34052,0.09319125880440672
34053,0.17964071856287425
34054,0.48520710059171596
34055,0.09319125880440672
34056,0.2184936614466816
34057,0.6104928457869634
34058,0.037188208616780044
34059,0.8103448275862069
34060,0.13432835820895522
34061,0.6104928457869634
34062,0.0189873417721519
34063,0.8103448275862069
34064,0.2184936614466816
34065,0.09319125880440672
34066,0.09319125880440672
34067,0.7521739130434782
34068,0.037188208616780044
34069,0.09319125880440672
34070,0.037188208616780044
34071,0.09319125880440672
34072,0.12796208530805686
34073,0.7655172413793103
34074,0.09319125880440672
34075,0.2184936614466816
34076,0.09319125880440672
34077,0.7655172413793103
34078,0.037188208616780044
34079,0.26552462526766596
34080,0.09319125880440672
34081,0.4111776447105788
34082,0.27807486631016043
34083,0.09319125880440672
34084,0.09319125880440672
34085,0.09319125880440672
34086,0.037188208616780044
34087,0.6104928457869634
34088,0.037188208616780044
34089,0.09319125880440672
34090,0.3958333333333333
34091,0.09319125880440672
34092,0.2184936614466816
34093,0.09156193895870736
34094,0.42776203966005666
34095,0.09319125880440672
34096,0.2184936614466816
34097,0.09319125880440672
34098,0.037188208616780044
34099,0.09319125880440672
34100,0.6805251641137856
34101,0.037188208616780044
34102,0.09319125880440672
34103,0.0189873417721519
34104,0.09319125880440672
34105,0.037188208616780044
34106,0.17964071856287425
34107,0.4111776447105788
34108,0.09319125880440672
34109,0.13432835820895522
34110,0.037188208616780044
34111,0.037188208616780044
34112,0.17964071856287425
34113,0.26552462526766596
34114,0.037188208616780044
34115,0.037188208616780044
34116,0.48520710059171596
34117,0.27807486631016043
34118,0.09319125880440672
34119,0.09156193895870736
34120,0.037188208616780044
34121,0.09319125880440672
34122,0.6104928457869634
34123,0.037188208616780044
34124,0.6104928457869634
34125,0.09319125880440672
34126,0.09319125880440672
34127,0.0189873417721519
34128,0.2184936614466816
34129,0.09319125880440672
34130,0.4111776447105788
34131,0.09319125880440672
34132,0.09319125880440672
34133,0.037188208616780044
34134,0.4111776447105788
34135,0.4111776447105788
34136,0.09319125880440672
34137,0.17391304347826086
34138,0.7655172413793103
34139,0.09319125880440672
34140,0.2184936614466816
34141,0.42776203966005666
34142,0.4111776447105788
34143,0.09319125880440672
34144,0.7655172413793103
34145,0.42776203966005666
34146,0.7655172413793103
34147,0.09319125880440672
34148,0.26552462526766596
34149,0.09319125880440672
34150,0.038461538461538464
34151,0.09319125880440672
34152,0.09319125880440672
34153,0.2184936614466816
34154,0.09319125880440672
34155,0.037188208616780044
34156,0.09319125880440672
34157,0.27807486631016043
34158,0.09319125880440672
34159,0.2184936614466816
34160,0.0189873417721519
34161,0.26552462526766596
34162,0.09319125880440672
34163,0.037188208616780044
34164,0.037188208616780044
34165,0.17964071856287425
34166,0.2184936614466816
34167,0.4787234042553192
34168,0.11239193083573487
34169,0.17964071856287425
34170,0.6805251641137856
34171,0.037188208616780044
34172,0.09319125880440672
34173,0.0189873417721519
34174,0.037188208616780044
34175,0.42776203966005666
34176,0.2184936614466816
34177,0.09319125880440672
34178,0.037188208616780044
34179,0.2184936614466816
34180,0.09319125880440672
34181,0.2184936614466816
34182,0.2184936614466816
34183,0.037188208616780044
34184,0.09319125880440672
34185,0.11239193083573487
34186,0.09319125880440672
34187,0.17391304347826086
34188,0.09319125880440672
34189,0.09319125880440672
34190,0.2184936614466816
34191,0.037188208616780044
34192,0.42776203966005666
34193,0.09319125880440672
34194,0.09319125880440672
34195,0.7655172413793103
34196,0.0189873417721519
34197,0.8938547486033519
34198,0.2184936614466816
34199,0.037188208616780044
34200,0.17964071856287425
34201,0.038461538461538464
34202,0.037188208616780044
34203,0.037188208616780044
34204,0.2184936614466816
34205,0.26552462526766596
34206,0.13432835820895522
34207,0.09319125880440672
34208,0.13432835820895522
34209,0.2184936614466816
34210,0.26552462526766596
34211,0.6805251641137856
34212,0.037188208616780044
34213,0.17964071856287425
34214,0.4111776447105788
34215,0.09319125880440672
34216,0.17964071856287425
34217,0.09319125880440672
34218,0.09319125880440672
34219,0.17964071856287425
34220,0.17964071856287425
34221,0.2184936614466816
34222,0.7655172413793103
34223,0.09319125880440672
34224,0.09156193895870736
34225,0.09319125880440672
34226,0.037188208616780044
34227,0.037188208616780044
34228,0.037188208616780044
34229,0.11239193083573487
34230,0.0189873417721519
34231,0.13432835820895522
34232,0.037188208616780044
34233,0.09319125880440672
34234,0.6104928457869634
34235,0.4111776447105788
34236,0.037188208616780044
34237,0.4111776447105788
34238,0.037188208616780044
34239,0.11239193083573487
34240,0.037188208616780044
34241,0.17964071856287425
34242,0.2184936614466816
34243,0.0189873417721519
34244,0.4111776447105788
34245,0.3763440860215054
34246,0.13432835820895522
34247,0.11239193083573487
34248,0.037188208616780044
34249,0.09319125880440672
34250,0.42776203966005666
34251,0.09319125880440672
34252,0.8938547486033519
34253,0.09319125880440672
34254,0.3958333333333333
34255,0.17964071856287425
34256,0.09319125880440672
34257,0.09319125880440672
34258,0.037188208616780044
34259,0.037188208616780044
34260,0.13432835820895522
34261,0.037188208616780044
34262,0.5738636363636364
34263,0.17391304347826086
34264,0.09319125880440672
34265,0.09156193895870736
34266,0.6104928457869634
34267,0.7655172413793103
34268,0.037188208616780044
34269,0.09319125880440672
34270,0.13432835820895522
34271,0.037188208616780044
34272,0.2184936614466816
34273,0.09156193895870736
34274,0.09319125880440672
34275,0.42776203966005666
34276,0.42776203966005666
34277,0.4111776447105788
34278,0.17391304347826086
34279,0.09319125880440672
34280,0.0189873417721519
34281,0.4111776447105788
34282,0.2184936614466816
34283,0.4797297297297297
34284,0.2184936614466816
34285,0.037188208616780044
34286,0.2184936614466816
34287,0.26552462526766596
34288,0.6104928457869634
34289,0.09319125880440672
34290,0.6104928457869634
34291,0.09319125880440672
34292,0.13432835820895522
34293,0.27807486631016043
34294,0.037188208616780044
34295,0.09156193895870736
34296,0.09319125880440672
34297,0.6104928457869634
34298,0.037188208616780044
34299,0.0189873417721519
34300,0.42776203966005666
34301,0.42776203966005666
34302,0.09319125880440672
34303,0.09319125880440672
34304,0.037188208616780044
34305,0.09319125880440672
34306,0.4698275862068966
34307,0.09319125880440672
34308,0.037188208616780044
34309,0.09319125880440672
34310,0.037188208616780044
34311,0.09319125880440672
34312,0.037188208616780044
34313,0.6805251641137856
34314,0.13432835820895522
34315,0.13432835820895522
34316,0.7655172413793103
34317,0.037188208616780044
34318,0.09319125880440672
34319,0.4111776447105788
34320,0.037188208616780044
34321,0.09319125880440672
34322,0.17964071856287425
34323,0.09319125880440672
34324,0.6104928457869634
34325,0.037188208616780044
34326,0.13432835820895522
34327,0.6805251641137856
34328,0.09319125880440672
34329,0.09319125880440672
34330,0.6805251641137856
34331,0.3763440860215054
34332,0.42776203966005666
34333,0.09319125880440672
34334,0.3763440860215054
34335,0.037188208616780044
34336,0.037188208616780044
34337,0.6805251641137856
34338,0.7655172413793103
34339,0.037188208616780044
34340,0.037188208616780044
34341,0.09319125880440672
34342,0.26552462526766596
34343,0.09319125880440672
34344,0.2184936614466816
34345,0.09319125880440672
34346,0.09319125880440672
34347,0.2184936614466816
34348,0.037188208616780044
34349,0.2184936614466816
34350,0.09319125880440672
34351,0.0189873417721519
34352,0.2184936614466816
34353,0.13432835820895522
34354,0.17391304347826086
34355,0.42776203966005666
34356,0.6805251641137856
34357,0.4111776447105788
34358,0.09319125880440672
34359,0.037188208616780044
34360,0.037188208616780044
34361,0.0189873417721519
34362,0.09319125880440672
34363,0.42776203966005666
34364,0.4111776447105788
34365,0.6104928457869634
34366,0.09319125880440672
34367,0.2184936614466816
34368,0.037188208616780044
34369,0.09319125880440672
34370,0.09319125880440672
34371,0.037188208616780044
34372,0.037188208616780044
34373,0.13432835820895522
34374,0.037188208616780044
34375,0.037188208616780044
34376,0.4111776447105788
34377,0.2184936614466816
34378,0.037188208616780044
34379,0.13432835820895522
34380,0.09319125880440672
34381,0.037188208616780044
34382,0.26552462526766596
34383,0.09319125880440672
34384,0.17391304347826086
34385,0.09319125880440672
34386,0.42776203966005666
34387,0.037188208616780044
34388,0.4111776447105788
34389,0.3763440860215054
34390,0.6104928457869634
34391,0.09319125880440672
34392,0.09319125880440672
34393,0.037188208616780044
34394,0.0189873417721519
34395,0.2184936614466816
34396,0.037188208616780044
34397,0.09319125880440672
34398,0.3763440860215054
34399,0.037188208616780044
34400,0.8938547486033519
34401,0.17391304347826086
34402,0.037188208616780044
34403,0.09319125880440672
34404,0.037188208616780044
34405,0.0189873417721519
34406,0.7655172413793103
34407,0.42776203966005666
34408,0.037188208616780044
34409,0.0189873417721519
34410,0.09319125880440672
34411,0.09319125880440672
34412,0.09156193895870736
34413,0.037188208616780044
34414,0.7655172413793103
34415,0.037188208616780044
34416,0.17964071856287425
34417,0.09319125880440672
34418,0.4111776447105788
34419,0.09319125880440672
34420,0.037188208616780044
34421,0.26552462526766596
34422,0.037188208616780044
34423,0.17964071856287425
34424,0.037188208616780044
34425,0.09319125880440672
34426,0.037188208616780044
34427,0.7655172413793103
34428,0.09319125880440672
34429,0.09319125880440672
34430,0.6104928457869634
34431,0.037188208616780044
34432,0.037188208616780044
34433,0.4111776447105788
34434,0.4
34435,0.42776203966005666
34436,0.09319125880440672
34437,0.0189873417721519
34438,0.09319125880440672
34439,0.037188208616780044
34440,0.09319125880440672
34441,0.13432835820895522
34442,0.037188208616780044
34443,0.09319125880440672
34444,0.09319125880440672
34445,0.037188208616780044
34446,0.037188208616780044
34447,0.11239193083573487
34448,0.09319125880440672
34449,0.09319125880440672
34450,0.42776203966005666
34451,0.11239193083573487
34452,0.7655172413793103
34453,0.2184936614466816
34454,0.17964071856287425
34455,0.42776203966005666
34456,0.09319125880440672
34457,0.4111776447105788
34458,0.09319125880440672
34459,0.12796208530805686
34460,0.4111776447105788
34461,0.2184936614466816
34462,0.037188208616780044
34463,0.13432835820895522
34464,0.0189873417721519
34465,0.0189873417721519
34466,0.0189873417721519
34467,0.4698275862068966
34468,0.6104928457869634
34469,0.4698275862068966
34470,0.7655172413793103
34471,0.09319125880440672
34472,0.7655172413793103
34473,0.037188208616780044
34474,0.037188208616780044
34475,0.09319125880440672
34476,0.2184936614466816
34477,0.26552462526766596
34478,0.4111776447105788
34479,0.037188208616780044
34480,0.09319125880440672
34481,0.2184936614466816
34482,0.17964071856287425
34483,0.12796208530805686
34484,0.09319125880440672
34485,0.4698275862068966
34486,0.09156193895870736
34487,0.09319125880440672
34488,0.09319125880440672
34489,0.09319125880440672
34490,0.11239193083573487
34491,0.09319125880440672
34492,0.13432835820895522
34493,0.09319125880440672
34494,0.4698275862068966
34495,0.037188208616780044
34496,0.42776203966005666
34497,0.4111776447105788
34498,0.037188208616780044
34499,0.17391304347826086
34500,0.037188208616780044
34501,0.6104928457869634
34502,0.037188208616780044
34503,0.09319125880440672
34504,0.09156193895870736
34505,0.09319125880440672
34506,0.09319125880440672
34507,0.037188208616780044
34508,0.037188208616780044
34509,0.4787234042553192
34510,0.037188208616780044
34511,0.12796208530805686
34512,0.037188208616780044
34513,0.4111776447105788
34514,0.037188208616780044
34515,0.09319125880440672
34516,0.09156193895870736
34517,0.09319125880440672
34518,0.09319125880440672
34519,0.037188208616780044
34520,0.09319125880440672
34521,0.7521739130434782
34522,0.4111776447105788
34523,0.09156193895870736
34524,0.42776203966005666
34525,0.037188208616780044
34526,0.4787234042553192
34527,0.037188208616780044
34528,0.27807486631016043
34529,0.4698275862068966
34530,0.17964071856287425
34531,0.037188208616780044
34532,0.09319125880440672
34533,0.09319125880440672
34534,0.09319125880440672
34535,0.09319125880440672
34536,0.09156193895870736
34537,0.09156193895870736
34538,0.42776203966005666
34539,0.09319125880440672
34540,0.037188208616780044
34541,0.2184936614466816
34542,0.48520710059171596
34543,0.037188208616780044
34544,0.09319125880440672
34545,0.4111776447105788
34546,0.13432835820895522
34547,0.09156193895870736
34548,0.037188208616780044
34549,0.09319125880440672
34550,0.09319125880440672
34551,0.4111776447105788
34552,0.09319125880440672
34553,0.8938547486033519
34554,0.17964071856287425
34555,0.037188208616780044
34556,0.037188208616780044
34557,0.42776203966005666
34558,0.2184936614466816
34559,0.037188208616780044
34560,0.17391304347826086
34561,0.037188208616780044
34562,0.037188208616780044
34563,0.037188208616780044
34564,0.038461538461538464
34565,0.42776203966005666
34566,0.037188208616780044
34567,0.2184936614466816
34568,0.2184936614466816
34569,0.09319125880440672
34570,0.2184936614466816
34571,0.7655172413793103
34572,0.27807486631016043
34573,0.037188208616780044
34574,0.09319125880440672
34575,0.09319125880440672
34576,0.42776203966005666
34577,0.09319125880440672
34578,0.13432835820895522
34579,0.13432835820895522
34580,0.09319125880440672
34581,0.037188208616780044
34582,0.09319125880440672
34583,0.09319125880440672
34584,0.09319125880440672
34585,0.09319125880440672
34586,0.0189873417721519
34587,0.6104928457869634
34588,0.4111776447105788
34589,0.6805251641137856
34590,0.7655172413793103
34591,0.09319125880440672
34592,0.2184936614466816
34593,0.5738636363636364
34594,0.27807486631016043
34595,0.2184936614466816
34596,0.6805251641137856
34597,0.17964071856287425
34598,0.27807486631016043
34599,0.6805251641137856
34600,0.2184936614466816
34601,0.2184936614466816
34602,0.11239193083573487
34603,0.09319125880440672
34604,0.037188208616780044
34605,0.4797297297297297
34606,0.09319125880440672
34607,0.17964071856287425
34608,0.6805251641137856
34609,0.037188208616780044
34610,0.037188208616780044
34611,0.09319125880440672
34612,0.09319125880440672
34613,0.13432835820895522
34614,0.6104928457869634
34615,0.09319125880440672
34616,0.17964071856287425
34617,0.037188208616780044
34618,0.09319125880440672
34619,0.09319125880440672
34620,0.27807486631016043
34621,0.17964071856287425
34622,0.09319125880440672
34623,0.8938547486033519
34624,0.3763440860215054
34625,0.7521739130434782
34626,0.6104928457869634
34627,0.09156193895870736
34628,0.2184936614466816
34629,0.037188208616780044
34630,0.09156193895870736
34631,0.037188208616780044
34632,0.037188208616780044
34633,0.4111776447105788
34634,0.037188208616780044
34635,0.09319125880440672
34636,0.7655172413793103
34637,0.037188208616780044
34638,0.6104928457869634
34639,0.037188208616780044
34640,0.037188208616780044
34641,0.2184936614466816
34642,0.0189873417721519
34643,0.6104928457869634
34644,0.2184936614466816
34645,0.037188208616780044
34646,0.11239193083573487
34647,0.8938547486033519
34648,0.037188208616780044
34649,0.0189873417721519
34650,0.6805251641137856
34651,0.6104928457869634
34652,0.17964071856287425
34653,0.6805251641137856
34654,0.17964071856287425
34655,0.2184936614466816
34656,0.09319125880440672
34657,0.17964071856287425
34658,0.09156193895870736
34659,0.13432835820895522
34660,0.09319125880440672
34661,0.09156193895870736
34662,0.12796208530805686
34663,0.48520710059171596
34664,0.11239193083573487
34665,0.09156193895870736
34666,0.09319125880440672
34667,0.09319125880440672
34668,0.09319125880440672
34669,0.09319125880440672
34670,0.7521739130434782
34671,0.037188208616780044
34672,0.17964071856287425
34673,0.48520710059171596
34674,0.037188208616780044
34675,0.5738636363636364
34676,0.4797297297297297
34677,0.2184936614466816
34678,0.09319125880440672
34679,0.48520710059171596
34680,0.2184936614466816
34681,0.037188208616780044
34682,0.6805251641137856
34683,0.6104928457869634
34684,0.09319125880440672
34685,0.2184936614466816
34686,0.037188208616780044
34687,0.17964071856287425
34688,0.037188208616780044
34689,0.6104928457869634
34690,0.48520710059171596
34691,0.09319125880440672
34692,0.7655172413793103
34693,0.17391304347826086
34694,0.09319125880440672
34695,0.09319125880440672
34696,0.09156193895870736
34697,0.09319125880440672
34698,0.7655172413793103
34699,0.037188208616780044
34700,0.2184936614466816
34701,0.037188208616780044
34702,0.037188208616780044
34703,0.037188208616780044
34704,0.037188208616780044
34705,0.2184936614466816
34706,0.4111776447105788
34707,0.0189873417721519
34708,0.09319125880440672
34709,0.0189873417721519
34710,0.037188208616780044
34711,0.6805251641137856
34712,0.4111776447105788
34713,0.037188208616780044
34714,0.2184936614466816
34715,0.09319125880440672
34716,0.09319125880440672
34717,0.037188208616780044
34718,0.09319125880440672
34719,0.0189873417721519
34720,0.2184936614466816
34721,0.037188208616780044
34722,0.037188208616780044
34723,0.09319125880440672
34724,0.8938547486033519
34725,0.4797297297297297
34726,0.09319125880440672
34727,0.037188208616780044
34728,0.09319125880440672
34729,0.7655172413793103
34730,0.09319125880440672
34731,0.09319125880440672
34732,0.09319125880440672
34733,0.2184936614466816
34734,0.13432835820895522
34735,0.038461538461538464
34736,0.037188208616780044
34737,0.037188208616780044
34738,0.0189873417721519
34739,0.0189873417721519
34740,0.0189873417721519
34741,0.037188208616780044
34742,0.09319125880440672
34743,0.09319125880440672
34744,0.09319125880440672
34745,0.11239193083573487
34746,0.037188208616780044
34747,0.2184936614466816
34748,0.5738636363636364
34749,0.09319125880440672
34750,0.037188208616780044
34751,0.4111776447105788
34752,0.42776203966005666
34753,0.4111776447105788
34754,0.0189873417721519
34755,0.4698275862068966
34756,0.48520710059171596
34757,0.09319125880440672
34758,0.09319125880440672
34759,0.09319125880440672
34760,0.6104928457869634
34761,0.037188208616780044
34762,0.26552462526766596
34763,0.4698275862068966
34764,0.037188208616780044
34765,0.13432835820895522
34766,0.3958333333333333
34767,0.09319125880440672
34768,0.6104928457869634
34769,0.17964071856287425
34770,0.037188208616780044
34771,0.2184936614466816
34772,0.17964071856287425
34773,0.2184936614466816
34774,0.4111776447105788
34775,0.09156193895870736
34776,0.17964071856287425
34777,0.037188208616780044
34778,0.4111776447105788
34779,0.09319125880440672
34780,0.17964071856287425
34781,0.17964071856287425
34782,0.09319125880440672
34783,0.09319125880440672
34784,0.09319125880440672
34785,0.09319125880440672
34786,0.8938547486033519
34787,0.0189873417721519
34788,0.4111776447105788
34789,0.037188208616780044
34790,0.7655172413793103
34791,0.037188208616780044
34792,0.09319125880440672
34793,0.8938547486033519
34794,0.0189873417721519
34795,0.2184936614466816
34796,0.037188208616780044
34797,0.09156193895870736
34798,0.4111776447105788
34799,0.09319125880440672
34800,0.037188208616780044
34801,0.26552462526766596
34802,0.42776203966005666
34803,0.4111776447105788
34804,0.4111776447105788
34805,0.27807486631016043
34806,0.17964071856287425
34807,0.17964071856287425
34808,0.42776203966005666
34809,0.4698275862068966
34810,0.5738636363636364
34811,0.037188208616780044
34812,0.09319125880440672
34813,0.037188208616780044
34814,0.037188208616780044
34815,0.4698275862068966
34816,0.09156193895870736
34817,0.0189873417721519
34818,0.09319125880440672
34819,0.0189873417721519
34820,0.09319125880440672
34821,0.037188208616780044
34822,0.13432835820895522
34823,0.17964071856287425
34824,0.09319125880440672
34825,0.037188208616780044
34826,0.037188208616780044
34827,0.13432835820895522
34828,0.037188208616780044
34829,0.6104928457869634
34830,0.4111776447105788
34831,0.2184936614466816
34832,0.09319125880440672
34833,0.09319125880440672
34834,0.09319125880440672
34835,0.037188208616780044
34836,0.037188208616780044
34837,0.2184936614466816
34838,0.037188208616780044
34839,0.17391304347826086
34840,0.09319125880440672
34841,0.09319125880440672
34842,0.037188208616780044
34843,0.13432835820895522
34844,0.26552462526766596
34845,0.09319125880440672
34846,0.09319125880440672
34847,0.6805251641137856
34848,0.037188208616780044
34849,0.26552462526766596
34850,0.48520710059171596
34851,0.037188208616780044
34852,0.17391304347826086
34853,0.12796208530805686
34854,0.037188208616780044
34855,0.2184936614466816
34856,0.3763440860215054
34857,0.037188208616780044
34858,0.09319125880440672
34859,0.09319125880440672
34860,0.6104928457869634
34861,0.037188208616780044
34862,0.12796208530805686
34863,0.037188208616780044
34864,0.8938547486033519
34865,0.4698275862068966
34866,0.8938547486033519
34867,0.2184936614466816
34868,0.48520710059171596
34869,0.2184936614466816
34870,0.0189873417721519
34871,0.037188208616780044
34872,0.42776203966005666
34873,0.09319125880440672
34874,0.17964071856287425
34875,0.4111776447105788
34876,0.7521739130434782
34877,0.13432835820895522
34878,0.2184936614466816
34879,0.037188208616780044
34880,0.2184936614466816
34881,0.42776203966005666
34882,0.09319125880440672
34883,0.09319125880440672
34884,0.09319125880440672
34885,0.6104928457869634
34886,0.4111776447105788
34887,0.09319125880440672
34888,0.4698275862068966
34889,0.27807486631016043
34890,0.037188208616780044
34891,0.037188208616780044
34892,0.7655172413793103
34893,0.09319125880440672
34894,0.037188208616780044
34895,0.6104928457869634
34896,0.0189873417721519
34897,0.6104928457869634
34898,0.09319125880440672
34899,0.4111776447105788
34900,0.17964071856287425
34901,0.037188208616780044
34902,0.037188208616780044
34903,0.09319125880440672
34904,0.09319125880440672
34905,0.09319125880440672
34906,0.09319125880440672
34907,0.037188208616780044
34908,0.037188208616780044
34909,0.09319125880440672
34910,0.6104928457869634
34911,0.7655172413793103
34912,0.09319125880440672
34913,0.4111776447105788
34914,0.09319125880440672
34915,0.037188208616780044
34916,0.038461538461538464
34917,0.17964071856287425
34918,0.09319125880440672
34919,0.42776203966005666
34920,0.7655172413793103
34921,0.4111776447105788
34922,0.09319125880440672
34923,0.09319125880440672
34924,0.4797297297297297
34925,0.0189873417721519
34926,0.2184936614466816
34927,0.17964071856287425
34928,0.09319125880440672
34929,0.09319125880440672
34930,0.2184936614466816
34931,0.037188208616780044
34932,0.037188208616780044
34933,0.4111776447105788
34934,0.037188208616780044
34935,0.09319125880440672
34936,0.2184936614466816
34937,0.037188208616780044
34938,0.42776203966005666
34939,0.09319125880440672
34940,0.4797297297297297
34941,0.09319125880440672
34942,0.6104928457869634
34943,0.09319125880440672
34944,0.09319125880440672
34945,0.17964071856287425
34946,0.42776203966005666
34947,0.09319125880440672
34948,0.27807486631016043
34949,0.09319125880440672
34950,0.09319125880440672
34951,0.09319125880440672
34952,0.17964071856287425
34953,0.17964071856287425
34954,0.4797297297297297
34955,0.09319125880440672
34956,0.7655172413793103
34957,0.4698275862068966
34958,0.17964071856287425
34959,0.17391304347826086
34960,0.09319125880440672
34961,0.09319125880440672
34962,0.48520710059171596
34963,0.09319125880440672
34964,0.037188208616780044
34965,0.09319125880440672
34966,0.09319125880440672
34967,0.17964071856287425
34968,0.17964071856287425
34969,0.09156193895870736
34970,0.09156193895870736
34971,0.2184936614466816
34972,0.09319125880440672
34973,0.26552462526766596
34974,0.4111776447105788
34975,0.037188208616780044
34976,0.037188208616780044
34977,0.17964071856287425
34978,0.09319125880440672
34979,0.09319125880440672
34980,0.8938547486033519
34981,0.037188208616780044
34982,0.6104928457869634
34983,0.09319125880440672
34984,0.42776203966005666
34985,0.17964071856287425
34986,0.7521739130434782
34987,0.037188208616780044
34988,0.4111776447105788
34989,0.09319125880440672
34990,0.037188208616780044
34991,0.4787234042553192
34992,0.11239193083573487
34993,0.17964071856287425
34994,0.42776203966005666
34995,0.037188208616780044
34996,0.7655172413793103
34997,0.42776203966005666
34998,0.6104928457869634
34999,0.09156193895870736
35000,0.11239193083573487
35001,0.037188208616780044
35002,0.037188208616780044
35003,0.2184936614466816
35004,0.09319125880440672
35005,0.09319125880440672
35006,0.2184936614466816
35007,0.0189873417721519
35008,0.09319125880440672
35009,0.09319125880440672
35010,0.13432835820895522
35011,0.2184936614466816
35012,0.6104928457869634
35013,0.037188208616780044
35014,0.09319125880440672
35015,0.4111776447105788
35016,0.037188208616780044
35017,0.7655172413793103
35018,0.037188208616780044
35019,0.09319125880440672
35020,0.5738636363636364
35021,0.09319125880440672
35022,0.037188208616780044
35023,0.2184936614466816
35024,0.17391304347826086
35025,0.037188208616780044
35026,0.09319125880440672
35027,0.13432835820895522
35028,0.42776203966005666
35029,0.42776203966005666
35030,0.27807486631016043
35031,0.09319125880440672
35032,0.09319125880440672
35033,0.26552462526766596
35034,0.037188208616780044
35035,0.09319125880440672
35036,0.13432835820895522
35037,0.037188208616780044
35038,0.2184936614466816
35039,0.3763440860215054
35040,0.11239193083573487
35041,0.09319125880440672
35042,0.09319125880440672
35043,0.09319125880440672
35044,0.09319125880440672
35045,0.037188208616780044
35046,0.5738636363636364
35047,0.5738636363636364
35048,0.09156193895870736
35049,0.09319125880440672
35050,0.037188208616780044
35051,0.09319125880440672
35052,0.037188208616780044
35053,0.037188208616780044
35054,0.037188208616780044
35055,0.17964071856287425
35056,0.12796208530805686
35057,0.037188208616780044
35058,0.6104928457869634
35059,0.13432835820895522
35060,0.11239193083573487
35061,0.2184936614466816
35062,0.2184936614466816
35063,0.037188208616780044
35064,0.13432835820895522
35065,0.4698275862068966
35066,0.09319125880440672
35067,0.0189873417721519
35068,0.2184936614466816
35069,0.11239193083573487
35070,0.26552462526766596
35071,0.4111776447105788
35072,0.6805251641137856
35073,0.4111776447105788
35074,0.6805251641137856
35075,0.09319125880440672
35076,0.09319125880440672
35077,0.037188208616780044
35078,0.4787234042553192
35079,0.6104928457869634
35080,0.4111776447105788
35081,0.17391304347826086
35082,0.037188208616780044
35083,0.2184936614466816
35084,0.6805251641137856
35085,0.09319125880440672
35086,0.09319125880440672
35087,0.09319125880440672
35088,0.2184936614466816
35089,0.09319125880440672
35090,0.4111776447105788
35091,0.09319125880440672
35092,0.037188208616780044
35093,0.037188208616780044
35094,0.17964071856287425
35095,0.42776203966005666
35096,0.037188208616780044
35097,0.6805251641137856
35098,0.4111776447105788
35099,0.09319125880440672
35100,0.09319125880440672
35101,0.13432835820895522
35102,0.037188208616780044
35103,0.09319125880440672
35104,0.09319125880440672
35105,0.09319125880440672
35106,0.037188208616780044
35107,0.09319125880440672
35108,0.09319125880440672
35109,0.6805251641137856
35110,0.27807486631016043
35111,0.6805251641137856
35112,0.038461538461538464
35113,0.09319125880440672
35114,0.7655172413793103
35115,0.17964071856287425
35116,0.037188208616780044
35117,0.09319125880440672
35118,0.17964071856287425
35119,0.037188208616780044
35120,0.037188208616780044
35121,0.6805251641137856
35122,0.037188208616780044
35123,0.4111776447105788
35124,0.2184936614466816
35125,0.037188208616780044
35126,0.09319125880440672
35127,0.0189873417721519
35128,0.09319125880440672
35129,0.17391304347826086
35130,0.09319125880440672
35131,0.0189873417721519
35132,0.42776203966005666
35133,0.17964071856287425
35134,0.17391304347826086
35135,0.4111776447105788
35136,0.4111776447105788
35137,0.7655172413793103
35138,0.037188208616780044
35139,0.037188208616780044
35140,0.09319125880440672
35141,0.037188208616780044
35142,0.0189873417721519
35143,0.09319125880440672
35144,0.13432835820895522
35145,0.09319125880440672
35146,0.09319125880440672
35147,0.0189873417721519
35148,0.037188208616780044
35149,0.09319125880440672
35150,0.2184936614466816
35151,0.17964071856287425
35152,0.037188208616780044
35153,0.037188208616780044
35154,0.4698275862068966
35155,0.037188208616780044
35156,0.6805251641137856
35157,0.2184936614466816
35158,0.13432835820895522
35159,0.037188208616780044
35160,0.037188208616780044
35161,0.037188208616780044
35162,0.26552462526766596
35163,0.09319125880440672
35164,0.17391304347826086
35165,0.6805251641137856
35166,0.09319125880440672
35167,0.09319125880440672
35168,0.17964071856287425
35169,0.09156193895870736
35170,0.17964071856287425
35171,0.8938547486033519
35172,0.09319125880440672
35173,0.12796208530805686
35174,0.0189873417721519
35175,0.037188208616780044
35176,0.11239193083573487
35177,0.09319125880440672
35178,0.09319125880440672
35179,0.26552462526766596
35180,0.09319125880440672
35181,0.037188208616780044
35182,0.037188208616780044
35183,0.6104928457869634
35184,0.037188208616780044
35185,0.17964071856287425
35186,0.17964071856287425
35187,0.17391304347826086
35188,0.7655172413793103
35189,0.6104928457869634
35190,0.09319125880440672
35191,0.037188208616780044
35192,0.09319125880440672
35193,0.13432835820895522
35194,0.037188208616780044
35195,0.2184936614466816
35196,0.4111776447105788
35197,0.13432835820895522
35198,0.09319125880440672
35199,0.09319125880440672
35200,0.038461538461538464
35201,0.037188208616780044
35202,0.037188208616780044
35203,0.037188208616780044
35204,0.17964071856287425
35205,0.3763440860215054
35206,0.17964071856287425
35207,0.6104928457869634
35208,0.17964071856287425
35209,0.09319125880440672
35210,0.09319125880440672
35211,0.17964071856287425
35212,0.26552462526766596
35213,0.09319125880440672
35214,0.09319125880440672
35215,0.037188208616780044
35216,0.037188208616780044
35217,0.09319125880440672
35218,0.037188208616780044
35219,0.09319125880440672
35220,0.037188208616780044
35221,0.09319125880440672
35222,0.12796208530805686
35223,0.26552462526766596
35224,0.0189873417721519
35225,0.8938547486033519
35226,0.037188208616780044
35227,0.11239193083573487
35228,0.12796208530805686
35229,0.4698275862068966
35230,0.09319125880440672
35231,0.42776203966005666
35232,0.2184936614466816
35233,0.2184936614466816
35234,0.2184936614466816
35235,0.13432835820895522
35236,0.0189873417721519
35237,0.037188208616780044
35238,0.037188208616780044
35239,0.037188208616780044
35240,0.09319125880440672
35241,0.037188208616780044
35242,0.037188208616780044
35243,0.4111776447105788
35244,0.2184936614466816
35245,0.17964071856287425
35246,0.037188208616780044
35247,0.11239193083573487
35248,0.6104928457869634
35249,0.2184936614466816
35250,0.09319125880440672
35251,0.037188208616780044
35252,0.037188208616780044
35253,0.7655172413793103
35254,0.13432835820895522
35255,0.037188208616780044
35256,0.037188208616780044
35257,0.26552462526766596
35258,0.11239193083573487
35259,0.6805251641137856
35260,0.6104928457869634
35261,0.13432835820895522
35262,0.42776203966005666
35263,0.037188208616780044
35264,0.09319125880440672
35265,0.13432835820895522
35266,0.7655172413793103
35267,0.09156193895870736
35268,0.4111776447105788
35269,0.037188208616780044
35270,0.8103448275862069
35271,0.037188208616780044
35272,0.6805251641137856
35273,0.13432835820895522
35274,0.4111776447105788
35275,0.09319125880440672
35276,0.6104928457869634
35277,0.17964071856287425
35278,0.0189873417721519
35279,0.4111776447105788
35280,0.037188208616780044
35281,0.09319125880440672
35282,0.11239193083573487
35283,0.3958333333333333
35284,0.6104928457869634
35285,0.09319125880440672
35286,0.42776203966005666
35287,0.2184936614466816
35288,0.09319125880440672
35289,0.037188208616780044
35290,0.13432835820895522
35291,0.09319125880440672
35292,0.037188208616780044
35293,0.037188208616780044
35294,0.2184936614466816
35295,0.09319125880440672
35296,0.11239193083573487
35297,0.09319125880440672
35298,0.2184936614466816
35299,0.09319125880440672
35300,0.037188208616780044
35301,0.09319125880440672
35302,0.09319125880440672
35303,0.09319125880440672
35304,0.17964071856287425
35305,0.09319125880440672
35306,0.037188208616780044
35307,0.17964071856287425
35308,0.0189873417721519
35309,0.8938547486033519
35310,0.037188208616780044
35311,0.09156193895870736
35312,0.09319125880440672
35313,0.4111776447105788
35314,0.17964071856287425
35315,0.037188208616780044
35316,0.2184936614466816
35317,0.037188208616780044
35318,0.037188208616780044
35319,0.7655172413793103
35320,0.09156193895870736
35321,0.037188208616780044
35322,0.09319125880440672
35323,0.09319125880440672
35324,0.7655172413793103
35325,0.26552462526766596
35326,0.7655172413793103
35327,0.2184936614466816
35328,0.42776203966005666
35329,0.09319125880440672
35330,0.13432835820895522
35331,0.09319125880440672
35332,0.27807486631016043
35333,0.6805251641137856
35334,0.09319125880440672
35335,0.037188208616780044
35336,0.27807486631016043
35337,0.3958333333333333
35338,0.6104928457869634
35339,0.037188208616780044
35340,0.42776203966005666
35341,0.09319125880440672
35342,0.27807486631016043
35343,0.09319125880440672
35344,0.038461538461538464
35345,0.037188208616780044
35346,0.09319125880440672
35347,0.17964071856287425
35348,0.037188208616780044
35349,0.6805251641137856
35350,0.17964071856287425
35351,0.037188208616780044
35352,0.09156193895870736
35353,0.09319125880440672
35354,0.4111776447105788
35355,0.09319125880440672
35356,0.12796208530805686
35357,0.11239193083573487
35358,0.42776203966005666
35359,0.6104928457869634
35360,0.2184936614466816
35361,0.26552462526766596
35362,0.4787234042553192
35363,0.6104928457869634
35364,0.09319125880440672
35365,0.037188208616780044
35366,0.09319125880440672
35367,0.09319125880440672
35368,0.13432835820895522
35369,0.038461538461538464
35370,0.4111776447105788
35371,0.17964071856287425
35372,0.09319125880440672
35373,0.2184936614466816
35374,0.037188208616780044
35375,0.037188208616780044
35376,0.037188208616780044
35377,0.4698275862068966
35378,0.27807486631016043
35379,0.09319125880440672
35380,0.3958333333333333
35381,0.26552462526766596
35382,0.4111776447105788
35383,0.09319125880440672
35384,0.09319125880440672
35385,0.037188208616780044
35386,0.0189873417721519
35387,0.037188208616780044
35388,0.2184936614466816
35389,0.09319125880440672
35390,0.037188208616780044
35391,0.09156193895870736
35392,0.037188208616780044
35393,0.17964071856287425
35394,0.7655172413793103
35395,0.4111776447105788
35396,0.09319125880440672
35397,0.037188208616780044
35398,0.09319125880440672
35399,0.037188208616780044
35400,0.4111776447105788
35401,0.4111776447105788
35402,0.4111776447105788
35403,0.038461538461538464
35404,0.4111776447105788
35405,0.09319125880440672
35406,0.037188208616780044
35407,0.2184936614466816
35408,0.037188208616780044
35409,0.5738636363636364
35410,0.7655172413793103
35411,0.09156193895870736
35412,0.037188208616780044
35413,0.09319125880440672
35414,0.037188208616780044
35415,0.037188208616780044
35416,0.09319125880440672
35417,0.037188208616780044
35418,0.2184936614466816
35419,0.09319125880440672
35420,0.037188208616780044
35421,0.037188208616780044
35422,0.038461538461538464
35423,0.17964071856287425
35424,0.037188208616780044
35425,0.12796208530805686
35426,0.037188208616780044
35427,0.09319125880440672
35428,0.13432835820895522
35429,0.037188208616780044
35430,0.17964071856287425
35431,0.42776203966005666
35432,0.6805251641137856
35433,0.8938547486033519
35434,0.09319125880440672
35435,0.17964071856287425
35436,0.13432835820895522
35437,0.0189873417721519
35438,0.09319125880440672
35439,0.0189873417721519
35440,0.037188208616780044
35441,0.09319125880440672
35442,0.09319125880440672
35443,0.037188208616780044
35444,0.09319125880440672
35445,0.4111776447105788
35446,0.17964071856287425
35447,0.037188208616780044
35448,0.037188208616780044
35449,0.8938547486033519
35450,0.17964071856287425
35451,0.09319125880440672
35452,0.0189873417721519
35453,0.09319125880440672
35454,0.037188208616780044
35455,0.0189873417721519
35456,0.17964071856287425
35457,0.037188208616780044
35458,0.09319125880440672
35459,0.4698275862068966
35460,0.7655172413793103
35461,0.4111776447105788
35462,0.037188208616780044
35463,0.6104928457869634
35464,0.2184936614466816
35465,0.09319125880440672
35466,0.26552462526766596
35467,0.09319125880440672
35468,0.09319125880440672
35469,0.27807486631016043
35470,0.6104928457869634
35471,0.037188208616780044
35472,0.42776203966005666
35473,0.037188208616780044
35474,0.42776203966005666
35475,0.3958333333333333
35476,0.09319125880440672
35477,0.037188208616780044
35478,0.037188208616780044
35479,0.0189873417721519
35480,0.13432835820895522
35481,0.7655172413793103
35482,0.17964071856287425
35483,0.13432835820895522
35484,0.4
35485,0.2184936614466816
35486,0.4111776447105788
35487,0.26552462526766596
35488,0.037188208616780044
35489,0.0189873417721519
35490,0.2184936614466816
35491,0.037188208616780044
35492,0.037188208616780044
35493,0.037188208616780044
35494,0.0189873417721519
35495,0.5738636363636364
35496,0.09319125880440672
35497,0.0189873417721519
35498,0.09156193895870736
35499,0.037188208616780044
35500,0.3958333333333333
35501,0.4111776447105788
35502,0.2184936614466816
35503,0.6805251641137856
35504,0.09319125880440672
35505,0.09319125880440672
35506,0.42776203966005666
35507,0.6805251641137856
35508,0.09319125880440672
35509,0.27807486631016043
35510,0.2184936614466816
35511,0.11239193083573487
35512,0.09319125880440672
35513,0.09319125880440672
35514,0.17964071856287425
35515,0.17964071856287425
35516,0.42776203966005666
35517,0.4111776447105788
35518,0.2184936614466816
35519,0.17964071856287425
35520,0.4111776447105788
35521,0.6104928457869634
35522,0.4797297297297297
35523,0.4111776447105788
35524,0.2184936614466816
35525,0.037188208616780044
35526,0.09319125880440672
35527,0.6805251641137856
35528,0.2184936614466816
35529,0.6805251641137856
35530,0.038461538461538464
35531,0.4111776447105788
35532,0.037188208616780044
35533,0.037188208616780044
35534,0.09156193895870736
35535,0.09319125880440672
35536,0.8103448275862069
35537,0.037188208616780044
35538,0.7655172413793103
35539,0.09319125880440672
35540,0.42776203966005666
35541,0.17964071856287425
35542,0.17391304347826086
35543,0.09319125880440672
35544,0.4111776447105788
35545,0.09156193895870736
35546,0.2184936614466816
35547,0.09156193895870736
35548,0.037188208616780044
35549,0.4111776447105788
35550,0.11239193083573487
35551,0.037188208616780044
35552,0.09319125880440672
35553,0.4698275862068966
35554,0.4111776447105788
35555,0.27807486631016043
35556,0.037188208616780044
35557,0.09319125880440672
35558,0.037188208616780044
35559,0.09319125880440672
35560,0.42776203966005666
35561,0.09319125880440672
35562,0.037188208616780044
35563,0.09319125880440672
35564,0.037188208616780044
35565,0.09319125880440672
35566,0.037188208616780044
35567,0.037188208616780044
35568,0.42776203966005666
35569,0.2184936614466816
35570,0.17964071856287425
35571,0.09319125880440672
35572,0.09319125880440672
35573,0.17964071856287425
35574,0.037188208616780044
35575,0.17964071856287425
35576,0.037188208616780044
35577,0.09319125880440672
35578,0.09319125880440672
35579,0.0189873417721519
35580,0.09156193895870736
35581,0.26552462526766596
35582,0.4111776447105788
35583,0.12796208530805686
35584,0.037188208616780044
35585,0.13432835820895522
35586,0.7655172413793103
35587,0.42776203966005666
35588,0.037188208616780044
35589,0.09319125880440672
35590,0.17964071856287425
35591,0.09319125880440672
35592,0.037188208616780044
35593,0.037188208616780044
35594,0.09319125880440672
35595,0.3958333333333333
35596,0.48520710059171596
35597,0.13432835820895522
35598,0.09319125880440672
35599,0.037188208616780044
35600,0.09319125880440672
35601,0.4111776447105788
35602,0.6104928457869634
35603,0.09319125880440672
35604,0.7655172413793103
35605,0.09319125880440672
35606,0.037188208616780044
35607,0.09319125880440672
35608,0.4787234042553192
35609,0.09156193895870736
35610,0.09319125880440672
35611,0.09319125880440672
35612,0.09319125880440672
35613,0.17964071856287425
35614,0.17964071856287425
35615,0.2184936614466816
35616,0.5738636363636364
35617,0.09156193895870736
35618,0.17964071856287425
35619,0.09319125880440672
35620,0.42776203966005666
35621,0.09319125880440672
35622,0.4111776447105788
35623,0.4111776447105788
35624,0.4111776447105788
35625,0.17964071856287425
35626,0.09319125880440672
35627,0.09319125880440672
35628,0.2184936614466816
35629,0.037188208616780044
35630,0.037188208616780044
35631,0.037188208616780044
35632,0.09319125880440672
35633,0.09319125880440672
35634,0.037188208616780044
35635,0.6805251641137856
35636,0.13432835820895522
35637,0.12796208530805686
35638,0.11239193083573487
35639,0.8938547486033519
35640,0.11239193083573487
35641,0.09319125880440672
35642,0.09319125880440672
35643,0.4111776447105788
35644,0.0189873417721519
35645,0.2184936614466816
35646,0.17964071856287425
35647,0.09319125880440672
35648,0.09156193895870736
35649,0.09319125880440672
35650,0.09319125880440672
35651,0.2184936614466816
35652,0.6805251641137856
35653,0.7655172413793103
35654,0.09319125880440672
35655,0.037188208616780044
35656,0.09156193895870736
35657,0.09319125880440672
35658,0.09319125880440672
35659,0.09156193895870736
35660,0.6104928457869634
35661,0.037188208616780044
35662,0.17391304347826086
35663,0.09319125880440672
35664,0.48520710059171596
35665,0.09319125880440672
35666,0.09319125880440672
35667,0.09156193895870736
35668,0.037188208616780044
35669,0.7655172413793103
35670,0.17964071856287425
35671,0.09319125880440672
35672,0.4111776447105788
35673,0.037188208616780044
35674,0.09319125880440672
35675,0.42776203966005666
35676,0.2184936614466816
35677,0.42776203966005666
35678,0.09319125880440672
35679,0.42776203966005666
35680,0.037188208616780044
35681,0.6104928457869634
35682,0.037188208616780044
35683,0.13432835820895522
35684,0.09319125880440672
35685,0.037188208616780044
35686,0.26552462526766596
35687,0.2184936614466816
35688,0.09319125880440672
35689,0.09319125880440672
35690,0.09319125880440672
35691,0.6104928457869634
35692,0.13432835820895522
35693,0.7655172413793103
35694,0.7655172413793103
35695,0.7655172413793103
35696,0.09319125880440672
35697,0.09156193895870736
35698,0.09319125880440672
35699,0.09319125880440672
35700,0.09319125880440672
35701,0.037188208616780044
35702,0.0189873417721519
35703,0.09156193895870736
35704,0.6805251641137856
35705,0.09319125880440672
35706,0.17964071856287425
35707,0.09319125880440672
35708,0.6104928457869634
35709,0.0189873417721519
35710,0.17964071856287425
35711,0.037188208616780044
35712,0.037188208616780044
35713,0.13432835820895522
35714,0.17964071856287425
35715,0.42776203966005666
35716,0.09319125880440672
35717,0.037188208616780044
35718,0.2184936614466816
35719,0.037188208616780044
35720,0.09319125880440672
35721,0.037188208616780044
35722,0.13432835820895522
35723,0.4111776447105788
35724,0.037188208616780044
35725,0.13432835820895522
35726,0.17964071856287425
35727,0.09319125880440672
35728,0.17964071856287425
35729,0.09319125880440672
35730,0.037188208616780044
35731,0.09319125880440672
35732,0.037188208616780044
35733,0.09156193895870736
35734,0.4111776447105788
35735,0.037188208616780044
35736,0.09156193895870736
35737,0.42776203966005666
35738,0.037188208616780044
35739,0.037188208616780044
35740,0.17964071856287425
35741,0.09319125880440672
35742,0.17964071856287425
35743,0.09319125880440672
35744,0.09156193895870736
35745,0.09319125880440672
35746,0.09319125880440672
35747,0.037188208616780044
35748,0.12796208530805686
35749,0.17964071856287425
35750,0.13432835820895522
35751,0.037188208616780044
35752,0.11239193083573487
35753,0.09319125880440672
35754,0.17964071856287425
35755,0.037188208616780044
35756,0.6104928457869634
35757,0.4797297297297297
35758,0.037188208616780044
35759,0.42776203966005666
35760,0.09319125880440672
35761,0.8103448275862069
35762,0.6104928457869634
35763,0.26552462526766596
35764,0.4111776447105788
35765,0.037188208616780044
35766,0.8103448275862069
35767,0.09319125880440672
35768,0.037188208616780044
35769,0.2184936614466816
35770,0.42776203966005666
35771,0.09156193895870736
35772,0.42776203966005666
35773,0.13432835820895522
35774,0.2184936614466816
35775,0.4797297297297297
35776,0.4111776447105788
35777,0.4111776447105788
35778,0.037188208616780044
35779,0.27807486631016043
35780,0.17964071856287425
35781,0.7655172413793103
35782,0.17964071856287425
35783,0.09319125880440672
35784,0.7655172413793103
35785,0.037188208616780044
35786,0.037188208616780044
35787,0.09319125880440672
35788,0.09319125880440672
35789,0.42776203966005666
35790,0.4797297297297297
35791,0.2184936614466816
35792,0.09319125880440672
35793,0.4698275862068966
35794,0.2184936614466816
35795,0.17391304347826086
35796,0.09319125880440672
35797,0.09319125880440672
35798,0.09319125880440672
35799,0.09319125880440672
35800,0.17964071856287425
35801,0.17964071856287425
35802,0.037188208616780044
35803,0.09319125880440672
35804,0.037188208616780044
35805,0.037188208616780044
35806,0.27807486631016043
35807,0.13432835820895522
35808,0.09319125880440672
35809,0.09319125880440672
35810,0.11239193083573487
35811,0.09156193895870736
35812,0.09319125880440672
35813,0.2184936614466816
35814,0.42776203966005666
35815,0.09319125880440672
35816,0.7655172413793103
35817,0.09319125880440672
35818,0.09319125880440672
35819,0.4111776447105788
35820,0.2184936614466816
35821,0.26552462526766596
35822,0.8103448275862069
35823,0.4111776447105788
35824,0.2184936614466816
35825,0.7655172413793103
35826,0.09319125880440672
35827,0.037188208616780044
35828,0.037188208616780044
35829,0.037188208616780044
35830,0.09319125880440672
35831,0.037188208616780044
35832,0.2184936614466816
35833,0.4698275862068966
35834,0.2184936614466816
35835,0.037188208616780044
35836,0.3958333333333333
35837,0.09319125880440672
35838,0.037188208616780044
35839,0.26552462526766596
35840,0.037188208616780044
35841,0.4111776447105788
35842,0.7655172413793103
35843,0.8938547486033519
35844,0.09319125880440672
35845,0.0189873417721519
35846,0.037188208616780044
35847,0.17964071856287425
35848,0.038461538461538464
35849,0.4111776447105788
35850,0.037188208616780044
35851,0.4787234042553192
35852,0.09319125880440672
35853,0.17964071856287425
35854,0.4111776447105788
35855,0.037188208616780044
35856,0.48520710059171596
35857,0.09319125880440672
35858,0.09156193895870736
35859,0.13432835820895522
35860,0.09156193895870736
35861,0.7655172413793103
35862,0.09319125880440672
35863,0.7655172413793103
35864,0.4111776447105788
35865,0.17391304347826086
35866,0.09319125880440672
35867,0.09319125880440672
35868,0.037188208616780044
35869,0.09156193895870736
35870,0.09319125880440672
35871,0.6104928457869634
35872,0.037188208616780044
35873,0.0189873417721519
35874,0.4111776447105788
35875,0.037188208616780044
35876,0.12796208530805686
35877,0.4111776447105788
35878,0.6104928457869634
35879,0.2184936614466816
35880,0.42776203966005666
35881,0.17964071856287425
35882,0.6805251641137856
35883,0.2184936614466816
35884,0.037188208616780044
35885,0.09319125880440672
35886,0.037188208616780044
35887,0.09156193895870736
35888,0.17964071856287425
35889,0.4111776447105788
35890,0.2184936614466816
35891,0.2184936614466816
35892,0.2184936614466816
35893,0.17964071856287425
35894,0.4111776447105788
35895,0.09319125880440672
35896,0.17964071856287425
35897,0.42776203966005666
35898,0.4111776447105788
35899,0.037188208616780044
35900,0.09319125880440672
35901,0.12796208530805686
35902,0.037188208616780044
35903,0.09319125880440672
35904,0.17964071856287425
35905,0.037188208616780044
35906,0.12796208530805686
35907,0.09319125880440672
35908,0.037188208616780044
35909,0.037188208616780044
35910,0.038461538461538464
35911,0.2184936614466816
35912,0.4111776447105788
35913,0.037188208616780044
35914,0.2184936614466816
35915,0.4111776447105788
35916,0.26552462526766596
35917,0.037188208616780044
35918,0.17391304347826086
35919,0.17964071856287425
35920,0.09319125880440672
35921,0.09319125880440672
35922,0.09319125880440672
35923,0.09156193895870736
35924,0.037188208616780044
35925,0.6104928457869634
35926,0.037188208616780044
35927,0.037188208616780044
35928,0.037188208616780044
35929,0.42776203966005666
35930,0.037188208616780044
35931,0.7655172413793103
35932,0.7655172413793103
35933,0.09319125880440672
35934,0.037188208616780044
35935,0.13432835820895522
35936,0.037188208616780044
35937,0.09319125880440672
35938,0.4111776447105788
35939,0.037188208616780044
35940,0.09319125880440672
35941,0.037188208616780044
35942,0.09319125880440672
35943,0.09319125880440672
35944,0.037188208616780044
35945,0.037188208616780044
35946,0.4111776447105788
35947,0.7655172413793103
35948,0.13432835820895522
35949,0.2184936614466816
35950,0.7655172413793103
35951,0.0189873417721519
35952,0.09319125880440672
35953,0.09319125880440672
35954,0.037188208616780044
35955,0.7521739130434782
35956,0.7655172413793103
35957,0.0189873417721519
35958,0.037188208616780044
35959,0.09319125880440672
35960,0.17964071856287425
35961,0.037188208616780044
35962,0.037188208616780044
35963,0.037188208616780044
35964,0.09319125880440672
35965,0.09319125880440672
35966,0.09319125880440672
35967,0.0189873417721519
35968,0.09319125880440672
35969,0.6104928457869634
35970,0.09319125880440672
35971,0.2184936614466816
35972,0.09319125880440672
35973,0.037188208616780044
35974,0.09319125880440672
35975,0.13432835820895522
35976,0.09319125880440672
35977,0.037188208616780044
35978,0.09319125880440672
35979,0.4111776447105788
35980,0.11239193083573487
35981,0.11239193083573487
35982,0.038461538461538464
35983,0.037188208616780044
35984,0.037188208616780044
35985,0.09319125880440672
35986,0.11239193083573487
35987,0.037188208616780044
35988,0.17964071856287425
35989,0.09319125880440672
35990,0.09156193895870736
35991,0.4111776447105788
35992,0.17964071856287425
35993,0.4111776447105788
35994,0.6805251641137856
35995,0.09319125880440672
35996,0.7655172413793103
35997,0.3958333333333333
35998,0.4111776447105788
35999,0.037188208616780044
36000,0.09156193895870736
36001,0.09319125880440672
36002,0.2184936614466816
36003,0.6805251641137856
36004,0.09319125880440672
36005,0.09319125880440672
36006,0.2184936614466816
36007,0.2184936614466816
36008,0.09319125880440672
36009,0.09156193895870736
36010,0.17964071856287425
36011,0.09319125880440672
36012,0.09156193895870736
36013,0.27807486631016043
36014,0.09319125880440672
36015,0.09319125880440672
36016,0.2184936614466816
36017,0.0189873417721519
36018,0.09319125880440672
36019,0.2184936614466816
36020,0.037188208616780044
36021,0.09319125880440672
36022,0.17391304347826086
36023,0.09319125880440672
36024,0.4111776447105788
36025,0.037188208616780044
36026,0.037188208616780044
36027,0.037188208616780044
36028,0.09319125880440672
36029,0.2184936614466816
36030,0.0189873417721519
36031,0.09319125880440672
36032,0.037188208616780044
36033,0.09319125880440672
36034,0.037188208616780044
36035,0.11239193083573487
36036,0.09319125880440672
36037,0.8103448275862069
36038,0.2184936614466816
36039,0.037188208616780044
36040,0.26552462526766596
36041,0.037188208616780044
36042,0.09319125880440672
36043,0.4797297297297297
36044,0.17964071856287425
36045,0.17964071856287425
36046,0.17964071856287425
36047,0.13432835820895522
36048,0.09319125880440672
36049,0.037188208616780044
36050,0.6104928457869634
36051,0.09319125880440672
36052,0.09319125880440672
36053,0.6805251641137856
36054,0.037188208616780044
36055,0.09319125880440672
36056,0.0189873417721519
36057,0.09319125880440672
36058,0.09319125880440672
36059,0.4
36060,0.4111776447105788
36061,0.0189873417721519
36062,0.0189873417721519
36063,0.17964071856287425
36064,0.7521739130434782
36065,0.7655172413793103
36066,0.037188208616780044
36067,0.4111776447105788
36068,0.26552462526766596
36069,0.037188208616780044
36070,0.09319125880440672
36071,0.7521739130434782
36072,0.0189873417721519
36073,0.037188208616780044
36074,0.037188208616780044
36075,0.037188208616780044
36076,0.4111776447105788
36077,0.4111776447105788
36078,0.2184936614466816
36079,0.17964071856287425
36080,0.6805251641137856
36081,0.037188208616780044
36082,0.09319125880440672
36083,0.6104928457869634
36084,0.2184936614466816
36085,0.09319125880440672
36086,0.037188208616780044
36087,0.09319125880440672
36088,0.4111776447105788
36089,0.2184936614466816
36090,0.09319125880440672
36091,0.09319125880440672
36092,0.09319125880440672
36093,0.26552462526766596
36094,0.037188208616780044
36095,0.3958333333333333
36096,0.3958333333333333
36097,0.09319125880440672
36098,0.13432835820895522
36099,0.037188208616780044
36100,0.0189873417721519
36101,0.7655172413793103
36102,0.037188208616780044
36103,0.2184936614466816
36104,0.4111776447105788
36105,0.09319125880440672
36106,0.13432835820895522
36107,0.09319125880440672
36108,0.12796208530805686
36109,0.7655172413793103
36110,0.0189873417721519
36111,0.42776203966005666
36112,0.6104928457869634
36113,0.09319125880440672
36114,0.4111776447105788
36115,0.4111776447105788
36116,0.17964071856287425
36117,0.26552462526766596
36118,0.09319125880440672
36119,0.09319125880440672
36120,0.0189873417721519
36121,0.037188208616780044
36122,0.4111776447105788
36123,0.42776203966005666
36124,0.037188208616780044
36125,0.09319125880440672
36126,0.037188208616780044
36127,0.27807486631016043
36128,0.17964071856287425
36129,0.09319125880440672
36130,0.4698275862068966
36131,0.09319125880440672
36132,0.037188208616780044
36133,0.09319125880440672
36134,0.09319125880440672
36135,0.038461538461538464
36136,0.037188208616780044
36137,0.17964071856287425
36138,0.09319125880440672
36139,0.6104928457869634
36140,0.09319125880440672
36141,0.09319125880440672
36142,0.09319125880440672
36143,0.09319125880440672
36144,0.038461538461538464
36145,0.037188208616780044
36146,0.6805251641137856
36147,0.09319125880440672
36148,0.09319125880440672
36149,0.11239193083573487
36150,0.037188208616780044
36151,0.17964071856287425
36152,0.27807486631016043
36153,0.2184936614466816
36154,0.17964071856287425
36155,0.037188208616780044
36156,0.0189873417721519
36157,0.17964071856287425
36158,0.13432835820895522
36159,0.037188208616780044
36160,0.09319125880440672
36161,0.7521739130434782
36162,0.7655172413793103
36163,0.09319125880440672
36164,0.09319125880440672
36165,0.037188208616780044
36166,0.09319125880440672
36167,0.09319125880440672
36168,0.037188208616780044
36169,0.037188208616780044
36170,0.27807486631016043
36171,0.037188208616780044
36172,0.4698275862068966
36173,0.4111776447105788
36174,0.037188208616780044
36175,0.17964071856287425
36176,0.037188208616780044
36177,0.8938547486033519
36178,0.42776203966005666
36179,0.11239193083573487
36180,0.26552462526766596
36181,0.12796208530805686
36182,0.17964071856287425
36183,0.6104928457869634
36184,0.7655172413793103
36185,0.4111776447105788
36186,0.13432835820895522
36187,0.2184936614466816
36188,0.09319125880440672
36189,0.037188208616780044
36190,0.4698275862068966
36191,0.037188208616780044
36192,0.11239193083573487
36193,0.2184936614466816
36194,0.42776203966005666
36195,0.42776203966005666
36196,0.09319125880440672
36197,0.037188208616780044
36198,0.8103448275862069
36199,0.037188208616780044
36200,0.037188208616780044
36201,0.7655172413793103
36202,0.42776203966005666
36203,0.13432835820895522
36204,0.037188208616780044
36205,0.09319125880440672
36206,0.037188208616780044
36207,0.2184936614466816
36208,0.09319125880440672
36209,0.09319125880440672
36210,0.037188208616780044
36211,0.037188208616780044
36212,0.0189873417721519
36213,0.4111776447105788
36214,0.42776203966005666
36215,0.6805251641137856
36216,0.42776203966005666
36217,0.037188208616780044
36218,0.13432835820895522
36219,0.037188208616780044
36220,0.4111776447105788
36221,0.037188208616780044
36222,0.09156193895870736
36223,0.2184936614466816
36224,0.037188208616780044
36225,0.09319125880440672
36226,0.037188208616780044
36227,0.3763440860215054
36228,0.09319125880440672
36229,0.037188208616780044
36230,0.09156193895870736
36231,0.037188208616780044
36232,0.0189873417721519
36233,0.13432835820895522
36234,0.09319125880440672
36235,0.2184936614466816
36236,0.11239193083573487
36237,0.5738636363636364
36238,0.037188208616780044
36239,0.42776203966005666
36240,0.09319125880440672
36241,0.42776203966005666
36242,0.037188208616780044
36243,0.038461538461538464
36244,0.2184936614466816
36245,0.26552462526766596
36246,0.7655172413793103
36247,0.24324324324324326
36248,0.13432835820895522
36249,0.09319125880440672
36250,0.4111776447105788
36251,0.2184936614466816
36252,0.48520710059171596
36253,0.09319125880440672
36254,0.6805251641137856
36255,0.09156193895870736
36256,0.11239193083573487
36257,0.09319125880440672
36258,0.037188208616780044
36259,0.037188208616780044
36260,0.037188208616780044
36261,0.6104928457869634
36262,0.6805251641137856
36263,0.13432835820895522
36264,0.42776203966005666
36265,0.0189873417721519
36266,0.09319125880440672
36267,0.7655172413793103
36268,0.037188208616780044
36269,0.037188208616780044
36270,0.7655172413793103
36271,0.038461538461538464
36272,0.3763440860215054
36273,0.09319125880440672
36274,0.09319125880440672
36275,0.037188208616780044
36276,0.26552462526766596
36277,0.09319125880440672
36278,0.037188208616780044
36279,0.42776203966005666
36280,0.09319125880440672
36281,0.038461538461538464
36282,0.8938547486033519
36283,0.09319125880440672
36284,0.09319125880440672
36285,0.4111776447105788
36286,0.7655172413793103
36287,0.037188208616780044
36288,0.09319125880440672
36289,0.4797297297297297
36290,0.037188208616780044
36291,0.17964071856287425
36292,0.0189873417721519
36293,0.037188208616780044
36294,0.17964071856287425
36295,0.17964071856287425
36296,0.27807486631016043
36297,0.09319125880440672
36298,0.12796208530805686
36299,0.09319125880440672
36300,0.09319125880440672
36301,0.09319125880440672
36302,0.037188208616780044
36303,0.4111776447105788
36304,0.09319125880440672
36305,0.17964071856287425
36306,0.5738636363636364
36307,0.13432835820895522
36308,0.17964071856287425
36309,0.09319125880440672
36310,0.09319125880440672
36311,0.2184936614466816
36312,0.11239193083573487
36313,0.09319125880440672
36314,0.5738636363636364
36315,0.037188208616780044
36316,0.09319125880440672
36317,0.17391304347826086
36318,0.13432835820895522
36319,0.037188208616780044
36320,0.8938547486033519
36321,0.037188208616780044
36322,0.4797297297297297
36323,0.037188208616780044
36324,0.13432835820895522
36325,0.0189873417721519
36326,0.09319125880440672
36327,0.17964071856287425
36328,0.038461538461538464
36329,0.5738636363636364
36330,0.2184936614466816
36331,0.09319125880440672
36332,0.09156193895870736
36333,0.2184936614466816
36334,0.17964071856287425
36335,0.26552462526766596
36336,0.12796208530805686
36337,0.09319125880440672
36338,0.037188208616780044
36339,0.09319125880440672
36340,0.13432835820895522
36341,0.037188208616780044
36342,0.4787234042553192
36343,0.037188208616780044
36344,0.17964071856287425
36345,0.09319125880440672
36346,0.09319125880440672
36347,0.7521739130434782
36348,0.09319125880440672
36349,0.12796208530805686
36350,0.09319125880440672
36351,0.48520710059171596
36352,0.038461538461538464
36353,0.8938547486033519
36354,0.09156193895870736
36355,0.48520710059171596
36356,0.037188208616780044
36357,0.17964071856287425
36358,0.037188208616780044
36359,0.17964071856287425
36360,0.4698275862068966
36361,0.4111776447105788
36362,0.42776203966005666
36363,0.42776203966005666
36364,0.2184936614466816
36365,0.3763440860215054
36366,0.4111776447105788
36367,0.17964071856287425
36368,0.7655172413793103
36369,0.4111776447105788
36370,0.17964071856287425
36371,0.27807486631016043
36372,0.037188208616780044
36373,0.2184936614466816
36374,0.037188208616780044
36375,0.09319125880440672
36376,0.09319125880440672
36377,0.037188208616780044
36378,0.037188208616780044
36379,0.037188208616780044
36380,0.8938547486033519
36381,0.11239193083573487
36382,0.17964071856287425
36383,0.13432835820895522
36384,0.42776203966005666
36385,0.13432835820895522
36386,0.13432835820895522
36387,0.2184936614466816
36388,0.42776203966005666
36389,0.037188208616780044
36390,0.48520710059171596
36391,0.2184936614466816
36392,0.037188208616780044
36393,0.09319125880440672
36394,0.17964071856287425
36395,0.4698275862068966
36396,0.3763440860215054
36397,0.26552462526766596
36398,0.42776203966005666
36399,0.037188208616780044
36400,0.037188208616780044
36401,0.037188208616780044
36402,0.09319125880440672
36403,0.037188208616780044
36404,0.6805251641137856
36405,0.037188208616780044
36406,0.17964071856287425
36407,0.6805251641137856
36408,0.4111776447105788
36409,0.037188208616780044
36410,0.17964071856287425
36411,0.09319125880440672
36412,0.2184936614466816
36413,0.26552462526766596
36414,0.26552462526766596
36415,0.3958333333333333
36416,0.12796208530805686
36417,0.09156193895870736
36418,0.037188208616780044
36419,0.09319125880440672
36420,0.6104928457869634
36421,0.6104928457869634
36422,0.0189873417721519
36423,0.8103448275862069
36424,0.6104928457869634
36425,0.09319125880440672
36426,0.6104928457869634
36427,0.17964071856287425
36428,0.8938547486033519
36429,0.24324324324324326
36430,0.12796208530805686
36431,0.09319125880440672
36432,0.09319125880440672
36433,0.09319125880440672
36434,0.2184936614466816
36435,0.09319125880440672
36436,0.09319125880440672
36437,0.12796208530805686
36438,0.48520710059171596
36439,0.4698275862068966
36440,0.09319125880440672
36441,0.09319125880440672
36442,0.09319125880440672
36443,0.09319125880440672
36444,0.09319125880440672
36445,0.17391304347826086
36446,0.09319125880440672
36447,0.037188208616780044
36448,0.27807486631016043
36449,0.11239193083573487
36450,0.5738636363636364
36451,0.13432835820895522
36452,0.038461538461538464
36453,0.2184936614466816
36454,0.037188208616780044
36455,0.0189873417721519
36456,0.2184936614466816
36457,0.2184936614466816
36458,0.09319125880440672
36459,0.09319125880440672
36460,0.5738636363636364
36461,0.27807486631016043
36462,0.2184936614466816
36463,0.037188208616780044
36464,0.037188208616780044
36465,0.037188208616780044
36466,0.13432835820895522
36467,0.037188208616780044
36468,0.09319125880440672
36469,0.2184936614466816
36470,0.09319125880440672
36471,0.037188208616780044
36472,0.09319125880440672
36473,0.09319125880440672
36474,0.6805251641137856
36475,0.4111776447105788
36476,0.6805251641137856
36477,0.13432835820895522
36478,0.09319125880440672
36479,0.037188208616780044
36480,0.17964071856287425
36481,0.12796208530805686
36482,0.09319125880440672
36483,0.09319125880440672
36484,0.037188208616780044
36485,0.42776203966005666
36486,0.037188208616780044
36487,0.17964071856287425
36488,0.037188208616780044
36489,0.11239193083573487
36490,0.6104928457869634
36491,0.17391304347826086
36492,0.037188208616780044
36493,0.13432835820895522
36494,0.17964071856287425
36495,0.7655172413793103
36496,0.09319125880440672
36497,0.037188208616780044
36498,0.4787234042553192
36499,0.09319125880440672
36500,0.42776203966005666
36501,0.037188208616780044
36502,0.27807486631016043
36503,0.4698275862068966
36504,0.4
36505,0.2184936614466816
36506,0.26552462526766596
36507,0.17391304347826086
36508,0.09319125880440672
36509,0.8938547486033519
36510,0.17964071856287425
36511,0.09319125880440672
36512,0.037188208616780044
36513,0.09319125880440672
36514,0.037188208616780044
36515,0.13432835820895522
36516,0.037188208616780044
36517,0.037188208616780044
36518,0.5738636363636364
36519,0.7521739130434782
36520,0.0189873417721519
36521,0.3763440860215054
36522,0.09319125880440672
36523,0.037188208616780044
36524,0.037188208616780044
36525,0.2184936614466816
36526,0.09319125880440672
36527,0.11239193083573487
36528,0.17964071856287425
36529,0.2184936614466816
36530,0.42776203966005666
36531,0.4111776447105788
36532,0.3958333333333333
36533,0.17964071856287425
36534,0.037188208616780044
36535,0.7655172413793103
36536,0.2184936614466816
36537,0.09319125880440672
36538,0.037188208616780044
36539,0.2184936614466816
36540,0.09319125880440672
36541,0.12796208530805686
36542,0.26552462526766596
36543,0.17964071856287425
36544,0.3763440860215054
36545,0.4111776447105788
36546,0.037188208616780044
36547,0.8938547486033519
36548,0.6104928457869634
36549,0.037188208616780044
36550,0.11239193083573487
36551,0.037188208616780044
36552,0.2184936614466816
36553,0.17964071856287425
36554,0.12796208530805686
36555,0.09319125880440672
36556,0.09319125880440672
36557,0.0189873417721519
36558,0.038461538461538464
36559,0.09319125880440672
36560,0.09319125880440672
36561,0.09319125880440672
36562,0.037188208616780044
36563,0.037188208616780044
36564,0.13432835820895522
36565,0.12796208530805686
36566,0.09319125880440672
36567,0.09319125880440672
36568,0.13432835820895522
36569,0.037188208616780044
36570,0.037188208616780044
36571,0.2184936614466816
36572,0.037188208616780044
36573,0.3958333333333333
36574,0.037188208616780044
36575,0.037188208616780044
36576,0.09319125880440672
36577,0.09319125880440672
36578,0.17964071856287425
36579,0.038461538461538464
36580,0.17964071856287425
36581,0.17964071856287425
36582,0.4111776447105788
36583,0.12796208530805686
36584,0.8938547486033519
36585,0.4111776447105788
36586,0.09319125880440672
36587,0.09319125880440672
36588,0.037188208616780044
36589,0.17964071856287425
36590,0.037188208616780044
36591,0.09319125880440672
36592,0.037188208616780044
36593,0.4111776447105788
36594,0.42776203966005666
36595,0.13432835820895522
36596,0.09319125880440672
36597,0.6805251641137856
36598,0.09319125880440672
36599,0.2184936614466816
36600,0.09319125880440672
36601,0.7521739130434782
36602,0.09319125880440672
36603,0.09319125880440672
36604,0.4111776447105788
36605,0.037188208616780044
36606,0.037188208616780044
36607,0.09319125880440672
36608,0.24324324324324326
36609,0.09156193895870736
36610,0.09319125880440672
36611,0.037188208616780044
36612,0.7655172413793103
36613,0.09319125880440672
36614,0.09319125880440672
36615,0.2184936614466816
36616,0.09319125880440672
36617,0.27807486631016043
36618,0.0189873417721519
36619,0.037188208616780044
36620,0.2184936614466816
36621,0.17964071856287425
36622,0.09319125880440672
36623,0.4111776447105788
36624,0.6805251641137856
36625,0.037188208616780044
36626,0.6805251641137856
36627,0.09319125880440672
36628,0.09156193895870736
36629,0.09319125880440672
36630,0.037188208616780044
36631,0.13432835820895522
36632,0.26552462526766596
36633,0.17964071856287425
36634,0.2184936614466816
36635,0.4111776447105788
36636,0.2184936614466816
36637,0.17964071856287425
36638,0.037188208616780044
36639,0.037188208616780044
36640,0.09319125880440672
36641,0.09319125880440672
36642,0.09319125880440672
36643,0.6104928457869634
36644,0.26552462526766596
36645,0.4
36646,0.09319125880440672
36647,0.09319125880440672
36648,0.09319125880440672
36649,0.6805251641137856
36650,0.09319125880440672
36651,0.13432835820895522
36652,0.7521739130434782
36653,0.037188208616780044
36654,0.037188208616780044
36655,0.09319125880440672
36656,0.09319125880440672
36657,0.0189873417721519
36658,0.037188208616780044
36659,0.09156193895870736
36660,0.48520710059171596
36661,0.09319125880440672
36662,0.037188208616780044
36663,0.17391304347826086
36664,0.0189873417721519
36665,0.09319125880440672
36666,0.4111776447105788
36667,0.4111776447105788
36668,0.13432835820895522
36669,0.09319125880440672
36670,0.09319125880440672
36671,0.4111776447105788
36672,0.2184936614466816
36673,0.7655172413793103
36674,0.42776203966005666
36675,0.09319125880440672
36676,0.09156193895870736
36677,0.037188208616780044
36678,0.5738636363636364
36679,0.09319125880440672
36680,0.09319125880440672
36681,0.17964071856287425
36682,0.09319125880440672
36683,0.037188208616780044
36684,0.037188208616780044
36685,0.09319125880440672
36686,0.09319125880440672
36687,0.0189873417721519
36688,0.037188208616780044
36689,0.09319125880440672
36690,0.7655172413793103
36691,0.2184936614466816
36692,0.4797297297297297
36693,0.09319125880440672
36694,0.09319125880440672
36695,0.09319125880440672
36696,0.09319125880440672
36697,0.037188208616780044
36698,0.09319125880440672
36699,0.037188208616780044
36700,0.4787234042553192
36701,0.2184936614466816
36702,0.09319125880440672
36703,0.13432835820895522
36704,0.09319125880440672
36705,0.037188208616780044
36706,0.038461538461538464
36707,0.17964071856287425
36708,0.17964071856287425
36709,0.17964071856287425
36710,0.42776203966005666
36711,0.09319125880440672
36712,0.2184936614466816
36713,0.09319125880440672
36714,0.09319125880440672
36715,0.037188208616780044
36716,0.11239193083573487
36717,0.42776203966005666
36718,0.09156193895870736
36719,0.037188208616780044
36720,0.17964071856287425
36721,0.09319125880440672
36722,0.09319125880440672
36723,0.037188208616780044
36724,0.8103448275862069
36725,0.037188208616780044
36726,0.037188208616780044
36727,0.09319125880440672
36728,0.09319125880440672
36729,0.2184936614466816
36730,0.4797297297297297
36731,0.4698275862068966
36732,0.17964071856287425
36733,0.037188208616780044
36734,0.17964071856287425
36735,0.09319125880440672
36736,0.11239193083573487
36737,0.6805251641137856
36738,0.6104928457869634
36739,0.09319125880440672
36740,0.27807486631016043
36741,0.09319125880440672
36742,0.4111776447105788
36743,0.2184936614466816
36744,0.037188208616780044
36745,0.26552462526766596
36746,0.3958333333333333
36747,0.09319125880440672
36748,0.4698275862068966
36749,0.17964071856287425
36750,0.2184936614466816
36751,0.13432835820895522
36752,0.037188208616780044
36753,0.42776203966005666
36754,0.037188208616780044
36755,0.4111776447105788
36756,0.2184936614466816
36757,0.037188208616780044
36758,0.037188208616780044
36759,0.037188208616780044
36760,0.037188208616780044
36761,0.037188208616780044
36762,0.4111776447105788
36763,0.4698275862068966
36764,0.09319125880440672
36765,0.4111776447105788
36766,0.037188208616780044
36767,0.037188208616780044
36768,0.4797297297297297
36769,0.6805251641137856
36770,0.037188208616780044
36771,0.09319125880440672
36772,0.09319125880440672
36773,0.09319125880440672
36774,0.0189873417721519
36775,0.037188208616780044
36776,0.4698275862068966
36777,0.037188208616780044
36778,0.037188208616780044
36779,0.09319125880440672
36780,0.0189873417721519
36781,0.13432835820895522
36782,0.26552462526766596
36783,0.2184936614466816
36784,0.0189873417721519
36785,0.13432835820895522
36786,0.09319125880440672
36787,0.038461538461538464
36788,0.09319125880440672
36789,0.5738636363636364
36790,0.0189873417721519
36791,0.4111776447105788
36792,0.09319125880440672
36793,0.09319125880440672
36794,0.2184936614466816
36795,0.12796208530805686
36796,0.037188208616780044
36797,0.037188208616780044
36798,0.0189873417721519
36799,0.13432835820895522
36800,0.037188208616780044
36801,0.037188208616780044
36802,0.2184936614466816
36803,0.17391304347826086
36804,0.17964071856287425
36805,0.037188208616780044
36806,0.09319125880440672
36807,0.037188208616780044
36808,0.4797297297297297
36809,0.09156193895870736
36810,0.09319125880440672
36811,0.7655172413793103
36812,0.4797297297297297
36813,0.09319125880440672
36814,0.09319125880440672
36815,0.42776203966005666
36816,0.09319125880440672
36817,0.17391304347826086
36818,0.2184936614466816
36819,0.09319125880440672
36820,0.27807486631016043
36821,0.0189873417721519
36822,0.17964071856287425
36823,0.09319125880440672
36824,0.13432835820895522
36825,0.6805251641137856
36826,0.037188208616780044
36827,0.7655172413793103
36828,0.4111776447105788
36829,0.7655172413793103
36830,0.7655172413793103
36831,0.037188208616780044
36832,0.17964071856287425
36833,0.09319125880440672
36834,0.13432835820895522
36835,0.037188208616780044
36836,0.037188208616780044
36837,0.037188208616780044
36838,0.6805251641137856
36839,0.11239193083573487
36840,0.48520710059171596
36841,0.27807486631016043
36842,0.09319125880440672
36843,0.037188208616780044
36844,0.037188208616780044
36845,0.037188208616780044
36846,0.09319125880440672
36847,0.17391304347826086
36848,0.09319125880440672
36849,0.09319125880440672
36850,0.037188208616780044
36851,0.0189873417721519
36852,0.0189873417721519
36853,0.09319125880440672
36854,0.42776203966005666
36855,0.037188208616780044
36856,0.09319125880440672
36857,0.037188208616780044
36858,0.037188208616780044
36859,0.42776203966005666
36860,0.17964071856287425
36861,0.09319125880440672
36862,0.2184936614466816
36863,0.0189873417721519
36864,0.09319125880440672
36865,0.037188208616780044
36866,0.09156193895870736
36867,0.2184936614466816
36868,0.7655172413793103
36869,0.26552462526766596
36870,0.2184936614466816
36871,0.4111776447105788
36872,0.09319125880440672
36873,0.13432835820895522
36874,0.6104928457869634
36875,0.09319125880440672
36876,0.037188208616780044
36877,0.09156193895870736
36878,0.48520710059171596
36879,0.13432835820895522
36880,0.037188208616780044
36881,0.09156193895870736
36882,0.09319125880440672
36883,0.8938547486033519
36884,0.037188208616780044
36885,0.17964071856287425
36886,0.11239193083573487
36887,0.09319125880440672
36888,0.42776203966005666
36889,0.09319125880440672
36890,0.13432835820895522
36891,0.09319125880440672
36892,0.09319125880440672
36893,0.037188208616780044
36894,0.17964071856287425
36895,0.7655172413793103
36896,0.6104928457869634
36897,0.0189873417721519
36898,0.09319125880440672
36899,0.4111776447105788
36900,0.037188208616780044
36901,0.26552462526766596
36902,0.42776203966005666
36903,0.09319125880440672
36904,0.09319125880440672
36905,0.037188208616780044
36906,0.037188208616780044
36907,0.7655172413793103
36908,0.09319125880440672
36909,0.09319125880440672
36910,0.09319125880440672
36911,0.09319125880440672
36912,0.09319125880440672
36913,0.09319125880440672
36914,0.037188208616780044
36915,0.4111776447105788
36916,0.09319125880440672
36917,0.2184936614466816
36918,0.11239193083573487
36919,0.037188208616780044
36920,0.2184936614466816
36921,0.09319125880440672
36922,0.17964071856287425
36923,0.17964071856287425
36924,0.48520710059171596
36925,0.11239193083573487
36926,0.11239193083573487
36927,0.7655172413793103
36928,0.09319125880440672
36929,0.037188208616780044
36930,0.26552462526766596
36931,0.4698275862068966
36932,0.09319125880440672
36933,0.2184936614466816
36934,0.037188208616780044
36935,0.09319125880440672
36936,0.037188208616780044
36937,0.12796208530805686
36938,0.2184936614466816
36939,0.42776203966005666
36940,0.4111776447105788
36941,0.037188208616780044
36942,0.037188208616780044
36943,0.037188208616780044
36944,0.7655172413793103
36945,0.09319125880440672
36946,0.42776203966005666
36947,0.037188208616780044
36948,0.13432835820895522
36949,0.037188208616780044
36950,0.2184936614466816
36951,0.037188208616780044
36952,0.037188208616780044
36953,0.27807486631016043
36954,0.26552462526766596
36955,0.09319125880440672
36956,0.17391304347826086
36957,0.09319125880440672
36958,0.13432835820895522
36959,0.4111776447105788
36960,0.17964071856287425
36961,0.2184936614466816
36962,0.037188208616780044
36963,0.17964071856287425
36964,0.6104928457869634
36965,0.037188208616780044
36966,0.037188208616780044
36967,0.09319125880440672
36968,0.6104928457869634
36969,0.09319125880440672
36970,0.037188208616780044
36971,0.7521739130434782
36972,0.6104928457869634
36973,0.038461538461538464
36974,0.7655172413793103
36975,0.037188208616780044
36976,0.17964071856287425
36977,0.09319125880440672
36978,0.17964071856287425
36979,0.037188208616780044
36980,0.09319125880440672
36981,0.5738636363636364
36982,0.037188208616780044
36983,0.26552462526766596
36984,0.13432835820895522
36985,0.7655172413793103
36986,0.09319125880440672
36987,0.42776203966005666
36988,0.8938547486033519
36989,0.7655172413793103
36990,0.2184936614466816
36991,0.037188208616780044
36992,0.09319125880440672
36993,0.48520710059171596
36994,0.09319125880440672
36995,0.13432835820895522
36996,0.13432835820895522
36997,0.6104928457869634
36998,0.09319125880440672
36999,0.2184936614466816
37000,0.26552462526766596
37001,0.09319125880440672
37002,0.2184936614466816
37003,0.12796208530805686
37004,0.42776203966005666
37005,0.09319125880440672
37006,0.7655172413793103
37007,0.0189873417721519
37008,0.26552462526766596
37009,0.17964071856287425
37010,0.12796208530805686
37011,0.09319125880440672
37012,0.6104928457869634
37013,0.09319125880440672
37014,0.037188208616780044
37015,0.09319125880440672
37016,0.09319125880440672
37017,0.17964071856287425
37018,0.09319125880440672
37019,0.09319125880440672
37020,0.09319125880440672
37021,0.09156193895870736
37022,0.2184936614466816
37023,0.2184936614466816
37024,0.4787234042553192
37025,0.037188208616780044
37026,0.037188208616780044
37027,0.17964071856287425
37028,0.13432835820895522
37029,0.037188208616780044
37030,0.037188208616780044
37031,0.037188208616780044
37032,0.7655172413793103
37033,0.4787234042553192
37034,0.037188208616780044
37035,0.037188208616780044
37036,0.17391304347826086
37037,0.48520710059171596
37038,0.2184936614466816
37039,0.09319125880440672
37040,0.09319125880440672
37041,0.09319125880440672
37042,0.037188208616780044
37043,0.17964071856287425
37044,0.09319125880440672
37045,0.037188208616780044
37046,0.6805251641137856
37047,0.037188208616780044
37048,0.7521739130434782
37049,0.09319125880440672
37050,0.09319125880440672
37051,0.2184936614466816
37052,0.09319125880440672
37053,0.09319125880440672
37054,0.09319125880440672
37055,0.13432835820895522
37056,0.09319125880440672
37057,0.13432835820895522
37058,0.037188208616780044
37059,0.09156193895870736
37060,0.13432835820895522
37061,0.2184936614466816
37062,0.09319125880440672
37063,0.3763440860215054
37064,0.037188208616780044
37065,0.2184936614466816
37066,0.09319125880440672
37067,0.3958333333333333
37068,0.037188208616780044
37069,0.13432835820895522
37070,0.09319125880440672
37071,0.7655172413793103
37072,0.13432835820895522
37073,0.09156193895870736
37074,0.037188208616780044
37075,0.037188208616780044
37076,0.4111776447105788
37077,0.09319125880440672
37078,0.09319125880440672
37079,0.09319125880440672
37080,0.42776203966005666
37081,0.09319125880440672
37082,0.4111776447105788
37083,0.6104928457869634
37084,0.17964071856287425
37085,0.09319125880440672
37086,0.2184936614466816
37087,0.48520710059171596
37088,0.037188208616780044
37089,0.09319125880440672
37090,0.17964071856287425
37091,0.4111776447105788
37092,0.13432835820895522
37093,0.037188208616780044
37094,0.037188208616780044
37095,0.09319125880440672
37096,0.038461538461538464
37097,0.09319125880440672
37098,0.6805251641137856
37099,0.037188208616780044
37100,0.037188208616780044
37101,0.037188208616780044
37102,0.037188208616780044
37103,0.09319125880440672
37104,0.037188208616780044
37105,0.4111776447105788
37106,0.037188208616780044
37107,0.4797297297297297
37108,0.037188208616780044
37109,0.2184936614466816
37110,0.0189873417721519
37111,0.26552462526766596
37112,0.09319125880440672
37113,0.48520710059171596
37114,0.6805251641137856
37115,0.037188208616780044
37116,0.26552462526766596
37117,0.037188208616780044
37118,0.26552462526766596
37119,0.09156193895870736
37120,0.09319125880440672
37121,0.037188208616780044
37122,0.037188208616780044
37123,0.09319125880440672
37124,0.09319125880440672
37125,0.2184936614466816
37126,0.11239193083573487
37127,0.09319125880440672
37128,0.09319125880440672
37129,0.6805251641137856
37130,0.6104928457869634
37131,0.09319125880440672
37132,0.7655172413793103
37133,0.037188208616780044
37134,0.4111776447105788
37135,0.7521739130434782
37136,0.09319125880440672
37137,0.7655172413793103
37138,0.4787234042553192
37139,0.09319125880440672
37140,0.26552462526766596
37141,0.09319125880440672
37142,0.3763440860215054
37143,0.037188208616780044
37144,0.6805251641137856
37145,0.7655172413793103
37146,0.09319125880440672
37147,0.42776203966005666
37148,0.17964071856287425
37149,0.09319125880440672
37150,0.26552462526766596
37151,0.037188208616780044
37152,0.17964071856287425
37153,0.09319125880440672
37154,0.2184936614466816
37155,0.7655172413793103
37156,0.4698275862068966
37157,0.037188208616780044
37158,0.09319125880440672
37159,0.3763440860215054
37160,0.09319125880440672
37161,0.09319125880440672
37162,0.17964071856287425
37163,0.09319125880440672
37164,0.09319125880440672
37165,0.0189873417721519
37166,0.09319125880440672
37167,0.09156193895870736
37168,0.13432835820895522
37169,0.11239193083573487
37170,0.4111776447105788
37171,0.037188208616780044
37172,0.7655172413793103
37173,0.09319125880440672
37174,0.09319125880440672
37175,0.2184936614466816
37176,0.6104928457869634
37177,0.09319125880440672
37178,0.17964071856287425
37179,0.6805251641137856
37180,0.09319125880440672
37181,0.7655172413793103
37182,0.09319125880440672
37183,0.037188208616780044
37184,0.17964071856287425
37185,0.17391304347826086
37186,0.2184936614466816
37187,0.037188208616780044
37188,0.09319125880440672
37189,0.09319125880440672
37190,0.09319125880440672
37191,0.48520710059171596
37192,0.12796208530805686
37193,0.09319125880440672
37194,0.09156193895870736
37195,0.12796208530805686
37196,0.037188208616780044
37197,0.6805251641137856
37198,0.13432835820895522
37199,0.17964071856287425
37200,0.09319125880440672
37201,0.09319125880440672
37202,0.037188208616780044
37203,0.037188208616780044
37204,0.037188208616780044
37205,0.12796208530805686
37206,0.037188208616780044
37207,0.0189873417721519
37208,0.09319125880440672
37209,0.09319125880440672
37210,0.5738636363636364
37211,0.42776203966005666
37212,0.09319125880440672
37213,0.7655172413793103
37214,0.037188208616780044
37215,0.6104928457869634
37216,0.8938547486033519
37217,0.09319125880440672
37218,0.09319125880440672
37219,0.09319125880440672
37220,0.037188208616780044
37221,0.09319125880440672
37222,0.09319125880440672
37223,0.7521739130434782
37224,0.09319125880440672
37225,0.09319125880440672
37226,0.7655172413793103
37227,0.09319125880440672
37228,0.17964071856287425
37229,0.6805251641137856
37230,0.4797297297297297
37231,0.6104928457869634
37232,0.13432835820895522
37233,0.13432835820895522
37234,0.42776203966005666
37235,0.4698275862068966
37236,0.2184936614466816
37237,0.2184936614466816
37238,0.6805251641137856
37239,0.09319125880440672
37240,0.09156193895870736
37241,0.09319125880440672
37242,0.2184936614466816
37243,0.09319125880440672
37244,0.09319125880440672
37245,0.7655172413793103
37246,0.09319125880440672
37247,0.037188208616780044
37248,0.037188208616780044
37249,0.42776203966005666
37250,0.2184936614466816
37251,0.09319125880440672
37252,0.037188208616780044
37253,0.09319125880440672
37254,0.26552462526766596
37255,0.4797297297297297
37256,0.17964071856287425
37257,0.2184936614466816
37258,0.17964071856287425
37259,0.037188208616780044
37260,0.09319125880440672
37261,0.09319125880440672
37262,0.09156193895870736
37263,0.0189873417721519
37264,0.09319125880440672
37265,0.037188208616780044
37266,0.6805251641137856
37267,0.17964071856287425
37268,0.038461538461538464
37269,0.037188208616780044
37270,0.09319125880440672
37271,0.2184936614466816
37272,0.037188208616780044
37273,0.09319125880440672
37274,0.2184936614466816
37275,0.037188208616780044
37276,0.09319125880440672
37277,0.12796208530805686
37278,0.6104928457869634
37279,0.24324324324324326
37280,0.13432835820895522
37281,0.2184936614466816
37282,0.17964071856287425
37283,0.037188208616780044
37284,0.09319125880440672
37285,0.037188208616780044
37286,0.09319125880440672
37287,0.17964071856287425
37288,0.17964071856287425
37289,0.09319125880440672
37290,0.7521739130434782
37291,0.09319125880440672
37292,0.17964071856287425
37293,0.7655172413793103
37294,0.037188208616780044
37295,0.09319125880440672
37296,0.09319125880440672
37297,0.037188208616780044
37298,0.09319125880440672
37299,0.09319125880440672
37300,0.09319125880440672
37301,0.037188208616780044
37302,0.09319125880440672
37303,0.2184936614466816
37304,0.09319125880440672
37305,0.037188208616780044
37306,0.037188208616780044
37307,0.09319125880440672
37308,0.7655172413793103
37309,0.42776203966005666
37310,0.7655172413793103
37311,0.0189873417721519
37312,0.037188208616780044
37313,0.17391304347826086
37314,0.8461538461538461
37315,0.2184936614466816
37316,0.17964071856287425
37317,0.09319125880440672
37318,0.09319125880440672
37319,0.26552462526766596
37320,0.2184936614466816
37321,0.037188208616780044
37322,0.09319125880440672
37323,0.4111776447105788
37324,0.6104928457869634
37325,0.037188208616780044
37326,0.037188208616780044
37327,0.037188208616780044
37328,0.09319125880440672
37329,0.6805251641137856
37330,0.037188208616780044
37331,0.09319125880440672
37332,0.037188208616780044
37333,0.037188208616780044
37334,0.09319125880440672
37335,0.09319125880440672
37336,0.17391304347826086
37337,0.0189873417721519
37338,0.09319125880440672
37339,0.09319125880440672
37340,0.4797297297297297
37341,0.5738636363636364
37342,0.09319125880440672
37343,0.17964071856287425
37344,0.09156193895870736
37345,0.7655172413793103
37346,0.037188208616780044
37347,0.17964071856287425
37348,0.0189873417721519
37349,0.09319125880440672
37350,0.09319125880440672
37351,0.0189873417721519
37352,0.09319125880440672
37353,0.2184936614466816
37354,0.09319125880440672
37355,0.12796208530805686
37356,0.12796208530805686
37357,0.09319125880440672
37358,0.17964071856287425
37359,0.13432835820895522
37360,0.037188208616780044
37361,0.09156193895870736
37362,0.037188208616780044
37363,0.4111776447105788
37364,0.09319125880440672
37365,0.2184936614466816
37366,0.4111776447105788
37367,0.2184936614466816
37368,0.4698275862068966
37369,0.037188208616780044
37370,0.09319125880440672
37371,0.037188208616780044
37372,0.42776203966005666
37373,0.6805251641137856
37374,0.13432835820895522
37375,0.11239193083573487
37376,0.26552462526766596
37377,0.037188208616780044
37378,0.09319125880440672
37379,0.09319125880440672
37380,0.7521739130434782
37381,0.13432835820895522
37382,0.11239193083573487
37383,0.4698275862068966
37384,0.09319125880440672
37385,0.09156193895870736
37386,0.09319125880440672
37387,0.037188208616780044
37388,0.4698275862068966
37389,0.4111776447105788
37390,0.037188208616780044
37391,0.037188208616780044
37392,0.4698275862068966
37393,0.09319125880440672
37394,0.13432835820895522
37395,0.17964071856287425
37396,0.09319125880440672
37397,0.09319125880440672
37398,0.09319125880440672
37399,0.037188208616780044
37400,0.6104928457869634
37401,0.8938547486033519
37402,0.17964071856287425
37403,0.3763440860215054
37404,0.037188208616780044
37405,0.2184936614466816
37406,0.2184936614466816
37407,0.037188208616780044
37408,0.037188208616780044
37409,0.17964071856287425
37410,0.26552462526766596
37411,0.09156193895870736
37412,0.0189873417721519
37413,0.13432835820895522
37414,0.037188208616780044
37415,0.6104928457869634
37416,0.037188208616780044
37417,0.3763440860215054
37418,0.26552462526766596
37419,0.037188208616780044
37420,0.17964071856287425
37421,0.0189873417721519
37422,0.037188208616780044
37423,0.09319125880440672
37424,0.4111776447105788
37425,0.09319125880440672
37426,0.09319125880440672
37427,0.09319125880440672
37428,0.09319125880440672
37429,0.0189873417721519
37430,0.7655172413793103
37431,0.2184936614466816
37432,0.037188208616780044
37433,0.48520710059171596
37434,0.6104928457869634
37435,0.038461538461538464
37436,0.09319125880440672
37437,0.42776203966005666
37438,0.037188208616780044
37439,0.037188208616780044
37440,0.4111776447105788
37441,0.09319125880440672
37442,0.09319125880440672
37443,0.0189873417721519
37444,0.3958333333333333
37445,0.037188208616780044
37446,0.6104928457869634
37447,0.09319125880440672
37448,0.09319125880440672
37449,0.09319125880440672
37450,0.037188208616780044
37451,0.09319125880440672
37452,0.0189873417721519
37453,0.4111776447105788
37454,0.17964071856287425
37455,0.3763440860215054
37456,0.2184936614466816
37457,0.7655172413793103
37458,0.037188208616780044
37459,0.6104928457869634
37460,0.09319125880440672
37461,0.7655172413793103
37462,0.09319125880440672
37463,0.09319125880440672
37464,0.09319125880440672
37465,0.17964071856287425
37466,0.6104928457869634
37467,0.037188208616780044
37468,0.037188208616780044
37469,0.13432835820895522
37470,0.09319125880440672
37471,0.17964071856287425
37472,0.09319125880440672
37473,0.17964071856287425
37474,0.09319125880440672
37475,0.037188208616780044
37476,0.6104928457869634
37477,0.09319125880440672
37478,0.11239193083573487
37479,0.09319125880440672
37480,0.0189873417721519
37481,0.6104928457869634
37482,0.037188208616780044
37483,0.42776203966005666
37484,0.7655172413793103
37485,0.09319125880440672
37486,0.09319125880440672
37487,0.09319125880440672
37488,0.037188208616780044
37489,0.13432835820895522
37490,0.09319125880440672
37491,0.037188208616780044
37492,0.09319125880440672
37493,0.037188208616780044
37494,0.09156193895870736
37495,0.09319125880440672
37496,0.4698275862068966
37497,0.037188208616780044
37498,0.7521739130434782
37499,0.037188208616780044
37500,0.17391304347826086
37501,0.037188208616780044
37502,0.6104928457869634
37503,0.09319125880440672
37504,0.26552462526766596
37505,0.4797297297297297
37506,0.037188208616780044
37507,0.037188208616780044
37508,0.5738636363636364
37509,0.037188208616780044
37510,0.7521739130434782
37511,0.037188208616780044
37512,0.2184936614466816
37513,0.17964071856287425
37514,0.17964071856287425
37515,0.0189873417721519
37516,0.037188208616780044
37517,0.09319125880440672
37518,0.037188208616780044
37519,0.09319125880440672
37520,0.4111776447105788
37521,0.09319125880440672
37522,0.42776203966005666
37523,0.17964071856287425
37524,0.4698275862068966
37525,0.4111776447105788
37526,0.09156193895870736
37527,0.037188208616780044
37528,0.09319125880440672
37529,0.3958333333333333
37530,0.11239193083573487
37531,0.037188208616780044
37532,0.09156193895870736
37533,0.037188208616780044
37534,0.26552462526766596
37535,0.6104928457869634
37536,0.037188208616780044
37537,0.2184936614466816
37538,0.09156193895870736
37539,0.09319125880440672
37540,0.037188208616780044
37541,0.037188208616780044
37542,0.6104928457869634
37543,0.17391304347826086
37544,0.09319125880440672
37545,0.4111776447105788
37546,0.09319125880440672
37547,0.6805251641137856
37548,0.09319125880440672
37549,0.48520710059171596
37550,0.09319125880440672
37551,0.11239193083573487
37552,0.037188208616780044
37553,0.09319125880440672
37554,0.037188208616780044
37555,0.09319125880440672
37556,0.09319125880440672
37557,0.09319125880440672
37558,0.09319125880440672
37559,0.037188208616780044
37560,0.09319125880440672
37561,0.037188208616780044
37562,0.17391304347826086
37563,0.09319125880440672
37564,0.09319125880440672
37565,0.2184936614466816
37566,0.2184936614466816
37567,0.09319125880440672
37568,0.037188208616780044
37569,0.09319125880440672
37570,0.6104928457869634
37571,0.26552462526766596
37572,0.4111776447105788
37573,0.09319125880440672
37574,0.09319125880440672
37575,0.037188208616780044
37576,0.4111776447105788
37577,0.037188208616780044
37578,0.2184936614466816
37579,0.6805251641137856
37580,0.037188208616780044
37581,0.17964071856287425
37582,0.09319125880440672
37583,0.09319125880440672
37584,0.09319125880440672
37585,0.26552462526766596
37586,0.09319125880440672
37587,0.7655172413793103
37588,0.09319125880440672
37589,0.4111776447105788
37590,0.09319125880440672
37591,0.2184936614466816
37592,0.037188208616780044
37593,0.2184936614466816
37594,0.42776203966005666
37595,0.42776203966005666
37596,0.17391304347826086
37597,0.13432835820895522
37598,0.17391304347826086
37599,0.0189873417721519
37600,0.037188208616780044
37601,0.037188208616780044
37602,0.09319125880440672
37603,0.6104928457869634
37604,0.037188208616780044
37605,0.6805251641137856
37606,0.17964071856287425
37607,0.4111776447105788
37608,0.09319125880440672
37609,0.037188208616780044
37610,0.09319125880440672
37611,0.13432835820895522
37612,0.037188208616780044
37613,0.6805251641137856
37614,0.2184936614466816
37615,0.09319125880440672
37616,0.13432835820895522
37617,0.09156193895870736
37618,0.037188208616780044
37619,0.037188208616780044
37620,0.5738636363636364
37621,0.037188208616780044
37622,0.09319125880440672
37623,0.09319125880440672
37624,0.6104928457869634
37625,0.09319125880440672
37626,0.48520710059171596
37627,0.09319125880440672
37628,0.09319125880440672
37629,0.09319125880440672
37630,0.17964071856287425
37631,0.09319125880440672
37632,0.09319125880440672
37633,0.4111776447105788
37634,0.09319125880440672
37635,0.037188208616780044
37636,0.09156193895870736
37637,0.037188208616780044
37638,0.09319125880440672
37639,0.26552462526766596
37640,0.4111776447105788
37641,0.09319125880440672
37642,0.26552462526766596
37643,0.4111776447105788
37644,0.4797297297297297
37645,0.2184936614466816
37646,0.11239193083573487
37647,0.09319125880440672
37648,0.09319125880440672
37649,0.0189873417721519
37650,0.09319125880440672
37651,0.037188208616780044
37652,0.4111776447105788
37653,0.037188208616780044
37654,0.09319125880440672
37655,0.7521739130434782
37656,0.0189873417721519
37657,0.09319125880440672
37658,0.13432835820895522
37659,0.037188208616780044
37660,0.09319125880440672
37661,0.13432835820895522
37662,0.09319125880440672
37663,0.09319125880440672
37664,0.037188208616780044
37665,0.037188208616780044
37666,0.4111776447105788
37667,0.037188208616780044
37668,0.037188208616780044
37669,0.11239193083573487
37670,0.09319125880440672
37671,0.0189873417721519
37672,0.6805251641137856
37673,0.09156193895870736
37674,0.09319125880440672
37675,0.4698275862068966
37676,0.09319125880440672
37677,0.037188208616780044
37678,0.17964071856287425
37679,0.037188208616780044
37680,0.09319125880440672
37681,0.42776203966005666
37682,0.09319125880440672
37683,0.037188208616780044
37684,0.11239193083573487
37685,0.17964071856287425
37686,0.17964071856287425
37687,0.09319125880440672
37688,0.037188208616780044
37689,0.5738636363636364
37690,0.037188208616780044
37691,0.24324324324324326
37692,0.2184936614466816
37693,0.27807486631016043
37694,0.037188208616780044
37695,0.6104928457869634
37696,0.4698275862068966
37697,0.17964071856287425
37698,0.13432835820895522
37699,0.12796208530805686
37700,0.037188208616780044
37701,0.09319125880440672
37702,0.037188208616780044
37703,0.09319125880440672
37704,0.0189873417721519
37705,0.6805251641137856
37706,0.13432835820895522
37707,0.13432835820895522
37708,0.2184936614466816
37709,0.42776203966005666
37710,0.2184936614466816
37711,0.17964071856287425
37712,0.2184936614466816
37713,0.037188208616780044
37714,0.3958333333333333
37715,0.6805251641137856
37716,0.26552462526766596
37717,0.7655172413793103
37718,0.09319125880440672
37719,0.4698275862068966
37720,0.09319125880440672
37721,0.09319125880440672
37722,0.42776203966005666
37723,0.4111776447105788
37724,0.17964071856287425
37725,0.2184936614466816
37726,0.13432835820895522
37727,0.42776203966005666
37728,0.09319125880440672
37729,0.6104928457869634
37730,0.17964071856287425
37731,0.037188208616780044
37732,0.3763440860215054
37733,0.6104928457869634
37734,0.6104928457869634
37735,0.2184936614466816
37736,0.4111776447105788
37737,0.26552462526766596
37738,0.13432835820895522
37739,0.7655172413793103
37740,0.7655172413793103
37741,0.17964071856287425
37742,0.5738636363636364
37743,0.7655172413793103
37744,0.037188208616780044
37745,0.037188208616780044
37746,0.17964071856287425
37747,0.09319125880440672
37748,0.6104928457869634
37749,0.7521739130434782
37750,0.13432835820895522
37751,0.13432835820895522
37752,0.7521739130434782
37753,0.17964071856287425
37754,0.09319125880440672
37755,0.09319125880440672
37756,0.13432835820895522
37757,0.09319125880440672
37758,0.037188208616780044
37759,0.037188208616780044
37760,0.4698275862068966
37761,0.17964071856287425
37762,0.6805251641137856
37763,0.09319125880440672
37764,0.09319125880440672
37765,0.09319125880440672
37766,0.11239193083573487
37767,0.4111776447105788
37768,0.17964071856287425
37769,0.0189873417721519
37770,0.09319125880440672
37771,0.09319125880440672
37772,0.09319125880440672
37773,0.26552462526766596
37774,0.037188208616780044
37775,0.037188208616780044
37776,0.17964071856287425
37777,0.12796208530805686
37778,0.037188208616780044
37779,0.7655172413793103
37780,0.037188208616780044
37781,0.037188208616780044
37782,0.11239193083573487
37783,0.037188208616780044
37784,0.09319125880440672
37785,0.09319125880440672
37786,0.09319125880440672
37787,0.7521739130434782
37788,0.48520710059171596
37789,0.037188208616780044
37790,0.09319125880440672
37791,0.2184936614466816
37792,0.2184936614466816
37793,0.09319125880440672
37794,0.42776203966005666
37795,0.0189873417721519
37796,0.09319125880440672
37797,0.037188208616780044
37798,0.037188208616780044
37799,0.037188208616780044
37800,0.2184936614466816
37801,0.037188208616780044
37802,0.4111776447105788
37803,0.26552462526766596
37804,0.4111776447105788
37805,0.17964071856287425
37806,0.42776203966005666
37807,0.7655172413793103
37808,0.09319125880440672
37809,0.11239193083573487
37810,0.2184936614466816
37811,0.09319125880440672
37812,0.7521739130434782
37813,0.037188208616780044
37814,0.2184936614466816
37815,0.09319125880440672
37816,0.09319125880440672
37817,0.6805251641137856
37818,0.6805251641137856
37819,0.6104928457869634
37820,0.2184936614466816
37821,0.17964071856287425
37822,0.037188208616780044
37823,0.037188208616780044
37824,0.037188208616780044
37825,0.09319125880440672
37826,0.038461538461538464
37827,0.42776203966005666
37828,0.0189873417721519
37829,0.12796208530805686
37830,0.6104928457869634
37831,0.0189873417721519
37832,0.037188208616780044
37833,0.09156193895870736
37834,0.7655172413793103
37835,0.0189873417721519
37836,0.09156193895870736
37837,0.11239193083573487
37838,0.6805251641137856
37839,0.2184936614466816
37840,0.037188208616780044
37841,0.037188208616780044
37842,0.09319125880440672
37843,0.037188208616780044
37844,0.09319125880440672
37845,0.4111776447105788
37846,0.09319125880440672
37847,0.6104928457869634
37848,0.037188208616780044
37849,0.09319125880440672
37850,0.17964071856287425
37851,0.2184936614466816
37852,0.2184936614466816
37853,0.17964071856287425
37854,0.09319125880440672
37855,0.13432835820895522
37856,0.2184936614466816
37857,0.48520710059171596
37858,0.037188208616780044
37859,0.13432835820895522
37860,0.09156193895870736
37861,0.6805251641137856
37862,0.6104928457869634
37863,0.09319125880440672
37864,0.09319125880440672
37865,0.037188208616780044
37866,0.17964071856287425
37867,0.09319125880440672
37868,0.037188208616780044
37869,0.037188208616780044
37870,0.037188208616780044
37871,0.2184936614466816
37872,0.09319125880440672
37873,0.037188208616780044
37874,0.09319125880440672
37875,0.09319125880440672
37876,0.09319125880440672
37877,0.09319125880440672
37878,0.17964071856287425
37879,0.09319125880440672
37880,0.4111776447105788
37881,0.037188208616780044
37882,0.26552462526766596
37883,0.17391304347826086
37884,0.2184936614466816
37885,0.0189873417721519
37886,0.09319125880440672
37887,0.17964071856287425
37888,0.037188208616780044
37889,0.037188208616780044
37890,0.037188208616780044
37891,0.037188208616780044
37892,0.17964071856287425
37893,0.7521739130434782
37894,0.4111776447105788
37895,0.037188208616780044
37896,0.037188208616780044
37897,0.26552462526766596
37898,0.09156193895870736
37899,0.0189873417721519
37900,0.13432835820895522
37901,0.6104928457869634
37902,0.09319125880440672
37903,0.038461538461538464
37904,0.6104928457869634
37905,0.4111776447105788
37906,0.037188208616780044
37907,0.037188208616780044
37908,0.11239193083573487
37909,0.17964071856287425
37910,0.6805251641137856
37911,0.17964071856287425
37912,0.09319125880440672
37913,0.0189873417721519
37914,0.037188208616780044
37915,0.037188208616780044
37916,0.6805251641137856
37917,0.0189873417721519
37918,0.2184936614466816
37919,0.2184936614466816
37920,0.17964071856287425
37921,0.09319125880440672
37922,0.09319125880440672
37923,0.09319125880440672
37924,0.037188208616780044
37925,0.2184936614466816
37926,0.037188208616780044
37927,0.09319125880440672
37928,0.09319125880440672
37929,0.48520710059171596
37930,0.037188208616780044
37931,0.7655172413793103
37932,0.037188208616780044
37933,0.4698275862068966
37934,0.09319125880440672
37935,0.037188208616780044
37936,0.17391304347826086
37937,0.037188208616780044
37938,0.42776203966005666
37939,0.4787234042553192
37940,0.09319125880440672
37941,0.09319125880440672
37942,0.6104928457869634
37943,0.09319125880440672
37944,0.09319125880440672
37945,0.26552462526766596
37946,0.09319125880440672
37947,0.7521739130434782
37948,0.2184936614466816
37949,0.09319125880440672
37950,0.037188208616780044
37951,0.037188208616780044
37952,0.17964071856287425
37953,0.09319125880440672
37954,0.09319125880440672
37955,0.7655172413793103
37956,0.17964071856287425
37957,0.09156193895870736
37958,0.037188208616780044
37959,0.09319125880440672
37960,0.7655172413793103
37961,0.09319125880440672
37962,0.26552462526766596
37963,0.17964071856287425
37964,0.037188208616780044
37965,0.6805251641137856
37966,0.09319125880440672
37967,0.037188208616780044
37968,0.13432835820895522
37969,0.037188208616780044
37970,0.037188208616780044
37971,0.13432835820895522
37972,0.2184936614466816
37973,0.2184936614466816
37974,0.6805251641137856
37975,0.4698275862068966
37976,0.4111776447105788
37977,0.2184936614466816
37978,0.4111776447105788
37979,0.037188208616780044
37980,0.17964071856287425
37981,0.037188208616780044
37982,0.09319125880440672
37983,0.17964071856287425
37984,0.09319125880440672
37985,0.17964071856287425
37986,0.037188208616780044
37987,0.09319125880440672
37988,0.09319125880440672
37989,0.09319125880440672
37990,0.037188208616780044
37991,0.037188208616780044
37992,0.09319125880440672
37993,0.037188208616780044
37994,0.037188208616780044
37995,0.09156193895870736
37996,0.7655172413793103
37997,0.2184936614466816
37998,0.2184936614466816
37999,0.4111776447105788
38000,0.26552462526766596
38001,0.0189873417721519
38002,0.6805251641137856
38003,0.4797297297297297
38004,0.09319125880440672
38005,0.2184936614466816
38006,0.09319125880440672
38007,0.6805251641137856
38008,0.17964071856287425
38009,0.037188208616780044
38010,0.09319125880440672
38011,0.6805251641137856
38012,0.09319125880440672
38013,0.09319125880440672
38014,0.037188208616780044
38015,0.09319125880440672
38016,0.13432835820895522
38017,0.037188208616780044
38018,0.037188208616780044
38019,0.4797297297297297
38020,0.037188208616780044
38021,0.13432835820895522
38022,0.6805251641137856
38023,0.17964071856287425
38024,0.4797297297297297
38025,0.2184936614466816
38026,0.037188208616780044
38027,0.48520710059171596
38028,0.4111776447105788
38029,0.037188208616780044
38030,0.09319125880440672
38031,0.6104928457869634
38032,0.09319125880440672
38033,0.037188208616780044
38034,0.09319125880440672
38035,0.09319125880440672
38036,0.27807486631016043
38037,0.13432835820895522
38038,0.09319125880440672
38039,0.037188208616780044
38040,0.4111776447105788
38041,0.09319125880440672
38042,0.09319125880440672
38043,0.037188208616780044
38044,0.2184936614466816
38045,0.13432835820895522
38046,0.037188208616780044
38047,0.037188208616780044
38048,0.13432835820895522
38049,0.09319125880440672
38050,0.037188208616780044
38051,0.09319125880440672
38052,0.2184936614466816
38053,0.2184936614466816
38054,0.4111776447105788
38055,0.13432835820895522
38056,0.6104928457869634
38057,0.6104928457869634
38058,0.09319125880440672
38059,0.09319125880440672
38060,0.037188208616780044
38061,0.6104928457869634
38062,0.3763440860215054
38063,0.26552462526766596
38064,0.037188208616780044
38065,0.037188208616780044
38066,0.2184936614466816
38067,0.037188208616780044
38068,0.26552462526766596
38069,0.09319125880440672
38070,0.17964071856287425
38071,0.09319125880440672
38072,0.037188208616780044
38073,0.2184936614466816
38074,0.09319125880440672
38075,0.7521739130434782
38076,0.2184936614466816
38077,0.09319125880440672
38078,0.09319125880440672
38079,0.037188208616780044
38080,0.7655172413793103
38081,0.09319125880440672
38082,0.09319125880440672
38083,0.42776203966005666
38084,0.7521739130434782
38085,0.037188208616780044
38086,0.09319125880440672
38087,0.09319125880440672
38088,0.037188208616780044
38089,0.4111776447105788
38090,0.037188208616780044
38091,0.09319125880440672
38092,0.09319125880440672
38093,0.09156193895870736
38094,0.26552462526766596
38095,0.09319125880440672
38096,0.6104928457869634
38097,0.037188208616780044
38098,0.09319125880440672
38099,0.037188208616780044
38100,0.037188208616780044
38101,0.09319125880440672
38102,0.09319125880440672
38103,0.037188208616780044
38104,0.037188208616780044
38105,0.11239193083573487
38106,0.0189873417721519
38107,0.09319125880440672
38108,0.037188208616780044
38109,0.17964071856287425
38110,0.037188208616780044
38111,0.09319125880440672
38112,0.13432835820895522
38113,0.6104928457869634
38114,0.09319125880440672
38115,0.037188208616780044
38116,0.09156193895870736
38117,0.037188208616780044
38118,0.7655172413793103
38119,0.09319125880440672
38120,0.2184936614466816
38121,0.037188208616780044
38122,0.037188208616780044
38123,0.09319125880440672
38124,0.037188208616780044
38125,0.17391304347826086
38126,0.09156193895870736
38127,0.4111776447105788
38128,0.09319125880440672
38129,0.09319125880440672
38130,0.0189873417721519
38131,0.11239193083573487
38132,0.037188208616780044
38133,0.09156193895870736
38134,0.09319125880440672
38135,0.037188208616780044
38136,0.09319125880440672
38137,0.5738636363636364
38138,0.037188208616780044
38139,0.7655172413793103
38140,0.09319125880440672
38141,0.09319125880440672
38142,0.5738636363636364
38143,0.7655172413793103
38144,0.4111776447105788
38145,0.42776203966005666
38146,0.17964071856287425
38147,0.037188208616780044
38148,0.7521739130434782
38149,0.09319125880440672
38150,0.2184936614466816
38151,0.8938547486033519
38152,0.037188208616780044
38153,0.4111776447105788
38154,0.037188208616780044
38155,0.2184936614466816
38156,0.6805251641137856
38157,0.09319125880440672
38158,0.09319125880440672
38159,0.09319125880440672
38160,0.09319125880440672
38161,0.7655172413793103
38162,0.09156193895870736
38163,0.4111776447105788
38164,0.2184936614466816
38165,0.037188208616780044
38166,0.2184936614466816
38167,0.6104928457869634
38168,0.037188208616780044
38169,0.42776203966005666
38170,0.2184936614466816
38171,0.7655172413793103
38172,0.2184936614466816
38173,0.09319125880440672
38174,0.0189873417721519
38175,0.6805251641137856
38176,0.6104928457869634
38177,0.42776203966005666
38178,0.037188208616780044
38179,0.17391304347826086
38180,0.8103448275862069
38181,0.2184936614466816
38182,0.09156193895870736
38183,0.2184936614466816
38184,0.037188208616780044
38185,0.037188208616780044
38186,0.09319125880440672
38187,0.037188208616780044
38188,0.09319125880440672
38189,0.4111776447105788
38190,0.2184936614466816
38191,0.09319125880440672
38192,0.09319125880440672
38193,0.038461538461538464
38194,0.48520710059171596
38195,0.4111776447105788
38196,0.037188208616780044
38197,0.0189873417721519
38198,0.17964071856287425
38199,0.13432835820895522
38200,0.037188208616780044
38201,0.09319125880440672
38202,0.7655172413793103
38203,0.17964071856287425
38204,0.037188208616780044
38205,0.037188208616780044
38206,0.6104928457869634
38207,0.12796208530805686
38208,0.09319125880440672
38209,0.09319125880440672
38210,0.17964071856287425
38211,0.09319125880440672
38212,0.4111776447105788
38213,0.037188208616780044
38214,0.2184936614466816
38215,0.037188208616780044
38216,0.09319125880440672
38217,0.037188208616780044
38218,0.09319125880440672
38219,0.037188208616780044
38220,0.26552462526766596
38221,0.0189873417721519
38222,0.09319125880440672
38223,0.42776203966005666
38224,0.09319125880440672
38225,0.09319125880440672
38226,0.17964071856287425
38227,0.09319125880440672
38228,0.037188208616780044
38229,0.6805251641137856
38230,0.09319125880440672
38231,0.037188208616780044
38232,0.17391304347826086
38233,0.2184936614466816
38234,0.037188208616780044
38235,0.09319125880440672
38236,0.7655172413793103
38237,0.09319125880440672
38238,0.037188208616780044
38239,0.17391304347826086
38240,0.17964071856287425
38241,0.037188208616780044
38242,0.037188208616780044
38243,0.09156193895870736
38244,0.0189873417721519
38245,0.2184936614466816
38246,0.12796208530805686
38247,0.48520710059171596
38248,0.6104928457869634
38249,0.09319125880440672
38250,0.09319125880440672
38251,0.0189873417721519
38252,0.037188208616780044
38253,0.4111776447105788
38254,0.4787234042553192
38255,0.7655172413793103
38256,0.09319125880440672
38257,0.09319125880440672
38258,0.7521739130434782
38259,0.037188208616780044
38260,0.09319125880440672
38261,0.09319125880440672
38262,0.09319125880440672
38263,0.0189873417721519
38264,0.4111776447105788
38265,0.13432835820895522
38266,0.037188208616780044
38267,0.13432835820895522
38268,0.4698275862068966
38269,0.17964071856287425
38270,0.037188208616780044
38271,0.037188208616780044
38272,0.09319125880440672
38273,0.17964071856287425
38274,0.17964071856287425
38275,0.09319125880440672
38276,0.09319125880440672
38277,0.037188208616780044
38278,0.6104928457869634
38279,0.5738636363636364
38280,0.09156193895870736
38281,0.6805251641137856
38282,0.0189873417721519
38283,0.7655172413793103
38284,0.037188208616780044
38285,0.2184936614466816
38286,0.6104928457869634
38287,0.09319125880440672
38288,0.037188208616780044
38289,0.2184936614466816
38290,0.2184936614466816
38291,0.038461538461538464
38292,0.4111776447105788
38293,0.11239193083573487
38294,0.27807486631016043
38295,0.42776203966005666
38296,0.037188208616780044
38297,0.6104928457869634
38298,0.17964071856287425
38299,0.037188208616780044
38300,0.7655172413793103
38301,0.4111776447105788
38302,0.42776203966005666
38303,0.13432835820895522
38304,0.09319125880440672
38305,0.037188208616780044
38306,0.037188208616780044
38307,0.09319125880440672
38308,0.037188208616780044
38309,0.037188208616780044
38310,0.0189873417721519
38311,0.42776203966005666
38312,0.27807486631016043
38313,0.4111776447105788
38314,0.037188208616780044
38315,0.42776203966005666
38316,0.037188208616780044
38317,0.09319125880440672
38318,0.037188208616780044
38319,0.4797297297297297
38320,0.2184936614466816
38321,0.6104928457869634
38322,0.2184936614466816
38323,0.12796208530805686
38324,0.2184936614466816
38325,0.6104928457869634
38326,0.09319125880440672
38327,0.17391304347826086
38328,0.42776203966005666
38329,0.13432835820895522
38330,0.6104928457869634
38331,0.09319125880440672
38332,0.09319125880440672
38333,0.42776203966005666
38334,0.6805251641137856
38335,0.4111776447105788
38336,0.09319125880440672
38337,0.4698275862068966
38338,0.7655172413793103
38339,0.7655172413793103
38340,0.09319125880440672
38341,0.8103448275862069
38342,0.6104928457869634
38343,0.2184936614466816
38344,0.09156193895870736
38345,0.26552462526766596
38346,0.037188208616780044
38347,0.7655172413793103
38348,0.037188208616780044
38349,0.0189873417721519
38350,0.6805251641137856
38351,0.037188208616780044
38352,0.09319125880440672
38353,0.26552462526766596
38354,0.4797297297297297
38355,0.3958333333333333
38356,0.4698275862068966
38357,0.7655172413793103
38358,0.42776203966005666
38359,0.09319125880440672
38360,0.037188208616780044
38361,0.6104928457869634
38362,0.2184936614466816
38363,0.09319125880440672
38364,0.037188208616780044
38365,0.6805251641137856
38366,0.4787234042553192
38367,0.4
38368,0.037188208616780044
38369,0.6805251641137856
38370,0.11239193083573487
38371,0.037188208616780044
38372,0.5738636363636364
38373,0.4111776447105788
38374,0.42776203966005666
38375,0.09319125880440672
38376,0.2184936614466816
38377,0.6805251641137856
38378,0.0189873417721519
38379,0.09319125880440672
38380,0.17964071856287425
38381,0.3763440860215054
38382,0.037188208616780044
38383,0.037188208616780044
38384,0.17964071856287425
38385,0.037188208616780044
38386,0.6805251641137856
38387,0.037188208616780044
38388,0.09319125880440672
38389,0.4111776447105788
38390,0.09319125880440672
38391,0.7521739130434782
38392,0.4797297297297297
38393,0.6805251641137856
38394,0.2184936614466816
38395,0.09319125880440672
38396,0.13432835820895522
38397,0.7655172413793103
38398,0.09319125880440672
38399,0.09319125880440672
38400,0.6805251641137856
38401,0.4111776447105788
38402,0.09319125880440672
38403,0.037188208616780044
38404,0.09319125880440672
38405,0.48520710059171596
38406,0.26552462526766596
38407,0.6104928457869634
38408,0.037188208616780044
38409,0.037188208616780044
38410,0.037188208616780044
38411,0.7655172413793103
38412,0.2184936614466816
38413,0.17964071856287425
38414,0.27807486631016043
38415,0.037188208616780044
38416,0.09319125880440672
38417,0.13432835820895522
38418,0.037188208616780044
38419,0.6805251641137856
38420,0.037188208616780044
38421,0.4111776447105788
38422,0.7655172413793103
38423,0.17964071856287425
38424,0.037188208616780044
38425,0.2184936614466816
38426,0.037188208616780044
38427,0.09319125880440672
38428,0.26552462526766596
38429,0.4111776447105788
38430,0.09319125880440672
38431,0.7521739130434782
38432,0.09319125880440672
38433,0.7655172413793103
38434,0.09319125880440672
38435,0.037188208616780044
38436,0.2184936614466816
38437,0.17964071856287425
38438,0.6104928457869634
38439,0.037188208616780044
38440,0.2184936614466816
38441,0.5738636363636364
38442,0.09319125880440672
38443,0.0189873417721519
38444,0.13432835820895522
38445,0.4111776447105788
38446,0.09319125880440672
38447,0.037188208616780044
38448,0.09319125880440672
38449,0.09319125880440672
38450,0.3958333333333333
38451,0.09319125880440672
38452,0.42776203966005666
38453,0.42776203966005666
38454,0.4111776447105788
38455,0.09319125880440672
38456,0.09319125880440672
38457,0.4111776447105788
38458,0.037188208616780044
38459,0.4787234042553192
38460,0.09319125880440672
38461,0.09156193895870736
38462,0.7655172413793103
38463,0.7521739130434782
38464,0.11239193083573487
38465,0.037188208616780044
38466,0.0189873417721519
38467,0.4787234042553192
38468,0.17964071856287425
38469,0.09319125880440672
38470,0.6805251641137856
38471,0.037188208616780044
38472,0.09319125880440672
38473,0.17964071856287425
38474,0.12796208530805686
38475,0.09319125880440672
38476,0.09319125880440672
38477,0.037188208616780044
38478,0.4797297297297297
38479,0.17391304347826086
38480,0.5738636363636364
38481,0.09319125880440672
38482,0.6104928457869634
38483,0.037188208616780044
38484,0.17964071856287425
38485,0.037188208616780044
38486,0.2184936614466816
38487,0.037188208616780044
38488,0.3763440860215054
38489,0.09319125880440672
38490,0.09319125880440672
38491,0.42776203966005666
38492,0.09319125880440672
38493,0.037188208616780044
38494,0.17964071856287425
38495,0.2184936614466816
38496,0.09319125880440672
38497,0.4698275862068966
38498,0.27807486631016043
38499,0.037188208616780044
38500,0.09319125880440672
38501,0.09319125880440672
38502,0.17964071856287425
38503,0.09319125880440672
38504,0.11239193083573487
38505,0.09319125880440672
38506,0.09319125880440672
38507,0.6805251641137856
38508,0.037188208616780044
38509,0.17964071856287425
38510,0.6104928457869634
38511,0.09319125880440672
38512,0.4698275862068966
38513,0.0189873417721519
38514,0.09319125880440672
38515,0.09319125880440672
38516,0.13432835820895522
38517,0.2184936614466816
38518,0.7521739130434782
38519,0.037188208616780044
38520,0.2184936614466816
38521,0.17964071856287425
38522,0.17964071856287425
38523,0.09319125880440672
38524,0.09319125880440672
38525,0.27807486631016043
38526,0.6805251641137856
38527,0.11239193083573487
38528,0.09156193895870736
38529,0.037188208616780044
38530,0.0189873417721519
38531,0.09319125880440672
38532,0.6104928457869634
38533,0.09319125880440672
38534,0.09319125880440672
38535,0.09319125880440672
38536,0.09156193895870736
38537,0.7655172413793103
38538,0.7655172413793103
38539,0.09319125880440672
38540,0.2184936614466816
38541,0.2184936614466816
38542,0.09319125880440672
38543,0.2184936614466816
38544,0.5738636363636364
38545,0.5738636363636364
38546,0.09319125880440672
38547,0.09319125880440672
38548,0.09319125880440672
38549,0.09319125880440672
38550,0.037188208616780044
38551,0.5738636363636364
38552,0.4698275862068966
38553,0.4111776447105788
38554,0.17391304347826086
38555,0.037188208616780044
38556,0.037188208616780044
38557,0.11239193083573487
38558,0.09319125880440672
38559,0.09319125880440672
38560,0.037188208616780044
38561,0.7655172413793103
38562,0.6104928457869634
38563,0.26552462526766596
38564,0.17964071856287425
38565,0.6805251641137856
38566,0.09319125880440672
38567,0.4111776447105788
38568,0.4787234042553192
38569,0.09319125880440672
38570,0.7655172413793103
38571,0.09319125880440672
38572,0.2184936614466816
38573,0.037188208616780044
38574,0.09319125880440672
38575,0.09156193895870736
38576,0.037188208616780044
38577,0.09319125880440672
38578,0.2184936614466816
38579,0.09319125880440672
38580,0.26552462526766596
38581,0.6805251641137856
38582,0.7655172413793103
38583,0.09319125880440672
38584,0.2184936614466816
38585,0.4111776447105788
38586,0.037188208616780044
38587,0.037188208616780044
38588,0.037188208616780044
38589,0.037188208616780044
38590,0.09319125880440672
38591,0.09319125880440672
38592,0.09156193895870736
38593,0.17964071856287425
38594,0.037188208616780044
38595,0.037188208616780044
38596,0.4111776447105788
38597,0.26552462526766596
38598,0.17391304347826086
38599,0.037188208616780044
38600,0.037188208616780044
38601,0.2184936614466816
38602,0.4797297297297297
38603,0.09319125880440672
38604,0.7655172413793103
38605,0.09319125880440672
38606,0.0189873417721519
38607,0.4111776447105788
38608,0.09319125880440672
38609,0.09319125880440672
38610,0.037188208616780044
38611,0.037188208616780044
38612,0.09319125880440672
38613,0.13432835820895522
38614,0.09319125880440672
38615,0.09319125880440672
38616,0.09319125880440672
38617,0.42776203966005666
38618,0.09319125880440672
38619,0.09319125880440672
38620,0.2184936614466816
38621,0.6104928457869634
38622,0.09319125880440672
38623,0.09319125880440672
38624,0.09319125880440672
38625,0.037188208616780044
38626,0.13432835820895522
38627,0.7655172413793103
38628,0.037188208616780044
38629,0.8103448275862069
38630,0.2184936614466816
38631,0.09319125880440672
38632,0.09319125880440672
38633,0.17964071856287425
38634,0.09319125880440672
38635,0.037188208616780044
38636,0.038461538461538464
38637,0.11239193083573487
38638,0.09319125880440672
38639,0.7521739130434782
38640,0.0189873417721519
38641,0.4111776447105788
38642,0.037188208616780044
38643,0.3763440860215054
38644,0.037188208616780044
38645,0.6104928457869634
38646,0.8938547486033519
38647,0.037188208616780044
38648,0.5738636363636364
38649,0.6104928457869634
38650,0.037188208616780044
38651,0.09319125880440672
38652,0.17964071856287425
38653,0.037188208616780044
38654,0.037188208616780044
38655,0.09319125880440672
38656,0.09319125880440672
38657,0.09319125880440672
38658,0.09319125880440672
38659,0.0189873417721519
38660,0.7655172413793103
38661,0.12796208530805686
38662,0.037188208616780044
38663,0.17964071856287425
38664,0.7521739130434782
38665,0.09319125880440672
38666,0.037188208616780044
38667,0.6104928457869634
38668,0.09319125880440672
38669,0.09319125880440672
38670,0.4698275862068966
38671,0.09319125880440672
38672,0.09319125880440672
38673,0.24324324324324326
38674,0.13432835820895522
38675,0.037188208616780044
38676,0.17964071856287425
38677,0.11239193083573487
38678,0.4111776447105788
38679,0.09319125880440672
38680,0.13432835820895522
38681,0.037188208616780044
38682,0.6104928457869634
38683,0.4111776447105788
38684,0.17964071856287425
38685,0.17964071856287425
38686,0.17964071856287425
38687,0.11239193083573487
38688,0.17964071856287425
38689,0.037188208616780044
38690,0.09319125880440672
38691,0.09319125880440672
38692,0.037188208616780044
38693,0.09319125880440672
38694,0.09319125880440672
38695,0.4111776447105788
38696,0.09319125880440672
38697,0.09319125880440672
38698,0.17964071856287425
38699,0.09319125880440672
38700,0.037188208616780044
38701,0.26552462526766596
38702,0.09319125880440672
38703,0.09319125880440672
38704,0.7655172413793103
38705,0.26552462526766596
38706,0.26552462526766596
38707,0.13432835820895522
38708,0.6104928457869634
38709,0.037188208616780044
38710,0.42776203966005666
38711,0.4111776447105788
38712,0.42776203966005666
38713,0.2184936614466816
38714,0.037188208616780044
38715,0.09156193895870736
38716,0.037188208616780044
38717,0.09319125880440672
38718,0.13432835820895522
38719,0.037188208616780044
38720,0.037188208616780044
38721,0.037188208616780044
38722,0.09319125880440672
38723,0.17391304347826086
38724,0.09319125880440672
38725,0.09319125880440672
38726,0.2184936614466816
38727,0.17964071856287425
38728,0.09319125880440672
38729,0.09319125880440672
38730,0.037188208616780044
38731,0.037188208616780044
38732,0.09319125880440672
38733,0.09319125880440672
38734,0.09319125880440672
38735,0.7655172413793103
38736,0.037188208616780044
38737,0.037188208616780044
38738,0.42776203966005666
38739,0.4111776447105788
38740,0.09319125880440672
38741,0.037188208616780044
38742,0.4698275862068966
38743,0.037188208616780044
38744,0.5738636363636364
38745,0.17964071856287425
38746,0.09319125880440672
38747,0.17964071856287425
38748,0.48520710059171596
38749,0.42776203966005666
38750,0.09319125880440672
38751,0.13432835820895522
38752,0.037188208616780044
38753,0.17964071856287425
38754,0.0189873417721519
38755,0.17964071856287425
38756,0.037188208616780044
38757,0.17964071856287425
38758,0.09319125880440672
38759,0.4111776447105788
38760,0.0189873417721519
38761,0.037188208616780044
38762,0.42776203966005666
38763,0.037188208616780044
38764,0.037188208616780044
38765,0.037188208616780044
38766,0.038461538461538464
38767,0.4111776447105788
38768,0.5738636363636364
38769,0.26552462526766596
38770,0.0189873417721519
38771,0.09319125880440672
38772,0.09319125880440672
38773,0.11239193083573487
38774,0.17964071856287425
38775,0.6104928457869634
38776,0.13432835820895522
38777,0.09319125880440672
38778,0.4111776447105788
38779,0.0189873417721519
38780,0.48520710059171596
38781,0.42776203966005666
38782,0.037188208616780044
38783,0.17391304347826086
38784,0.7521739130434782
38785,0.09319125880440672
38786,0.037188208616780044
38787,0.4698275862068966
38788,0.13432835820895522
38789,0.26552462526766596
38790,0.42776203966005666
38791,0.17964071856287425
38792,0.4698275862068966
38793,0.4797297297297297
38794,0.09319125880440672
38795,0.12796208530805686
38796,0.42776203966005666
38797,0.037188208616780044
38798,0.09319125880440672
38799,0.09319125880440672
38800,0.09319125880440672
38801,0.037188208616780044
38802,0.09319125880440672
38803,0.09156193895870736
38804,0.4787234042553192
38805,0.2184936614466816
38806,0.7521739130434782
38807,0.037188208616780044
38808,0.09319125880440672
38809,0.4111776447105788
38810,0.09319125880440672
38811,0.037188208616780044
38812,0.4111776447105788
38813,0.2184936614466816
38814,0.4111776447105788
38815,0.037188208616780044
38816,0.11239193083573487
38817,0.09319125880440672
38818,0.6104928457869634
38819,0.09319125880440672
38820,0.0189873417721519
38821,0.09319125880440672
38822,0.09319125880440672
38823,0.09319125880440672
38824,0.27807486631016043
38825,0.6805251641137856
38826,0.2184936614466816
38827,0.27807486631016043
38828,0.037188208616780044
38829,0.09156193895870736
38830,0.09319125880440672
38831,0.09319125880440672
38832,0.09319125880440672
38833,0.09319125880440672
38834,0.09319125880440672
38835,0.09319125880440672
38836,0.09156193895870736
38837,0.6805251641137856
38838,0.09319125880440672
38839,0.09319125880440672
38840,0.09319125880440672
38841,0.037188208616780044
38842,0.7655172413793103
38843,0.09319125880440672
38844,0.17391304347826086
38845,0.09319125880440672
38846,0.09319125880440672
38847,0.17391304347826086
38848,0.09319125880440672
38849,0.4797297297297297
38850,0.09319125880440672
38851,0.17964071856287425
38852,0.09156193895870736
38853,0.037188208616780044
38854,0.17964071856287425
38855,0.09319125880440672
38856,0.13432835820895522
38857,0.0189873417721519
38858,0.2184936614466816
38859,0.17964071856287425
38860,0.037188208616780044
38861,0.09319125880440672
38862,0.09319125880440672
38863,0.09319125880440672
38864,0.09319125880440672
38865,0.037188208616780044
38866,0.09319125880440672
38867,0.09319125880440672
38868,0.13432835820895522
38869,0.13432835820895522
38870,0.2184936614466816
38871,0.09319125880440672
38872,0.09319125880440672
38873,0.037188208616780044
38874,0.26552462526766596
38875,0.48520710059171596
38876,0.09319125880440672
38877,0.09319125880440672
38878,0.037188208616780044
38879,0.2184936614466816
38880,0.09319125880440672
38881,0.3763440860215054
38882,0.2184936614466816
38883,0.09319125880440672
38884,0.17964071856287425
38885,0.0189873417721519
38886,0.17964071856287425
38887,0.09319125880440672
38888,0.2184936614466816
38889,0.09319125880440672
38890,0.7655172413793103
38891,0.4698275862068966
38892,0.17964071856287425
38893,0.4111776447105788
38894,0.7655172413793103
38895,0.7655172413793103
38896,0.037188208616780044
38897,0.27807486631016043
38898,0.6104928457869634
38899,0.0189873417721519
38900,0.7521739130434782
38901,0.2184936614466816
38902,0.17964071856287425
38903,0.7521739130434782
38904,0.09319125880440672
38905,0.11239193083573487
38906,0.4797297297297297
38907,0.4111776447105788
38908,0.037188208616780044
38909,0.037188208616780044
38910,0.037188208616780044
38911,0.12796208530805686
38912,0.09319125880440672
38913,0.4787234042553192
38914,0.13432835820895522
38915,0.09319125880440672
38916,0.8938547486033519
38917,0.17391304347826086
38918,0.13432835820895522
38919,0.17964071856287425
38920,0.17964071856287425
38921,0.13432835820895522
38922,0.09319125880440672
38923,0.09156193895870736
38924,0.09319125880440672
38925,0.6104928457869634
38926,0.27807486631016043
38927,0.09319125880440672
38928,0.037188208616780044
38929,0.13432835820895522
38930,0.037188208616780044
38931,0.09319125880440672
38932,0.8938547486033519
38933,0.037188208616780044
38934,0.09319125880440672
38935,0.09319125880440672
38936,0.6104928457869634
38937,0.2184936614466816
38938,0.09319125880440672
38939,0.6104928457869634
38940,0.4111776447105788
38941,0.037188208616780044
38942,0.037188208616780044
38943,0.6805251641137856
38944,0.7655172413793103
38945,0.037188208616780044
38946,0.8938547486033519
38947,0.09319125880440672
38948,0.6805251641137856
38949,0.4111776447105788
38950,0.2184936614466816
38951,0.2184936614466816
38952,0.09319125880440672
38953,0.09319125880440672
38954,0.7655172413793103
38955,0.6805251641137856
38956,0.09319125880440672
38957,0.09319125880440672
38958,0.037188208616780044
38959,0.11239193083573487
38960,0.09319125880440672
38961,0.09319125880440672
38962,0.09319125880440672
38963,0.13432835820895522
38964,0.09319125880440672
38965,0.4111776447105788
38966,0.037188208616780044
38967,0.0189873417721519
38968,0.037188208616780044
38969,0.7521739130434782
38970,0.17964071856287425
38971,0.09156193895870736
38972,0.13432835820895522
38973,0.17964071856287425
38974,0.7521739130434782
38975,0.037188208616780044
38976,0.7655172413793103
38977,0.11239193083573487
38978,0.11239193083573487
38979,0.09319125880440672
38980,0.17964071856287425
38981,0.037188208616780044
38982,0.3763440860215054
38983,0.09319125880440672
38984,0.17964071856287425
38985,0.09319125880440672
38986,0.3958333333333333
38987,0.037188208616780044
38988,0.09319125880440672
38989,0.17964071856287425
38990,0.13432835820895522
38991,0.4111776447105788
38992,0.4111776447105788
38993,0.7655172413793103
38994,0.037188208616780044
38995,0.037188208616780044
38996,0.037188208616780044
38997,0.037188208616780044
38998,0.17964071856287425
38999,0.0189873417721519
39000,0.4111776447105788
39001,0.09319125880440672
39002,0.09319125880440672
39003,0.4698275862068966
39004,0.4698275862068966
39005,0.09319125880440672
39006,0.6104928457869634
39007,0.037188208616780044
39008,0.09319125880440672
39009,0.11239193083573487
39010,0.7655172413793103
39011,0.037188208616780044
39012,0.09319125880440672
39013,0.4111776447105788
39014,0.4787234042553192
39015,0.09319125880440672
39016,0.42776203966005666
39017,0.09319125880440672
39018,0.4111776447105788
39019,0.09319125880440672
39020,0.09319125880440672
39021,0.13432835820895522
39022,0.4797297297297297
39023,0.6104928457869634
39024,0.2184936614466816
39025,0.037188208616780044
39026,0.17964071856287425
39027,0.037188208616780044
39028,0.4111776447105788
39029,0.09319125880440672
39030,0.09319125880440672
39031,0.037188208616780044
39032,0.09319125880440672
39033,0.037188208616780044
39034,0.2184936614466816
39035,0.17964071856287425
39036,0.2184936614466816
39037,0.17964071856287425
39038,0.09319125880440672
39039,0.09319125880440672
39040,0.4111776447105788
39041,0.09319125880440672
39042,0.037188208616780044
39043,0.09319125880440672
39044,0.7521739130434782
39045,0.037188208616780044
39046,0.0189873417721519
39047,0.17391304347826086
39048,0.26552462526766596
39049,0.2184936614466816
39050,0.09319125880440672
39051,0.037188208616780044
39052,0.7655172413793103
39053,0.6104928457869634
39054,0.037188208616780044
39055,0.17964071856287425
39056,0.09319125880440672
39057,0.037188208616780044
39058,0.13432835820895522
39059,0.09319125880440672
39060,0.4111776447105788
39061,0.037188208616780044
39062,0.037188208616780044
39063,0.4111776447105788
39064,0.17964071856287425
39065,0.2184936614466816
39066,0.037188208616780044
39067,0.17964071856287425
39068,0.037188208616780044
39069,0.09319125880440672
39070,0.17964071856287425
39071,0.2184936614466816
39072,0.037188208616780044
39073,0.4698275862068966
39074,0.17964071856287425
39075,0.4111776447105788
39076,0.037188208616780044
39077,0.09319125880440672
39078,0.11239193083573487
39079,0.037188208616780044
39080,0.42776203966005666
39081,0.17964071856287425
39082,0.037188208616780044
39083,0.0189873417721519
39084,0.42776203966005666
39085,0.4698275862068966
39086,0.09319125880440672
39087,0.4111776447105788
39088,0.8938547486033519
39089,0.13432835820895522
39090,0.4787234042553192
39091,0.26552462526766596
39092,0.6805251641137856
39093,0.2184936614466816
39094,0.037188208616780044
39095,0.24324324324324326
39096,0.09319125880440672
39097,0.17964071856287425
39098,0.0189873417721519
39099,0.6104928457869634
39100,0.17964071856287425
39101,0.09319125880440672
39102,0.0189873417721519
39103,0.13432835820895522
39104,0.09319125880440672
39105,0.17964071856287425
39106,0.037188208616780044
39107,0.3958333333333333
39108,0.3763440860215054
39109,0.17964071856287425
39110,0.037188208616780044
39111,0.17964071856287425
39112,0.17964071856287425
39113,0.037188208616780044
39114,0.48520710059171596
39115,0.037188208616780044
39116,0.0189873417721519
39117,0.09319125880440672
39118,0.037188208616780044
39119,0.6104928457869634
39120,0.48520710059171596
39121,0.09319125880440672
39122,0.037188208616780044
39123,0.09319125880440672
39124,0.09319125880440672
39125,0.037188208616780044
39126,0.09156193895870736
39127,0.42776203966005666
39128,0.037188208616780044
39129,0.09319125880440672
39130,0.24324324324324326
39131,0.7655172413793103
39132,0.09156193895870736
39133,0.037188208616780044
39134,0.2184936614466816
39135,0.13432835820895522
39136,0.09319125880440672
39137,0.09319125880440672
39138,0.09156193895870736
39139,0.09319125880440672
39140,0.6805251641137856
39141,0.6104928457869634
39142,0.09319125880440672
39143,0.037188208616780044
39144,0.09319125880440672
39145,0.26552462526766596
39146,0.13432835820895522
39147,0.037188208616780044
39148,0.2184936614466816
39149,0.26552462526766596
39150,0.09319125880440672
39151,0.037188208616780044
39152,0.13432835820895522
39153,0.037188208616780044
39154,0.11239193083573487
39155,0.4111776447105788
39156,0.6805251641137856
39157,0.09319125880440672
39158,0.09156193895870736
39159,0.037188208616780044
39160,0.2184936614466816
39161,0.2184936614466816
39162,0.2184936614466816
39163,0.2184936614466816
39164,0.17964071856287425
39165,0.09319125880440672
39166,0.0189873417721519
39167,0.037188208616780044
39168,0.0189873417721519
39169,0.037188208616780044
39170,0.24324324324324326
39171,0.09319125880440672
39172,0.8938547486033519
39173,0.037188208616780044
39174,0.09319125880440672
39175,0.09319125880440672
39176,0.6104928457869634
39177,0.09319125880440672
39178,0.038461538461538464
39179,0.09319125880440672
39180,0.42776203966005666
39181,0.13432835820895522
39182,0.09156193895870736
39183,0.6104928457869634
39184,0.17964071856287425
39185,0.42776203966005666
39186,0.037188208616780044
39187,0.09319125880440672
39188,0.5738636363636364
39189,0.037188208616780044
39190,0.09319125880440672
39191,0.8103448275862069
39192,0.4698275862068966
39193,0.42776203966005666
39194,0.17964071856287425
39195,0.037188208616780044
39196,0.2184936614466816
39197,0.4111776447105788
39198,0.4111776447105788
39199,0.17964071856287425
39200,0.037188208616780044
39201,0.09319125880440672
39202,0.037188208616780044
39203,0.26552462526766596
39204,0.09319125880440672
39205,0.037188208616780044
39206,0.7655172413793103
39207,0.17964071856287425
39208,0.037188208616780044
39209,0.037188208616780044
39210,0.12796208530805686
39211,0.037188208616780044
39212,0.037188208616780044
39213,0.17964071856287425
39214,0.4111776447105788
39215,0.42776203966005666
39216,0.037188208616780044
39217,0.037188208616780044
39218,0.2184936614466816
39219,0.09319125880440672
39220,0.09319125880440672
39221,0.8938547486033519
39222,0.7521739130434782
39223,0.037188208616780044
39224,0.13432835820895522
39225,0.27807486631016043
39226,0.4698275862068966
39227,0.09319125880440672
39228,0.09319125880440672
39229,0.17964071856287425
39230,0.037188208616780044
39231,0.09319125880440672
39232,0.6805251641137856
39233,0.09319125880440672
39234,0.037188208616780044
39235,0.037188208616780044
39236,0.037188208616780044
39237,0.17391304347826086
39238,0.4111776447105788
39239,0.09319125880440672
39240,0.09319125880440672
39241,0.6104928457869634
39242,0.09319125880440672
39243,0.4111776447105788
39244,0.09319125880440672
39245,0.037188208616780044
39246,0.09319125880440672
39247,0.42776203966005666
39248,0.17964071856287425
39249,0.4797297297297297
39250,0.17964071856287425
39251,0.17391304347826086
39252,0.037188208616780044
39253,0.037188208616780044
39254,0.17964071856287425
39255,0.09319125880440672
39256,0.09156193895870736
39257,0.09319125880440672
39258,0.4111776447105788
39259,0.09319125880440672
39260,0.17964071856287425
39261,0.037188208616780044
39262,0.4111776447105788
39263,0.037188208616780044
39264,0.09319125880440672
39265,0.038461538461538464
39266,0.09319125880440672
39267,0.09319125880440672
39268,0.037188208616780044
39269,0.09319125880440672
39270,0.037188208616780044
39271,0.037188208616780044
39272,0.09319125880440672
39273,0.26552462526766596
39274,0.09319125880440672
39275,0.2184936614466816
39276,0.2184936614466816
39277,0.09319125880440672
39278,0.42776203966005666
39279,0.038461538461538464
39280,0.17964071856287425
39281,0.2184936614466816
39282,0.09319125880440672
39283,0.6805251641137856
39284,0.09319125880440672
39285,0.27807486631016043
39286,0.4111776447105788
39287,0.09319125880440672
39288,0.09319125880440672
39289,0.037188208616780044
39290,0.2184936614466816
39291,0.0189873417721519
39292,0.09319125880440672
39293,0.7655172413793103
39294,0.037188208616780044
39295,0.037188208616780044
39296,0.4797297297297297
39297,0.037188208616780044
39298,0.09319125880440672
39299,0.2184936614466816
39300,0.09156193895870736
39301,0.037188208616780044
39302,0.4111776447105788
39303,0.037188208616780044
39304,0.48520710059171596
39305,0.09319125880440672
39306,0.037188208616780044
39307,0.09319125880440672
39308,0.7655172413793103
39309,0.7655172413793103
39310,0.09319125880440672
39311,0.4111776447105788
39312,0.09319125880440672
39313,0.2184936614466816
39314,0.8938547486033519
39315,0.09156193895870736
39316,0.037188208616780044
39317,0.09319125880440672
39318,0.09319125880440672
39319,0.037188208616780044
39320,0.5738636363636364
39321,0.037188208616780044
39322,0.09319125880440672
39323,0.09319125880440672
39324,0.2184936614466816
39325,0.0189873417721519
39326,0.17391304347826086
39327,0.037188208616780044
39328,0.4111776447105788
39329,0.27807486631016043
39330,0.09156193895870736
39331,0.09319125880440672
39332,0.037188208616780044
39333,0.2184936614466816
39334,0.09319125880440672
39335,0.037188208616780044
39336,0.09319125880440672
39337,0.17391304347826086
39338,0.2184936614466816
39339,0.037188208616780044
39340,0.037188208616780044
39341,0.09319125880440672
39342,0.2184936614466816
39343,0.4111776447105788
39344,0.09319125880440672
39345,0.09319125880440672
39346,0.42776203966005666
39347,0.48520710059171596
39348,0.17964071856287425
39349,0.037188208616780044
39350,0.4111776447105788
39351,0.09319125880440672
39352,0.037188208616780044
39353,0.2184936614466816
39354,0.7655172413793103
39355,0.7655172413793103
39356,0.09319125880440672
39357,0.037188208616780044
39358,0.2184936614466816
39359,0.09319125880440672
39360,0.09319125880440672
39361,0.4111776447105788
39362,0.0189873417721519
39363,0.0189873417721519
39364,0.4111776447105788
39365,0.037188208616780044
39366,0.2184936614466816
39367,0.037188208616780044
39368,0.13432835820895522
39369,0.09319125880440672
39370,0.037188208616780044
39371,0.09319125880440672
39372,0.6104928457869634
39373,0.037188208616780044
39374,0.8938547486033519
39375,0.037188208616780044
39376,0.7655172413793103
39377,0.17964071856287425
39378,0.09319125880440672
39379,0.8938547486033519
39380,0.09319125880440672
39381,0.037188208616780044
39382,0.09319125880440672
39383,0.037188208616780044
39384,0.3958333333333333
39385,0.037188208616780044
39386,0.48520710059171596
39387,0.09319125880440672
39388,0.2184936614466816
39389,0.27807486631016043
39390,0.7655172413793103
39391,0.09319125880440672
39392,0.6104928457869634
39393,0.7655172413793103
39394,0.26552462526766596
39395,0.48520710059171596
39396,0.09319125880440672
39397,0.09319125880440672
39398,0.17964071856287425
39399,0.13432835820895522
39400,0.0189873417721519
39401,0.17391304347826086
39402,0.4698275862068966
39403,0.2184936614466816
39404,0.4111776447105788
39405,0.09319125880440672
39406,0.09156193895870736
39407,0.037188208616780044
39408,0.037188208616780044
39409,0.037188208616780044
39410,0.09319125880440672
39411,0.09319125880440672
39412,0.09319125880440672
39413,0.2184936614466816
39414,0.11239193083573487
39415,0.13432835820895522
39416,0.2184936614466816
39417,0.7655172413793103
39418,0.48520710059171596
39419,0.037188208616780044
39420,0.13432835820895522
39421,0.11239193083573487
39422,0.6104928457869634
39423,0.2184936614466816
39424,0.09319125880440672
39425,0.6104928457869634
39426,0.09319125880440672
39427,0.09319125880440672
39428,0.8938547486033519
39429,0.17964071856287425
39430,0.3763440860215054
39431,0.2184936614466816
39432,0.6104928457869634
39433,0.037188208616780044
39434,0.09156193895870736
39435,0.17964071856287425
39436,0.2184936614466816
39437,0.13432835820895522
39438,0.7655172413793103
39439,0.26552462526766596
39440,0.7655172413793103
39441,0.09319125880440672
39442,0.4111776447105788
39443,0.7655172413793103
39444,0.09319125880440672
39445,0.037188208616780044
39446,0.037188208616780044
39447,0.4111776447105788
39448,0.09319125880440672
39449,0.13432835820895522
39450,0.0189873417721519
39451,0.09319125880440672
39452,0.09156193895870736
39453,0.17964071856287425
39454,0.4111776447105788
39455,0.037188208616780044
39456,0.09319125880440672
39457,0.09319125880440672
39458,0.4111776447105788
39459,0.09319125880440672
39460,0.13432835820895522
39461,0.13432835820895522
39462,0.6805251641137856
39463,0.4111776447105788
39464,0.09319125880440672
39465,0.0189873417721519
39466,0.037188208616780044
39467,0.2184936614466816
39468,0.4111776447105788
39469,0.12796208530805686
39470,0.037188208616780044
39471,0.11239193083573487
39472,0.17391304347826086
39473,0.4111776447105788
39474,0.09156193895870736
39475,0.09319125880440672
39476,0.12796208530805686
39477,0.037188208616780044
39478,0.17391304347826086
39479,0.4111776447105788
39480,0.09319125880440672
39481,0.037188208616780044
39482,0.037188208616780044
39483,0.09319125880440672
39484,0.037188208616780044
39485,0.09319125880440672
39486,0.17964071856287425
39487,0.038461538461538464
39488,0.17964071856287425
39489,0.6805251641137856
39490,0.6805251641137856
39491,0.037188208616780044
39492,0.7521739130434782
39493,0.17964071856287425
39494,0.037188208616780044
39495,0.4111776447105788
39496,0.3958333333333333
39497,0.7655172413793103
39498,0.2184936614466816
39499,0.17964071856287425
39500,0.09319125880440672
39501,0.09319125880440672
39502,0.7655172413793103
39503,0.038461538461538464
39504,0.037188208616780044
39505,0.17964071856287425
39506,0.4
39507,0.5738636363636364
39508,0.037188208616780044
39509,0.09319125880440672
39510,0.09319125880440672
39511,0.2184936614466816
39512,0.2184936614466816
39513,0.09319125880440672
39514,0.6104928457869634
39515,0.2184936614466816
39516,0.09319125880440672
39517,0.09319125880440672
39518,0.4111776447105788
39519,0.09319125880440672
39520,0.09319125880440672
39521,0.4111776447105788
39522,0.09319125880440672
39523,0.09319125880440672
39524,0.09319125880440672
39525,0.037188208616780044
39526,0.09319125880440672
39527,0.037188208616780044
39528,0.037188208616780044
39529,0.27807486631016043
39530,0.17964071856287425
39531,0.4111776447105788
39532,0.17964071856287425
39533,0.037188208616780044
39534,0.09319125880440672
39535,0.09319125880440672
39536,0.0189873417721519
39537,0.09156193895870736
39538,0.09319125880440672
39539,0.3763440860215054
39540,0.48520710059171596
39541,0.09319125880440672
39542,0.09319125880440672
39543,0.09319125880440672
39544,0.09319125880440672
39545,0.037188208616780044
39546,0.09319125880440672
39547,0.2184936614466816
39548,0.2184936614466816
39549,0.09319125880440672
39550,0.037188208616780044
39551,0.09156193895870736
39552,0.4111776447105788
39553,0.17964071856287425
39554,0.4797297297297297
39555,0.09319125880440672
39556,0.13432835820895522
39557,0.17964071856287425
39558,0.0189873417721519
39559,0.037188208616780044
39560,0.09319125880440672
39561,0.2184936614466816
39562,0.13432835820895522
39563,0.09319125880440672
39564,0.42776203966005666
39565,0.037188208616780044
39566,0.17964071856287425
39567,0.2184936614466816
39568,0.09319125880440672
39569,0.09319125880440672
39570,0.4111776447105788
39571,0.42776203966005666
39572,0.4111776447105788
39573,0.2184936614466816
39574,0.4698275862068966
39575,0.4787234042553192
39576,0.17964071856287425
39577,0.09156193895870736
39578,0.3763440860215054
39579,0.17964071856287425
39580,0.6104928457869634
39581,0.4797297297297297
39582,0.2184936614466816
39583,0.09319125880440672
39584,0.6104928457869634
39585,0.09319125880440672
39586,0.4698275862068966
39587,0.037188208616780044
39588,0.09319125880440672
39589,0.09319125880440672
39590,0.09319125880440672
39591,0.037188208616780044
39592,0.037188208616780044
39593,0.17964071856287425
39594,0.17964071856287425
39595,0.2184936614466816
39596,0.09319125880440672
39597,0.2184936614466816
39598,0.037188208616780044
39599,0.6104928457869634
39600,0.09319125880440672
39601,0.09319125880440672
39602,0.037188208616780044
39603,0.6104928457869634
39604,0.037188208616780044
39605,0.27807486631016043
39606,0.13432835820895522
39607,0.037188208616780044
39608,0.09319125880440672
39609,0.09156193895870736
39610,0.8938547486033519
39611,0.3763440860215054
39612,0.037188208616780044
39613,0.037188208616780044
39614,0.4797297297297297
39615,0.4111776447105788
39616,0.09319125880440672
39617,0.26552462526766596
39618,0.6104928457869634
39619,0.5738636363636364
39620,0.26552462526766596
39621,0.09319125880440672
39622,0.13432835820895522
39623,0.037188208616780044
39624,0.09319125880440672
39625,0.0189873417721519
39626,0.09319125880440672
39627,0.09319125880440672
39628,0.4797297297297297
39629,0.09319125880440672
39630,0.0189873417721519
39631,0.09319125880440672
39632,0.09319125880440672
39633,0.037188208616780044
39634,0.5738636363636364
39635,0.037188208616780044
39636,0.037188208616780044
39637,0.037188208616780044
39638,0.17964071856287425
39639,0.48520710059171596
39640,0.4111776447105788
39641,0.4
39642,0.09319125880440672
39643,0.4111776447105788
39644,0.09319125880440672
39645,0.09319125880440672
39646,0.09319125880440672
39647,0.09319125880440672
39648,0.2184936614466816
39649,0.037188208616780044
39650,0.12796208530805686
39651,0.037188208616780044
39652,0.037188208616780044
39653,0.11239193083573487
39654,0.09319125880440672
39655,0.17964071856287425
39656,0.11239193083573487
39657,0.09319125880440672
39658,0.17391304347826086
39659,0.6104928457869634
39660,0.037188208616780044
39661,0.11239193083573487
39662,0.09319125880440672
39663,0.11239193083573487
39664,0.09319125880440672
39665,0.09319125880440672
39666,0.42776203966005666
39667,0.17964071856287425
39668,0.7521739130434782
39669,0.5738636363636364
39670,0.037188208616780044
39671,0.17964071856287425
39672,0.2184936614466816
39673,0.09319125880440672
39674,0.2184936614466816
39675,0.037188208616780044
39676,0.26552462526766596
39677,0.6805251641137856
39678,0.037188208616780044
39679,0.7655172413793103
39680,0.13432835820895522
39681,0.2184936614466816
39682,0.13432835820895522
39683,0.2184936614466816
39684,0.09319125880440672
39685,0.6805251641137856
39686,0.12796208530805686
39687,0.2184936614466816
39688,0.09319125880440672
39689,0.4111776447105788
39690,0.037188208616780044
39691,0.037188208616780044
39692,0.09319125880440672
39693,0.2184936614466816
39694,0.13432835820895522
39695,0.17964071856287425
39696,0.038461538461538464
39697,0.038461538461538464
39698,0.09319125880440672
39699,0.09319125880440672
39700,0.037188208616780044
39701,0.037188208616780044
39702,0.09319125880440672
39703,0.6104928457869634
39704,0.09156193895870736
39705,0.2184936614466816
39706,0.037188208616780044
39707,0.037188208616780044
39708,0.0189873417721519
39709,0.17964071856287425
39710,0.8103448275862069
39711,0.4787234042553192
39712,0.037188208616780044
39713,0.17964071856287425
39714,0.09319125880440672
39715,0.17964071856287425
39716,0.037188208616780044
39717,0.42776203966005666
39718,0.037188208616780044
39719,0.09319125880440672
39720,0.17964071856287425
39721,0.09319125880440672
39722,0.037188208616780044
39723,0.037188208616780044
39724,0.09319125880440672
39725,0.4797297297297297
39726,0.037188208616780044
39727,0.09319125880440672
39728,0.09319125880440672
39729,0.037188208616780044
39730,0.037188208616780044
39731,0.09319125880440672
39732,0.037188208616780044
39733,0.09319125880440672
39734,0.09319125880440672
39735,0.2184936614466816
39736,0.037188208616780044
39737,0.2184936614466816
39738,0.42776203966005666
39739,0.6104928457869634
39740,0.4787234042553192
39741,0.037188208616780044
39742,0.42776203966005666
39743,0.09319125880440672
39744,0.2184936614466816
39745,0.4111776447105788
39746,0.0189873417721519
39747,0.6805251641137856
39748,0.037188208616780044
39749,0.037188208616780044
39750,0.09319125880440672
39751,0.037188208616780044
39752,0.4111776447105788
39753,0.037188208616780044
39754,0.0189873417721519
39755,0.7655172413793103
39756,0.037188208616780044
39757,0.09319125880440672
39758,0.12796208530805686
39759,0.037188208616780044
39760,0.037188208616780044
39761,0.4111776447105788
39762,0.037188208616780044
39763,0.037188208616780044
39764,0.037188208616780044
39765,0.09319125880440672
39766,0.11239193083573487
39767,0.037188208616780044
39768,0.17964071856287425
39769,0.037188208616780044
39770,0.17964071856287425
39771,0.037188208616780044
39772,0.09319125880440672
39773,0.037188208616780044
39774,0.09156193895870736
39775,0.0189873417721519
39776,0.09319125880440672
39777,0.09319125880440672
39778,0.09319125880440672
39779,0.037188208616780044
39780,0.09319125880440672
39781,0.11239193083573487
39782,0.0189873417721519
39783,0.037188208616780044
39784,0.037188208616780044
39785,0.09319125880440672
39786,0.17964071856287425
39787,0.12796208530805686
39788,0.0189873417721519
39789,0.7655172413793103
39790,0.037188208616780044
39791,0.26552462526766596
39792,0.037188208616780044
39793,0.09319125880440672
39794,0.4111776447105788
39795,0.2184936614466816
39796,0.037188208616780044
39797,0.037188208616780044
39798,0.037188208616780044
39799,0.13432835820895522
39800,0.11239193083573487
39801,0.17964071856287425
39802,0.09319125880440672
39803,0.09319125880440672
39804,0.13432835820895522
39805,0.0189873417721519
39806,0.037188208616780044
39807,0.037188208616780044
39808,0.09319125880440672
39809,0.4111776447105788
39810,0.2184936614466816
39811,0.3958333333333333
39812,0.037188208616780044
39813,0.42776203966005666
39814,0.7655172413793103
39815,0.037188208616780044
39816,0.17964071856287425
39817,0.17964071856287425
39818,0.037188208616780044
39819,0.09319125880440672
39820,0.09156193895870736
39821,0.09319125880440672
39822,0.037188208616780044
39823,0.2184936614466816
39824,0.09319125880440672
39825,0.13432835820895522
39826,0.5738636363636364
39827,0.17964071856287425
39828,0.17964071856287425
39829,0.0189873417721519
39830,0.09319125880440672
39831,0.2184936614466816
39832,0.09319125880440672
39833,0.17964071856287425
39834,0.09319125880440672
39835,0.037188208616780044
39836,0.09319125880440672
39837,0.09319125880440672
39838,0.09319125880440672
39839,0.4698275862068966
39840,0.037188208616780044
39841,0.4111776447105788
39842,0.037188208616780044
39843,0.037188208616780044
39844,0.09319125880440672
39845,0.037188208616780044
39846,0.13432835820895522
39847,0.09319125880440672
39848,0.09319125880440672
39849,0.037188208616780044
39850,0.7655172413793103
39851,0.09319125880440672
39852,0.17964071856287425
39853,0.12796208530805686
39854,0.09156193895870736
39855,0.17391304347826086
39856,0.037188208616780044
39857,0.13432835820895522
39858,0.09319125880440672
39859,0.13432835820895522
39860,0.42776203966005666
39861,0.037188208616780044
39862,0.037188208616780044
39863,0.09319125880440672
39864,0.09319125880440672
39865,0.09319125880440672
39866,0.037188208616780044
39867,0.09156193895870736
39868,0.7655172413793103
39869,0.09319125880440672
39870,0.12796208530805686
39871,0.037188208616780044
39872,0.037188208616780044
39873,0.09156193895870736
39874,0.09319125880440672
39875,0.42776203966005666
39876,0.0189873417721519
39877,0.037188208616780044
39878,0.09319125880440672
39879,0.17964071856287425
39880,0.2184936614466816
39881,0.13432835820895522
39882,0.4111776447105788
39883,0.6805251641137856
39884,0.09319125880440672
39885,0.0189873417721519
39886,0.037188208616780044
39887,0.037188208616780044
39888,0.09319125880440672
39889,0.17391304347826086
39890,0.09319125880440672
39891,0.09319125880440672
39892,0.17391304347826086
39893,0.17964071856287425
39894,0.09319125880440672
39895,0.17964071856287425
39896,0.09319125880440672
39897,0.09319125880440672
39898,0.09319125880440672
39899,0.037188208616780044
39900,0.27807486631016043
39901,0.09319125880440672
39902,0.3958333333333333
39903,0.6104928457869634
39904,0.037188208616780044
39905,0.037188208616780044
39906,0.2184936614466816
39907,0.09319125880440672
39908,0.17964071856287425
39909,0.038461538461538464
39910,0.17964071856287425
39911,0.2184936614466816
39912,0.26552462526766596
39913,0.037188208616780044
39914,0.6104928457869634
39915,0.09319125880440672
39916,0.037188208616780044
39917,0.4111776447105788
39918,0.17964071856287425
39919,0.09319125880440672
39920,0.26552462526766596
39921,0.09319125880440672
39922,0.4111776447105788
39923,0.09319125880440672
39924,0.037188208616780044
39925,0.037188208616780044
39926,0.6104928457869634
39927,0.09319125880440672
39928,0.09156193895870736
39929,0.037188208616780044
39930,0.13432835820895522
39931,0.2184936614466816
39932,0.2184936614466816
39933,0.4698275862068966
39934,0.09319125880440672
39935,0.037188208616780044
39936,0.11239193083573487
39937,0.26552462526766596
39938,0.037188208616780044
39939,0.26552462526766596
39940,0.42776203966005666
39941,0.6104928457869634
39942,0.17964071856287425
39943,0.42776203966005666
39944,0.6805251641137856
39945,0.17964071856287425
39946,0.2184936614466816
39947,0.09319125880440672
39948,0.13432835820895522
39949,0.09156193895870736
39950,0.037188208616780044
39951,0.037188208616780044
39952,0.4111776447105788
39953,0.17964071856287425
39954,0.09319125880440672
39955,0.09319125880440672
39956,0.037188208616780044
39957,0.037188208616780044
39958,0.7655172413793103
39959,0.2184936614466816
39960,0.09319125880440672
39961,0.26552462526766596
39962,0.037188208616780044
39963,0.42776203966005666
39964,0.4111776447105788
39965,0.6104928457869634
39966,0.27807486631016043
39967,0.8938547486033519
39968,0.037188208616780044
39969,0.037188208616780044
39970,0.42776203966005666
39971,0.4111776447105788
39972,0.13432835820895522
39973,0.037188208616780044
39974,0.09319125880440672
39975,0.7655172413793103
39976,0.09319125880440672
39977,0.037188208616780044
39978,0.037188208616780044
39979,0.6104928457869634
39980,0.17964071856287425
39981,0.09319125880440672
39982,0.037188208616780044
39983,0.17964071856287425
39984,0.11239193083573487
39985,0.0189873417721519
39986,0.037188208616780044
39987,0.037188208616780044
39988,0.7655172413793103
39989,0.09319125880440672
39990,0.6805251641137856
39991,0.4111776447105788
39992,0.09319125880440672
39993,0.12796208530805686
39994,0.7521739130434782
39995,0.09319125880440672
39996,0.48520710059171596
39997,0.09156193895870736
39998,0.09319125880440672
39999,0.037188208616780044
40000,0.0189873417721519
40001,0.09319125880440672
40002,0.26552462526766596
40003,0.17964071856287425
40004,0.037188208616780044
40005,0.09319125880440672
40006,0.4111776447105788
40007,0.4111776447105788
40008,0.09319125880440672
40009,0.09319125880440672
40010,0.42776203966005666
40011,0.17964071856287425
40012,0.4111776447105788
40013,0.17964071856287425
40014,0.13432835820895522
40015,0.2184936614466816
40016,0.09319125880440672
40017,0.12796208530805686
40018,0.037188208616780044
40019,0.09319125880440672
40020,0.7521739130434782
40021,0.09156193895870736
40022,0.09319125880440672
40023,0.3763440860215054
40024,0.8938547486033519
40025,0.09156193895870736
40026,0.037188208616780044
40027,0.09319125880440672
40028,0.7655172413793103
40029,0.09319125880440672
40030,0.037188208616780044
40031,0.037188208616780044
40032,0.09319125880440672
40033,0.17964071856287425
40034,0.17964071856287425
40035,0.11239193083573487
40036,0.4111776447105788
40037,0.4111776447105788
40038,0.09319125880440672
40039,0.13432835820895522
40040,0.2184936614466816
40041,0.2184936614466816
40042,0.0189873417721519
40043,0.4111776447105788
40044,0.8938547486033519
40045,0.2184936614466816
40046,0.09319125880440672
40047,0.4111776447105788
40048,0.17964071856287425
40049,0.6104928457869634
40050,0.6104928457869634
40051,0.26552462526766596
40052,0.037188208616780044
40053,0.037188208616780044
40054,0.2184936614466816
40055,0.4111776447105788
40056,0.09319125880440672
40057,0.7655172413793103
40058,0.26552462526766596
40059,0.09156193895870736
40060,0.037188208616780044
40061,0.037188208616780044
40062,0.037188208616780044
40063,0.4111776447105788
40064,0.09319125880440672
40065,0.7655172413793103
40066,0.13432835820895522
40067,0.037188208616780044
40068,0.09319125880440672
40069,0.5738636363636364
40070,0.037188208616780044
40071,0.6805251641137856
40072,0.037188208616780044
40073,0.037188208616780044
40074,0.12796208530805686
40075,0.13432835820895522
40076,0.13432835820895522
40077,0.11239193083573487
40078,0.09319125880440672
40079,0.17391304347826086
40080,0.4111776447105788
40081,0.2184936614466816
40082,0.09319125880440672
40083,0.09319125880440672
40084,0.09319125880440672
40085,0.09319125880440672
40086,0.09319125880440672
40087,0.48520710059171596
40088,0.17964071856287425
40089,0.7655172413793103
40090,0.037188208616780044
40091,0.2184936614466816
40092,0.11239193083573487
40093,0.12796208530805686
40094,0.42776203966005666
40095,0.09319125880440672
40096,0.037188208616780044
40097,0.17964071856287425
40098,0.6104928457869634
40099,0.26552462526766596
40100,0.037188208616780044
40101,0.13432835820895522
40102,0.4111776447105788
40103,0.17964071856287425
40104,0.42776203966005666
40105,0.4111776447105788
40106,0.17964071856287425
40107,0.17964071856287425
40108,0.17964071856287425
40109,0.13432835820895522
40110,0.2184936614466816
40111,0.037188208616780044
40112,0.2184936614466816
40113,0.17964071856287425
40114,0.09319125880440672
40115,0.17964071856287425
40116,0.09319125880440672
40117,0.0189873417721519
40118,0.09319125880440672
40119,0.09319125880440672
40120,0.037188208616780044
40121,0.7655172413793103
40122,0.037188208616780044
40123,0.6104928457869634
40124,0.09319125880440672
40125,0.17964071856287425
40126,0.037188208616780044
40127,0.09319125880440672
40128,0.037188208616780044
40129,0.4111776447105788
40130,0.09319125880440672
40131,0.7655172413793103
40132,0.037188208616780044
40133,0.09319125880440672
40134,0.4111776447105788
40135,0.037188208616780044
40136,0.2184936614466816
40137,0.037188208616780044
40138,0.037188208616780044
40139,0.09156193895870736
40140,0.0189873417721519
40141,0.09156193895870736
40142,0.4111776447105788
40143,0.2184936614466816
40144,0.037188208616780044
40145,0.037188208616780044
40146,0.037188208616780044
40147,0.2184936614466816
40148,0.4698275862068966
40149,0.8938547486033519
40150,0.17964071856287425
40151,0.17964071856287425
40152,0.037188208616780044
40153,0.3763440860215054
40154,0.037188208616780044
40155,0.09319125880440672
40156,0.6805251641137856
40157,0.4698275862068966
40158,0.4111776447105788
40159,0.6104928457869634
40160,0.4111776447105788
40161,0.09319125880440672
40162,0.2184936614466816
40163,0.7655172413793103
40164,0.09156193895870736
40165,0.17964071856287425
40166,0.12796208530805686
40167,0.2184936614466816
40168,0.13432835820895522
40169,0.7521739130434782
40170,0.6104928457869634
40171,0.17964071856287425
40172,0.4797297297297297
40173,0.09156193895870736
40174,0.17964071856287425
40175,0.037188208616780044
40176,0.4698275862068966
40177,0.42776203966005666
40178,0.037188208616780044
40179,0.037188208616780044
40180,0.037188208616780044
40181,0.09319125880440672
40182,0.7655172413793103
40183,0.6805251641137856
40184,0.09319125880440672
40185,0.037188208616780044
40186,0.037188208616780044
40187,0.09319125880440672
40188,0.7655172413793103
40189,0.09319125880440672
40190,0.037188208616780044
40191,0.09319125880440672
40192,0.26552462526766596
40193,0.4111776447105788
40194,0.13432835820895522
40195,0.09319125880440672
40196,0.7655172413793103
40197,0.09319125880440672
40198,0.4111776447105788
40199,0.037188208616780044
40200,0.13432835820895522
40201,0.7521739130434782
40202,0.6104928457869634
40203,0.09319125880440672
40204,0.13432835820895522
40205,0.037188208616780044
40206,0.7655172413793103
40207,0.09319125880440672
40208,0.6805251641137856
40209,0.2184936614466816
40210,0.037188208616780044
40211,0.17964071856287425
40212,0.4111776447105788
40213,0.13432835820895522
40214,0.09319125880440672
40215,0.09319125880440672
40216,0.4111776447105788
40217,0.17964071856287425
40218,0.17391304347826086
40219,0.2184936614466816
40220,0.13432835820895522
40221,0.037188208616780044
40222,0.09319125880440672
40223,0.17964071856287425
40224,0.17391304347826086
40225,0.09319125880440672
40226,0.037188208616780044
40227,0.09319125880440672
40228,0.2184936614466816
40229,0.6805251641137856
40230,0.2184936614466816
40231,0.2184936614466816
40232,0.09319125880440672
40233,0.17964071856287425
40234,0.13432835820895522
40235,0.4698275862068966
40236,0.7655172413793103
40237,0.17964071856287425
40238,0.09319125880440672
40239,0.8938547486033519
40240,0.7521739130434782
40241,0.4111776447105788
40242,0.2184936614466816
40243,0.09319125880440672
40244,0.2184936614466816
40245,0.037188208616780044
40246,0.17964071856287425
40247,0.0189873417721519
40248,0.09319125880440672
40249,0.09319125880440672
40250,0.6805251641137856
40251,0.037188208616780044
40252,0.6805251641137856
40253,0.2184936614466816
40254,0.09319125880440672
40255,0.037188208616780044
40256,0.26552462526766596
40257,0.27807486631016043
40258,0.0189873417721519
40259,0.037188208616780044
40260,0.4111776447105788
40261,0.037188208616780044
40262,0.17964071856287425
40263,0.6104928457869634
40264,0.09319125880440672
40265,0.09319125880440672
40266,0.42776203966005666
40267,0.09319125880440672
40268,0.037188208616780044
40269,0.7655172413793103
40270,0.09319125880440672
40271,0.037188208616780044
40272,0.7655172413793103
40273,0.4111776447105788
40274,0.7655172413793103
40275,0.17964071856287425
40276,0.037188208616780044
40277,0.13432835820895522
40278,0.7521739130434782
40279,0.7655172413793103
40280,0.6805251641137856
40281,0.12796208530805686
40282,0.12796208530805686
40283,0.09319125880440672
40284,0.09319125880440672
40285,0.09319125880440672
40286,0.09319125880440672
40287,0.42776203966005666
40288,0.13432835820895522
40289,0.09156193895870736
40290,0.037188208616780044
40291,0.038461538461538464
40292,0.09319125880440672
40293,0.09319125880440672
40294,0.037188208616780044
40295,0.0189873417721519
40296,0.13432835820895522
40297,0.037188208616780044
40298,0.4797297297297297
40299,0.0189873417721519
40300,0.2184936614466816
40301,0.42776203966005666
40302,0.42776203966005666
40303,0.037188208616780044
40304,0.0189873417721519
40305,0.2184936614466816
40306,0.09319125880440672
40307,0.42776203966005666
40308,0.09319125880440672
40309,0.09319125880440672
40310,0.037188208616780044
40311,0.09319125880440672
40312,0.037188208616780044
40313,0.13432835820895522
40314,0.037188208616780044
40315,0.09319125880440672
40316,0.037188208616780044
40317,0.09319125880440672
40318,0.11239193083573487
40319,0.4111776447105788
40320,0.037188208616780044
40321,0.27807486631016043
40322,0.17964071856287425
40323,0.037188208616780044
40324,0.09319125880440672
40325,0.037188208616780044
40326,0.037188208616780044
40327,0.037188208616780044
40328,0.17391304347826086
40329,0.037188208616780044
40330,0.4
40331,0.09319125880440672
40332,0.09319125880440672
40333,0.5738636363636364
40334,0.09319125880440672
40335,0.4111776447105788
40336,0.09319125880440672
40337,0.09319125880440672
40338,0.09319125880440672
40339,0.09319125880440672
40340,0.42776203966005666
40341,0.4797297297297297
40342,0.037188208616780044
40343,0.037188208616780044
40344,0.4111776447105788
40345,0.13432835820895522
40346,0.6805251641137856
40347,0.6104928457869634
40348,0.09319125880440672
40349,0.6104928457869634
40350,0.09319125880440672
40351,0.26552462526766596
40352,0.13432835820895522
40353,0.2184936614466816
40354,0.09319125880440672
40355,0.0189873417721519
40356,0.2184936614466816
40357,0.09319125880440672
40358,0.7655172413793103
40359,0.09319125880440672
40360,0.2184936614466816
40361,0.26552462526766596
40362,0.037188208616780044
40363,0.09319125880440672
40364,0.09156193895870736
40365,0.48520710059171596
40366,0.26552462526766596
40367,0.09319125880440672
40368,0.037188208616780044
40369,0.2184936614466816
40370,0.09156193895870736
40371,0.037188208616780044
40372,0.09319125880440672
40373,0.037188208616780044
40374,0.038461538461538464
40375,0.09319125880440672
40376,0.09319125880440672
40377,0.6104928457869634
40378,0.09319125880440672
40379,0.2184936614466816
40380,0.17964071856287425
40381,0.09319125880440672
40382,0.037188208616780044
40383,0.13432835820895522
40384,0.09319125880440672
40385,0.09319125880440672
40386,0.09319125880440672
40387,0.4111776447105788
40388,0.17964071856287425
40389,0.7655172413793103
40390,0.13432835820895522
40391,0.4
40392,0.037188208616780044
40393,0.3763440860215054
40394,0.037188208616780044
40395,0.037188208616780044
40396,0.6104928457869634
40397,0.0189873417721519
40398,0.6805251641137856
40399,0.17964071856287425
40400,0.09319125880440672
40401,0.09319125880440672
40402,0.037188208616780044
40403,0.037188208616780044
40404,0.037188208616780044
40405,0.038461538461538464
40406,0.6805251641137856
40407,0.17964071856287425
40408,0.037188208616780044
40409,0.42776203966005666
40410,0.037188208616780044
40411,0.17391304347826086
40412,0.09319125880440672
40413,0.09319125880440672
40414,0.09319125880440672
40415,0.037188208616780044
40416,0.09319125880440672
40417,0.037188208616780044
40418,0.13432835820895522
40419,0.037188208616780044
40420,0.09319125880440672
40421,0.09319125880440672
40422,0.7655172413793103
40423,0.4698275862068966
40424,0.17391304347826086
40425,0.037188208616780044
40426,0.4111776447105788
40427,0.13432835820895522
40428,0.2184936614466816
40429,0.6104928457869634
40430,0.6805251641137856
40431,0.037188208616780044
40432,0.037188208616780044
40433,0.037188208616780044
40434,0.09319125880440672
40435,0.09319125880440672
40436,0.09319125880440672
40437,0.17964071856287425
40438,0.12796208530805686
40439,0.037188208616780044
40440,0.037188208616780044
40441,0.5738636363636364
40442,0.09319125880440672
40443,0.037188208616780044
40444,0.13432835820895522
40445,0.4797297297297297
40446,0.09319125880440672
40447,0.7521739130434782
40448,0.13432835820895522
40449,0.09156193895870736
40450,0.17964071856287425
40451,0.5738636363636364
40452,0.09319125880440672
40453,0.7655172413793103
40454,0.09319125880440672
40455,0.5738636363636364
40456,0.26552462526766596
40457,0.09319125880440672
40458,0.09319125880440672
40459,0.8938547486033519
40460,0.2184936614466816
40461,0.037188208616780044
40462,0.42776203966005666
40463,0.09319125880440672
40464,0.2184936614466816
40465,0.037188208616780044
40466,0.037188208616780044
40467,0.09319125880440672
40468,0.09319125880440672
40469,0.09319125880440672
40470,0.09319125880440672
40471,0.17964071856287425
40472,0.037188208616780044
40473,0.09319125880440672
40474,0.2184936614466816
40475,0.09319125880440672
40476,0.13432835820895522
40477,0.4111776447105788
40478,0.037188208616780044
40479,0.09319125880440672
40480,0.4111776447105788
40481,0.09319125880440672
40482,0.7655172413793103
40483,0.037188208616780044
40484,0.7655172413793103
40485,0.26552462526766596
40486,0.09156193895870736
40487,0.09319125880440672
40488,0.6104928457869634
40489,0.4111776447105788
40490,0.3958333333333333
40491,0.09319125880440672
40492,0.42776203966005666
40493,0.0189873417721519
40494,0.037188208616780044
40495,0.26552462526766596
40496,0.4111776447105788
40497,0.037188208616780044
40498,0.037188208616780044
40499,0.2184936614466816
40500,0.037188208616780044
40501,0.0189873417721519
40502,0.037188208616780044
40503,0.09319125880440672
40504,0.037188208616780044
40505,0.2184936614466816
40506,0.09319125880440672
40507,0.09319125880440672
40508,0.4111776447105788
40509,0.09319125880440672
40510,0.17964071856287425
40511,0.17964071856287425
40512,0.7655172413793103
40513,0.09319125880440672
40514,0.09319125880440672
40515,0.037188208616780044
40516,0.42776203966005666
40517,0.09319125880440672
40518,0.037188208616780044
40519,0.4111776447105788
40520,0.7655172413793103
40521,0.6104928457869634
40522,0.037188208616780044
40523,0.037188208616780044
40524,0.037188208616780044
40525,0.48520710059171596
40526,0.09319125880440672
40527,0.7521739130434782
40528,0.09319125880440672
40529,0.27807486631016043
40530,0.09319125880440672
40531,0.037188208616780044
40532,0.037188208616780044
40533,0.4111776447105788
40534,0.09319125880440672
40535,0.17964071856287425
40536,0.037188208616780044
40537,0.037188208616780044
40538,0.037188208616780044
40539,0.037188208616780044
40540,0.26552462526766596
40541,0.09319125880440672
40542,0.09319125880440672
40543,0.09319125880440672
40544,0.037188208616780044
40545,0.037188208616780044
40546,0.09319125880440672
40547,0.4698275862068966
40548,0.09319125880440672
40549,0.09319125880440672
40550,0.09319125880440672
40551,0.09319125880440672
40552,0.037188208616780044
40553,0.13432835820895522
40554,0.8103448275862069
40555,0.037188208616780044
40556,0.09319125880440672
40557,0.09319125880440672
40558,0.6805251641137856
40559,0.2184936614466816
40560,0.09156193895870736
40561,0.09319125880440672
40562,0.09319125880440672
40563,0.09319125880440672
40564,0.4111776447105788
40565,0.7655172413793103
40566,0.0189873417721519
40567,0.4797297297297297
40568,0.037188208616780044
40569,0.2184936614466816
40570,0.7655172413793103
40571,0.09319125880440672
40572,0.037188208616780044
40573,0.09319125880440672
40574,0.0189873417721519
40575,0.7655172413793103
40576,0.037188208616780044
40577,0.27807486631016043
40578,0.12796208530805686
40579,0.037188208616780044
40580,0.11239193083573487
40581,0.12796208530805686
40582,0.6805251641137856
40583,0.037188208616780044
40584,0.09319125880440672
40585,0.037188208616780044
40586,0.09319125880440672
40587,0.17964071856287425
40588,0.09319125880440672
40589,0.09319125880440672
40590,0.42776203966005666
40591,0.09319125880440672
40592,0.17964071856287425
40593,0.09319125880440672
40594,0.09319125880440672
40595,0.17964071856287425
40596,0.037188208616780044
40597,0.09319125880440672
40598,0.037188208616780044
40599,0.037188208616780044
40600,0.09319125880440672
40601,0.09319125880440672
40602,0.0189873417721519
40603,0.09319125880440672
40604,0.6104928457869634
40605,0.8938547486033519
40606,0.4111776447105788
40607,0.037188208616780044
40608,0.037188208616780044
40609,0.09319125880440672
40610,0.09319125880440672
40611,0.037188208616780044
40612,0.13432835820895522
40613,0.5738636363636364
40614,0.09319125880440672
40615,0.0189873417721519
40616,0.037188208616780044
40617,0.037188208616780044
40618,0.09319125880440672
40619,0.09319125880440672
40620,0.4111776447105788
40621,0.09156193895870736
40622,0.11239193083573487
40623,0.13432835820895522
40624,0.7655172413793103
40625,0.09319125880440672
40626,0.037188208616780044
40627,0.09319125880440672
40628,0.037188208616780044
40629,0.11239193083573487
40630,0.09319125880440672
40631,0.09319125880440672
40632,0.7521739130434782
40633,0.17964071856287425
40634,0.09319125880440672
40635,0.09319125880440672
40636,0.09319125880440672
40637,0.4787234042553192
40638,0.037188208616780044
40639,0.09319125880440672
40640,0.037188208616780044
40641,0.0189873417721519
40642,0.2184936614466816
40643,0.09319125880440672
40644,0.09319125880440672
40645,0.0189873417721519
40646,0.17964071856287425
40647,0.6805251641137856
40648,0.038461538461538464
40649,0.037188208616780044
40650,0.7521739130434782
40651,0.2184936614466816
40652,0.4111776447105788
40653,0.09319125880440672
40654,0.037188208616780044
40655,0.3763440860215054
40656,0.09319125880440672
40657,0.17964071856287425
40658,0.2184936614466816
40659,0.037188208616780044
40660,0.17964071856287425
40661,0.09319125880440672
40662,0.7655172413793103
40663,0.4111776447105788
40664,0.4111776447105788
40665,0.09156193895870736
40666,0.09319125880440672
40667,0.09319125880440672
40668,0.09319125880440672
40669,0.037188208616780044
40670,0.037188208616780044
40671,0.4111776447105788
40672,0.6805251641137856
40673,0.4698275862068966
40674,0.037188208616780044
40675,0.6104928457869634
40676,0.09319125880440672
40677,0.037188208616780044
40678,0.27807486631016043
40679,0.037188208616780044
40680,0.09319125880440672
40681,0.09319125880440672
40682,0.6805251641137856
40683,0.09319125880440672
40684,0.09319125880440672
40685,0.037188208616780044
40686,0.09319125880440672
40687,0.42776203966005666
40688,0.12796208530805686
40689,0.8938547486033519
40690,0.037188208616780044
40691,0.037188208616780044
40692,0.4698275862068966
40693,0.037188208616780044
40694,0.037188208616780044
40695,0.09319125880440672
40696,0.037188208616780044
40697,0.17964071856287425
40698,0.09319125880440672
40699,0.7655172413793103
40700,0.4111776447105788
40701,0.6104928457869634
40702,0.27807486631016043
40703,0.26552462526766596
40704,0.4111776447105788
40705,0.09319125880440672
40706,0.037188208616780044
40707,0.5738636363636364
40708,0.6805251641137856
40709,0.09319125880440672
40710,0.7655172413793103
40711,0.09156193895870736
40712,0.037188208616780044
40713,0.09319125880440672
40714,0.09319125880440672
40715,0.8103448275862069
40716,0.09319125880440672
40717,0.09319125880440672
40718,0.09319125880440672
40719,0.09319125880440672
40720,0.037188208616780044
40721,0.09319125880440672
40722,0.09319125880440672
40723,0.09319125880440672
40724,0.09319125880440672
40725,0.037188208616780044
40726,0.09319125880440672
40727,0.09319125880440672
40728,0.09319125880440672
40729,0.037188208616780044
40730,0.09319125880440672
40731,0.09319125880440672
40732,0.09319125880440672
40733,0.037188208616780044
40734,0.09319125880440672
40735,0.42776203966005666
40736,0.13432835820895522
40737,0.037188208616780044
40738,0.4698275862068966
40739,0.09319125880440672
40740,0.09319125880440672
40741,0.037188208616780044
40742,0.09319125880440672
40743,0.4797297297297297
40744,0.13432835820895522
40745,0.037188208616780044
40746,0.037188208616780044
40747,0.2184936614466816
40748,0.09156193895870736
40749,0.11239193083573487
40750,0.4698275862068966
40751,0.037188208616780044
40752,0.13432835820895522
40753,0.42776203966005666
40754,0.037188208616780044
40755,0.038461538461538464
40756,0.09319125880440672
40757,0.09156193895870736
40758,0.17391304347826086
40759,0.09319125880440672
40760,0.037188208616780044
40761,0.7521739130434782
40762,0.09319125880440672
40763,0.037188208616780044
40764,0.13432835820895522
40765,0.4111776447105788
40766,0.6805251641137856
40767,0.037188208616780044
40768,0.17964071856287425
40769,0.037188208616780044
40770,0.037188208616780044
40771,0.037188208616780044
40772,0.8938547486033519
40773,0.09319125880440672
40774,0.13432835820895522
40775,0.037188208616780044
40776,0.09319125880440672
40777,0.17391304347826086
40778,0.037188208616780044
40779,0.09319125880440672
40780,0.09319125880440672
40781,0.6805251641137856
40782,0.5738636363636364
40783,0.13432835820895522
40784,0.037188208616780044
40785,0.037188208616780044
40786,0.09319125880440672
40787,0.037188208616780044
40788,0.037188208616780044
40789,0.037188208616780044
40790,0.09319125880440672
40791,0.09319125880440672
40792,0.09319125880440672
40793,0.27807486631016043
40794,0.2184936614466816
40795,0.17964071856287425
40796,0.037188208616780044
40797,0.17964071856287425
40798,0.09319125880440672
40799,0.7655172413793103
40800,0.037188208616780044
40801,0.09156193895870736
40802,0.037188208616780044
40803,0.6104928457869634
40804,0.8938547486033519
40805,0.4111776447105788
40806,0.17964071856287425
40807,0.42776203966005666
40808,0.09319125880440672
40809,0.037188208616780044
40810,0.09319125880440672
40811,0.17964071856287425
40812,0.09319125880440672
40813,0.09319125880440672
40814,0.17964071856287425
40815,0.2184936614466816
40816,0.037188208616780044
40817,0.037188208616780044
40818,0.09319125880440672
40819,0.037188208616780044
40820,0.037188208616780044
40821,0.09319125880440672
40822,0.17964071856287425
40823,0.4111776447105788
40824,0.09319125880440672
40825,0.17964071856287425
40826,0.42776203966005666
40827,0.09319125880440672
40828,0.037188208616780044
40829,0.037188208616780044
40830,0.037188208616780044
40831,0.09156193895870736
40832,0.8938547486033519
40833,0.8938547486033519
40834,0.09319125880440672
40835,0.037188208616780044
40836,0.037188208616780044
40837,0.09319125880440672
40838,0.17964071856287425
40839,0.42776203966005666
40840,0.42776203966005666
40841,0.4111776447105788
40842,0.4698275862068966
40843,0.09319125880440672
40844,0.09319125880440672
40845,0.09319125880440672
40846,0.13432835820895522
40847,0.5738636363636364
40848,0.4698275862068966
40849,0.09319125880440672
40850,0.26552462526766596
40851,0.17964071856287425
40852,0.09319125880440672
40853,0.7521739130434782
40854,0.3958333333333333
40855,0.037188208616780044
40856,0.09319125880440672
40857,0.4698275862068966
40858,0.17391304347826086
40859,0.4111776447105788
40860,0.6104928457869634
40861,0.037188208616780044
40862,0.17964071856287425
40863,0.037188208616780044
40864,0.17964071856287425
40865,0.13432835820895522
40866,0.09319125880440672
40867,0.17964071856287425
40868,0.09319125880440672
40869,0.13432835820895522
40870,0.0189873417721519
40871,0.26552462526766596
40872,0.09319125880440672
40873,0.8103448275862069
40874,0.4111776447105788
40875,0.4111776447105788
40876,0.8938547486033519
40877,0.09319125880440672
40878,0.13432835820895522
40879,0.037188208616780044
40880,0.6104928457869634
40881,0.09319125880440672
40882,0.6805251641137856
40883,0.6805251641137856
40884,0.037188208616780044
40885,0.038461538461538464
40886,0.037188208616780044
40887,0.09319125880440672
40888,0.42776203966005666
40889,0.037188208616780044
40890,0.13432835820895522
40891,0.037188208616780044
40892,0.13432835820895522
40893,0.3958333333333333
40894,0.17964071856287425
40895,0.42776203966005666
40896,0.17964071856287425
40897,0.42776203966005666
40898,0.4
40899,0.17964071856287425
40900,0.09319125880440672
40901,0.4111776447105788
40902,0.6805251641137856
40903,0.0189873417721519
40904,0.09319125880440672
40905,0.42776203966005666
40906,0.8103448275862069
40907,0.4111776447105788
40908,0.09319125880440672
40909,0.09319125880440672
40910,0.48520710059171596
40911,0.09319125880440672
40912,0.09319125880440672
40913,0.2184936614466816
40914,0.6805251641137856
40915,0.13432835820895522
40916,0.11239193083573487
40917,0.037188208616780044
40918,0.4111776447105788
40919,0.24324324324324326
40920,0.09319125880440672
40921,0.09319125880440672
40922,0.09319125880440672
40923,0.09319125880440672
40924,0.09319125880440672
40925,0.037188208616780044
40926,0.3763440860215054
40927,0.037188208616780044
40928,0.4797297297297297
40929,0.037188208616780044
40930,0.17964071856287425
40931,0.13432835820895522
40932,0.48520710059171596
40933,0.8103448275862069
40934,0.7655172413793103
40935,0.09319125880440672
40936,0.037188208616780044
40937,0.11239193083573487
40938,0.037188208616780044
40939,0.26552462526766596
40940,0.037188208616780044
40941,0.037188208616780044
40942,0.09319125880440672
40943,0.037188208616780044
40944,0.0189873417721519
40945,0.037188208616780044
40946,0.0189873417721519
40947,0.13432835820895522
40948,0.09319125880440672
40949,0.037188208616780044
40950,0.09319125880440672
40951,0.7655172413793103
40952,0.2184936614466816
40953,0.09319125880440672
40954,0.2184936614466816
40955,0.17964071856287425
40956,0.17964071856287425
40957,0.09319125880440672
40958,0.7521739130434782
40959,0.09319125880440672
40960,0.4787234042553192
40961,0.09319125880440672
40962,0.42776203966005666
40963,0.09319125880440672
40964,0.42776203966005666
40965,0.24324324324324326
40966,0.037188208616780044
40967,0.09319125880440672
40968,0.2184936614466816
40969,0.09319125880440672
40970,0.0189873417721519
40971,0.037188208616780044
40972,0.13432835820895522
40973,0.037188208616780044
40974,0.6805251641137856
40975,0.4797297297297297
40976,0.09319125880440672
40977,0.09319125880440672
40978,0.037188208616780044
40979,0.6104928457869634
40980,0.037188208616780044
40981,0.09319125880440672
40982,0.0189873417721519
40983,0.42776203966005666
40984,0.17964071856287425
40985,0.7521739130434782
40986,0.037188208616780044
40987,0.6104928457869634
40988,0.0189873417721519
40989,0.037188208616780044
40990,0.09319125880440672
40991,0.09319125880440672
40992,0.09319125880440672
40993,0.09156193895870736
40994,0.4111776447105788
40995,0.037188208616780044
40996,0.038461538461538464
40997,0.09319125880440672
40998,0.09319125880440672
40999,0.13432835820895522
41000,0.2184936614466816
41001,0.037188208616780044
41002,0.2184936614466816
41003,0.2184936614466816
41004,0.09319125880440672
41005,0.4787234042553192
41006,0.09319125880440672
41007,0.09156193895870736
41008,0.037188208616780044
41009,0.09319125880440672
41010,0.09319125880440672
41011,0.6805251641137856
41012,0.6805251641137856
41013,0.4698275862068966
41014,0.09319125880440672
41015,0.09319125880440672
41016,0.037188208616780044
41017,0.037188208616780044
41018,0.09156193895870736
41019,0.09319125880440672
41020,0.037188208616780044
41021,0.17391304347826086
41022,0.09319125880440672
41023,0.038461538461538464
41024,0.17964071856287425
41025,0.0189873417721519
41026,0.09319125880440672
41027,0.6805251641137856
41028,0.09319125880440672
41029,0.09319125880440672
41030,0.4111776447105788
41031,0.6104928457869634
41032,0.09319125880440672
41033,0.09319125880440672
41034,0.4797297297297297
41035,0.037188208616780044
41036,0.4111776447105788
41037,0.09319125880440672
41038,0.7655172413793103
41039,0.037188208616780044
41040,0.037188208616780044
41041,0.42776203966005666
41042,0.8938547486033519
41043,0.17964071856287425
41044,0.27807486631016043
41045,0.09319125880440672
41046,0.09319125880440672
41047,0.2184936614466816
41048,0.6805251641137856
41049,0.2184936614466816
41050,0.17964071856287425
41051,0.42776203966005666
41052,0.037188208616780044
41053,0.4111776447105788
41054,0.5738636363636364
41055,0.0189873417721519
41056,0.09319125880440672
41057,0.0189873417721519
41058,0.09319125880440672
41059,0.037188208616780044
41060,0.42776203966005666
41061,0.26552462526766596
41062,0.11239193083573487
41063,0.09319125880440672
41064,0.09319125880440672
41065,0.17391304347826086
41066,0.037188208616780044
41067,0.038461538461538464
41068,0.09319125880440672
41069,0.48520710059171596
41070,0.2184936614466816
41071,0.037188208616780044
41072,0.09319125880440672
41073,0.09319125880440672
41074,0.13432835820895522
41075,0.2184936614466816
41076,0.4111776447105788
41077,0.17391304347826086
41078,0.3958333333333333
41079,0.09319125880440672
41080,0.09319125880440672
41081,0.037188208616780044
41082,0.4111776447105788
41083,0.037188208616780044
41084,0.037188208616780044
41085,0.09319125880440672
41086,0.09319125880440672
41087,0.2184936614466816
41088,0.09319125880440672
41089,0.3763440860215054
41090,0.0189873417721519
41091,0.8938547486033519
41092,0.09319125880440672
41093,0.13432835820895522
41094,0.037188208616780044
41095,0.17964071856287425
41096,0.037188208616780044
41097,0.4111776447105788
41098,0.12796208530805686
41099,0.037188208616780044
41100,0.4111776447105788
41101,0.0189873417721519
41102,0.3958333333333333
41103,0.09319125880440672
41104,0.09319125880440672
41105,0.42776203966005666
41106,0.09319125880440672
41107,0.8938547486033519
41108,0.17964071856287425
41109,0.3763440860215054
41110,0.3763440860215054
41111,0.037188208616780044
41112,0.09319125880440672
41113,0.5738636363636364
41114,0.27807486631016043
41115,0.2184936614466816
41116,0.4111776447105788
41117,0.4797297297297297
41118,0.17964071856287425
41119,0.037188208616780044
41120,0.09156193895870736
41121,0.2184936614466816
41122,0.17391304347826086
41123,0.2184936614466816
41124,0.17964071856287425
41125,0.11239193083573487
41126,0.2184936614466816
41127,0.17964071856287425
41128,0.2184936614466816
41129,0.0189873417721519
41130,0.037188208616780044
41131,0.17964071856287425
41132,0.6104928457869634
41133,0.09319125880440672
41134,0.037188208616780044
41135,0.12796208530805686
41136,0.2184936614466816
41137,0.037188208616780044
41138,0.037188208616780044
41139,0.42776203966005666
41140,0.09319125880440672
41141,0.4111776447105788
41142,0.4111776447105788
41143,0.09319125880440672
41144,0.24324324324324326
41145,0.42776203966005666
41146,0.6805251641137856
41147,0.037188208616780044
41148,0.037188208616780044
41149,0.09319125880440672
41150,0.09319125880440672
41151,0.037188208616780044
41152,0.6805251641137856
41153,0.037188208616780044
41154,0.09319125880440672
41155,0.17964071856287425
41156,0.037188208616780044
41157,0.037188208616780044
41158,0.4111776447105788
41159,0.13432835820895522
41160,0.09319125880440672
41161,0.037188208616780044
41162,0.09319125880440672
41163,0.09319125880440672
41164,0.09319125880440672
41165,0.6104928457869634
41166,0.2184936614466816
41167,0.09319125880440672
41168,0.4787234042553192
41169,0.09319125880440672
41170,0.6104928457869634
41171,0.6805251641137856
41172,0.09319125880440672
41173,0.13432835820895522
41174,0.17391304347826086
41175,0.09319125880440672
41176,0.037188208616780044
41177,0.2184936614466816
41178,0.09319125880440672
41179,0.09319125880440672
41180,0.11239193083573487
41181,0.27807486631016043
41182,0.037188208616780044
41183,0.13432835820895522
41184,0.11239193083573487
41185,0.17964071856287425
41186,0.037188208616780044
41187,0.0189873417721519
41188,0.7655172413793103
41189,0.037188208616780044
41190,0.7655172413793103
41191,0.8938547486033519
41192,0.037188208616780044
41193,0.42776203966005666
41194,0.4111776447105788
41195,0.13432835820895522
41196,0.2184936614466816
41197,0.2184936614466816
41198,0.09319125880440672
41199,0.09156193895870736
41200,0.17964071856287425
41201,0.0189873417721519
41202,0.7655172413793103
41203,0.5738636363636364
41204,0.17964071856287425
41205,0.0189873417721519
41206,0.42776203966005666
41207,0.037188208616780044
41208,0.2184936614466816
41209,0.09319125880440672
41210,0.09319125880440672
41211,0.038461538461538464
41212,0.42776203966005666
41213,0.09319125880440672
41214,0.8938547486033519
41215,0.037188208616780044
41216,0.13432835820895522
41217,0.09319125880440672
41218,0.037188208616780044
41219,0.09319125880440672
41220,0.037188208616780044
41221,0.13432835820895522
41222,0.037188208616780044
41223,0.7655172413793103
41224,0.09319125880440672
41225,0.037188208616780044
41226,0.6104928457869634
41227,0.037188208616780044
41228,0.0189873417721519
41229,0.09319125880440672
41230,0.038461538461538464
41231,0.09319125880440672
41232,0.037188208616780044
41233,0.037188208616780044
41234,0.09319125880440672
41235,0.6104928457869634
41236,0.11239193083573487
41237,0.4698275862068966
41238,0.7521739130434782
41239,0.037188208616780044
41240,0.037188208616780044
41241,0.17964071856287425
41242,0.037188208616780044
41243,0.037188208616780044
41244,0.037188208616780044
41245,0.42776203966005666
41246,0.17964071856287425
41247,0.17964071856287425
41248,0.6805251641137856
41249,0.7655172413793103
41250,0.09319125880440672
41251,0.037188208616780044
41252,0.09319125880440672
41253,0.7655172413793103
41254,0.2184936614466816
41255,0.7521739130434782
41256,0.2184936614466816
41257,0.6805251641137856
41258,0.037188208616780044
41259,0.17964071856287425
41260,0.2184936614466816
41261,0.17964071856287425
41262,0.27807486631016043
41263,0.037188208616780044
41264,0.7655172413793103
41265,0.037188208616780044
41266,0.037188208616780044
41267,0.09319125880440672
41268,0.09319125880440672
41269,0.4797297297297297
41270,0.037188208616780044
41271,0.4698275862068966
41272,0.037188208616780044
41273,0.037188208616780044
41274,0.3958333333333333
41275,0.09319125880440672
41276,0.09156193895870736
41277,0.17964071856287425
41278,0.037188208616780044
41279,0.09319125880440672
41280,0.26552462526766596
41281,0.09319125880440672
41282,0.09319125880440672
41283,0.13432835820895522
41284,0.09319125880440672
41285,0.09319125880440672
41286,0.09319125880440672
41287,0.13432835820895522
41288,0.037188208616780044
41289,0.17964071856287425
41290,0.12796208530805686
41291,0.4698275862068966
41292,0.11239193083573487
41293,0.037188208616780044
41294,0.17964071856287425
41295,0.09156193895870736
41296,0.037188208616780044
41297,0.037188208616780044
41298,0.13432835820895522
41299,0.09319125880440672
41300,0.0189873417721519
41301,0.27807486631016043
41302,0.09319125880440672
41303,0.0189873417721519
41304,0.27807486631016043
41305,0.4787234042553192
41306,0.037188208616780044
41307,0.09319125880440672
41308,0.037188208616780044
41309,0.037188208616780044
41310,0.4111776447105788
41311,0.24324324324324326
41312,0.09156193895870736
41313,0.17964071856287425
41314,0.7655172413793103
41315,0.037188208616780044
41316,0.09319125880440672
41317,0.17964071856287425
41318,0.09319125880440672
41319,0.09319125880440672
41320,0.42776203966005666
41321,0.4698275862068966
41322,0.3958333333333333
41323,0.09319125880440672
41324,0.26552462526766596
41325,0.037188208616780044
41326,0.09156193895870736
41327,0.037188208616780044
41328,0.17964071856287425
41329,0.8938547486033519
41330,0.2184936614466816
41331,0.13432835820895522
41332,0.037188208616780044
41333,0.42776203966005666
41334,0.037188208616780044
41335,0.037188208616780044
41336,0.037188208616780044
41337,0.6104928457869634
41338,0.037188208616780044
41339,0.037188208616780044
41340,0.6104928457869634
41341,0.09319125880440672
41342,0.42776203966005666
41343,0.42776203966005666
41344,0.4698275862068966
41345,0.09319125880440672
41346,0.037188208616780044
41347,0.09319125880440672
41348,0.09319125880440672
41349,0.037188208616780044
41350,0.4111776447105788
41351,0.26552462526766596
41352,0.6805251641137856
41353,0.09319125880440672
41354,0.09319125880440672
41355,0.037188208616780044
41356,0.09319125880440672
41357,0.09319125880440672
41358,0.13432835820895522
41359,0.4111776447105788
41360,0.2184936614466816
41361,0.17964071856287425
41362,0.09319125880440672
41363,0.09319125880440672
41364,0.09319125880440672
41365,0.09319125880440672
41366,0.037188208616780044
41367,0.037188208616780044
41368,0.037188208616780044
41369,0.09319125880440672
41370,0.09319125880440672
41371,0.13432835820895522
41372,0.17964071856287425
41373,0.11239193083573487
41374,0.037188208616780044
41375,0.09319125880440672
41376,0.17964071856287425
41377,0.09319125880440672
41378,0.4111776447105788
41379,0.037188208616780044
41380,0.038461538461538464
41381,0.037188208616780044
41382,0.2184936614466816
41383,0.09319125880440672
41384,0.037188208616780044
41385,0.09319125880440672
41386,0.2184936614466816
41387,0.27807486631016043
41388,0.037188208616780044
41389,0.09319125880440672
41390,0.037188208616780044
41391,0.7655172413793103
41392,0.13432835820895522
41393,0.09319125880440672
41394,0.2184936614466816
41395,0.2184936614466816
41396,0.09319125880440672
41397,0.09319125880440672
41398,0.4111776447105788
41399,0.09319125880440672
41400,0.17964071856287425
41401,0.42776203966005666
41402,0.2184936614466816
41403,0.13432835820895522
41404,0.037188208616780044
41405,0.17391304347826086
41406,0.2184936614466816
41407,0.037188208616780044
41408,0.17964071856287425
41409,0.17391304347826086
41410,0.17964071856287425
41411,0.037188208616780044
41412,0.09319125880440672
41413,0.6104928457869634
41414,0.09319125880440672
41415,0.037188208616780044
41416,0.2184936614466816
41417,0.038461538461538464
41418,0.42776203966005666
41419,0.12796208530805686
41420,0.037188208616780044
41421,0.7655172413793103
41422,0.037188208616780044
41423,0.2184936614466816
41424,0.09319125880440672
41425,0.4111776447105788
41426,0.0189873417721519
41427,0.09156193895870736
41428,0.038461538461538464
41429,0.09319125880440672
41430,0.09319125880440672
41431,0.8938547486033519
41432,0.09319125880440672
41433,0.42776203966005666
41434,0.12796208530805686
41435,0.09319125880440672
41436,0.17391304347826086
41437,0.13432835820895522
41438,0.09319125880440672
41439,0.037188208616780044
41440,0.037188208616780044
41441,0.037188208616780044
41442,0.2184936614466816
41443,0.09319125880440672
41444,0.7655172413793103
41445,0.13432835820895522
41446,0.037188208616780044
41447,0.13432835820895522
41448,0.09319125880440672
41449,0.2184936614466816
41450,0.4111776447105788
41451,0.037188208616780044
41452,0.09319125880440672
41453,0.3763440860215054
41454,0.6104928457869634
41455,0.13432835820895522
41456,0.7655172413793103
41457,0.037188208616780044
41458,0.17964071856287425
41459,0.037188208616780044
41460,0.2184936614466816
41461,0.4111776447105788
41462,0.12796208530805686
41463,0.17964071856287425
41464,0.09319125880440672
41465,0.09319125880440672
41466,0.09156193895870736
41467,0.17964071856287425
41468,0.037188208616780044
41469,0.7655172413793103
41470,0.037188208616780044
41471,0.4797297297297297
41472,0.17964071856287425
41473,0.42776203966005666
41474,0.17964071856287425
41475,0.09319125880440672
41476,0.09319125880440672
41477,0.09319125880440672
41478,0.037188208616780044
41479,0.2184936614466816
41480,0.11239193083573487
41481,0.037188208616780044
41482,0.09319125880440672
41483,0.09319125880440672
41484,0.037188208616780044
41485,0.09319125880440672
41486,0.11239193083573487
41487,0.4111776447105788
41488,0.09319125880440672
41489,0.037188208616780044
41490,0.037188208616780044
41491,0.4111776447105788
41492,0.09319125880440672
41493,0.4111776447105788
41494,0.037188208616780044
41495,0.037188208616780044
41496,0.037188208616780044
41497,0.037188208616780044
41498,0.2184936614466816
41499,0.26552462526766596
41500,0.09319125880440672
41501,0.4111776447105788
41502,0.09319125880440672
41503,0.6805251641137856
41504,0.09319125880440672
41505,0.037188208616780044
41506,0.6805251641137856
41507,0.037188208616780044
41508,0.09319125880440672
41509,0.09319125880440672
41510,0.037188208616780044
41511,0.13432835820895522
41512,0.09319125880440672
41513,0.3763440860215054
41514,0.17964071856287425
41515,0.037188208616780044
41516,0.09319125880440672
41517,0.037188208616780044
41518,0.4787234042553192
41519,0.09319125880440672
41520,0.2184936614466816
41521,0.09319125880440672
41522,0.09319125880440672
41523,0.037188208616780044
41524,0.7521739130434782
41525,0.09319125880440672
41526,0.09319125880440672
41527,0.13432835820895522
41528,0.17964071856287425
41529,0.26552462526766596
41530,0.11239193083573487
41531,0.42776203966005666
41532,0.42776203966005666
41533,0.6104928457869634
41534,0.09319125880440672
41535,0.13432835820895522
41536,0.42776203966005666
41537,0.4797297297297297
41538,0.4111776447105788
41539,0.12796208530805686
41540,0.26552462526766596
41541,0.6805251641137856
41542,0.09319125880440672
41543,0.2184936614466816
41544,0.09319125880440672
41545,0.09319125880440672
41546,0.17964071856287425
41547,0.09156193895870736
41548,0.0189873417721519
41549,0.09319125880440672
41550,0.13432835820895522
41551,0.09319125880440672
41552,0.42776203966005666
41553,0.037188208616780044
41554,0.7655172413793103
41555,0.2184936614466816
41556,0.27807486631016043
41557,0.2184936614466816
41558,0.8938547486033519
41559,0.09319125880440672
41560,0.09319125880440672
41561,0.4787234042553192
41562,0.2184936614466816
41563,0.038461538461538464
41564,0.3763440860215054
41565,0.0189873417721519
41566,0.42776203966005666
41567,0.2184936614466816
41568,0.17391304347826086
41569,0.037188208616780044
41570,0.037188208616780044
41571,0.09319125880440672
41572,0.09319125880440672
41573,0.42776203966005666
41574,0.037188208616780044
41575,0.7655172413793103
41576,0.7655172413793103
41577,0.037188208616780044
41578,0.09319125880440672
41579,0.09319125880440672
41580,0.17964071856287425
41581,0.037188208616780044
41582,0.09319125880440672
41583,0.09319125880440672
41584,0.037188208616780044
41585,0.09156193895870736
41586,0.09319125880440672
41587,0.6104928457869634
41588,0.17391304347826086
41589,0.6104928457869634
41590,0.09156193895870736
41591,0.037188208616780044
41592,0.09319125880440672
41593,0.09319125880440672
41594,0.11239193083573487
41595,0.11239193083573487
41596,0.42776203966005666
41597,0.09319125880440672
41598,0.7655172413793103
41599,0.2184936614466816
41600,0.038461538461538464
41601,0.4787234042553192
41602,0.037188208616780044
41603,0.0189873417721519
41604,0.6104928457869634
41605,0.09319125880440672
41606,0.2184936614466816
41607,0.09156193895870736
41608,0.037188208616780044
41609,0.09319125880440672
41610,0.09319125880440672
41611,0.26552462526766596
41612,0.2184936614466816
41613,0.6104928457869634
41614,0.7521739130434782
41615,0.6104928457869634
41616,0.7655172413793103
41617,0.037188208616780044
41618,0.6104928457869634
41619,0.2184936614466816
41620,0.09319125880440672
41621,0.42776203966005666
41622,0.6104928457869634
41623,0.4698275862068966
41624,0.6104928457869634
41625,0.8938547486033519
41626,0.037188208616780044
41627,0.17391304347826086
41628,0.037188208616780044
41629,0.09319125880440672
41630,0.4111776447105788
41631,0.6104928457869634
41632,0.48520710059171596
41633,0.09319125880440672
41634,0.13432835820895522
41635,0.42776203966005666
41636,0.11239193083573487
41637,0.13432835820895522
41638,0.037188208616780044
41639,0.17964071856287425
41640,0.4111776447105788
41641,0.4111776447105788
41642,0.09319125880440672
41643,0.09319125880440672
41644,0.09319125880440672
41645,0.09319125880440672
41646,0.17964071856287425
41647,0.09319125880440672
41648,0.037188208616780044
41649,0.09319125880440672
41650,0.48520710059171596
41651,0.09319125880440672
41652,0.7655172413793103
41653,0.037188208616780044
41654,0.037188208616780044
41655,0.037188208616780044
41656,0.2184936614466816
41657,0.09319125880440672
41658,0.7655172413793103
41659,0.09319125880440672
41660,0.09319125880440672
41661,0.6104928457869634
41662,0.09319125880440672
41663,0.09319125880440672
41664,0.6104928457869634
41665,0.037188208616780044
41666,0.09319125880440672
41667,0.037188208616780044
41668,0.09319125880440672
41669,0.037188208616780044
41670,0.09319125880440672
41671,0.037188208616780044
41672,0.11239193083573487
41673,0.037188208616780044
41674,0.037188208616780044
41675,0.27807486631016043
41676,0.09319125880440672
41677,0.17964071856287425
41678,0.037188208616780044
41679,0.4111776447105788
41680,0.09319125880440672
41681,0.7655172413793103
41682,0.0189873417721519
41683,0.037188208616780044
41684,0.09319125880440672
41685,0.11239193083573487
41686,0.09319125880440672
41687,0.037188208616780044
41688,0.037188208616780044
41689,0.13432835820895522
41690,0.09319125880440672
41691,0.4111776447105788
41692,0.09319125880440672
41693,0.42776203966005666
41694,0.037188208616780044
41695,0.4111776447105788
41696,0.037188208616780044
41697,0.09319125880440672
41698,0.2184936614466816
41699,0.2184936614466816
41700,0.037188208616780044
41701,0.6805251641137856
41702,0.6104928457869634
41703,0.12796208530805686
41704,0.13432835820895522
41705,0.09156193895870736
41706,0.7655172413793103
41707,0.037188208616780044
41708,0.037188208616780044
41709,0.8103448275862069
41710,0.2184936614466816
41711,0.7655172413793103
41712,0.09319125880440672
41713,0.2184936614466816
41714,0.4111776447105788
41715,0.13432835820895522
41716,0.09319125880440672
41717,0.09319125880440672
41718,0.09319125880440672
41719,0.09319125880440672
41720,0.27807486631016043
41721,0.037188208616780044
41722,0.0189873417721519
41723,0.037188208616780044
41724,0.09319125880440672
41725,0.42776203966005666
41726,0.037188208616780044
41727,0.5738636363636364
41728,0.0189873417721519
41729,0.13432835820895522
41730,0.09319125880440672
41731,0.0189873417721519
41732,0.09319125880440672
41733,0.2184936614466816
41734,0.26552462526766596
41735,0.13432835820895522
41736,0.09319125880440672
41737,0.09319125880440672
41738,0.037188208616780044
41739,0.17964071856287425
41740,0.037188208616780044
41741,0.09156193895870736
41742,0.09319125880440672
41743,0.037188208616780044
41744,0.09319125880440672
41745,0.037188208616780044
41746,0.0189873417721519
41747,0.8938547486033519
41748,0.09319125880440672
41749,0.09319125880440672
41750,0.037188208616780044
41751,0.7655172413793103
41752,0.037188208616780044
41753,0.037188208616780044
41754,0.5738636363636364
41755,0.037188208616780044
41756,0.09319125880440672
41757,0.4111776447105788
41758,0.42776203966005666
41759,0.09319125880440672
41760,0.09319125880440672
41761,0.6805251641137856
41762,0.09319125880440672
41763,0.17964071856287425
41764,0.037188208616780044
41765,0.037188208616780044
41766,0.037188208616780044
41767,0.09319125880440672
41768,0.6805251641137856
41769,0.09319125880440672
41770,0.26552462526766596
41771,0.13432835820895522
41772,0.2184936614466816
41773,0.09319125880440672
41774,0.7655172413793103
41775,0.09319125880440672
41776,0.09319125880440672
41777,0.4698275862068966
41778,0.09319125880440672
41779,0.037188208616780044
41780,0.037188208616780044
41781,0.037188208616780044
41782,0.09319125880440672
41783,0.037188208616780044
41784,0.09319125880440672
41785,0.037188208616780044
41786,0.0189873417721519
41787,0.038461538461538464
41788,0.2184936614466816
41789,0.09319125880440672
41790,0.42776203966005666
41791,0.2184936614466816
41792,0.27807486631016043
41793,0.09319125880440672
41794,0.09319125880440672
41795,0.0189873417721519
41796,0.7655172413793103
41797,0.09319125880440672
41798,0.09319125880440672
41799,0.6805251641137856
41800,0.037188208616780044
41801,0.17964071856287425
41802,0.037188208616780044
41803,0.17964071856287425
41804,0.2184936614466816
41805,0.037188208616780044
41806,0.2184936614466816
41807,0.037188208616780044
41808,0.09319125880440672
41809,0.037188208616780044
41810,0.6805251641137856
41811,0.037188208616780044
41812,0.13432835820895522
41813,0.037188208616780044
41814,0.037188208616780044
41815,0.13432835820895522
41816,0.0189873417721519
41817,0.13432835820895522
41818,0.037188208616780044
41819,0.2184936614466816
41820,0.037188208616780044
41821,0.0189873417721519
41822,0.09156193895870736
41823,0.09319125880440672
41824,0.037188208616780044
41825,0.09319125880440672
41826,0.13432835820895522
41827,0.09319125880440672
41828,0.2184936614466816
41829,0.09319125880440672
41830,0.17964071856287425
41831,0.09156193895870736
41832,0.09156193895870736
41833,0.037188208616780044
41834,0.13432835820895522
41835,0.4111776447105788
41836,0.3763440860215054
41837,0.09319125880440672
41838,0.0189873417721519
41839,0.13432835820895522
41840,0.2184936614466816
41841,0.09319125880440672
41842,0.17391304347826086
41843,0.037188208616780044
41844,0.037188208616780044
41845,0.2184936614466816
41846,0.09156193895870736
41847,0.09319125880440672
41848,0.24324324324324326
41849,0.09319125880440672
41850,0.037188208616780044
41851,0.09319125880440672
41852,0.0189873417721519
41853,0.037188208616780044
41854,0.2184936614466816
41855,0.17964071856287425
41856,0.7521739130434782
41857,0.17964071856287425
41858,0.6104928457869634
41859,0.6104928457869634
41860,0.038461538461538464
41861,0.17964071856287425
41862,0.09319125880440672
41863,0.09319125880440672
41864,0.037188208616780044
41865,0.42776203966005666
41866,0.17964071856287425
41867,0.5738636363636364
41868,0.09319125880440672
41869,0.17964071856287425
41870,0.09319125880440672
41871,0.09319125880440672
41872,0.0189873417721519
41873,0.4698275862068966
41874,0.17964071856287425
41875,0.037188208616780044
41876,0.037188208616780044
41877,0.09319125880440672
41878,0.7521739130434782
41879,0.037188208616780044
41880,0.27807486631016043
41881,0.13432835820895522
41882,0.26552462526766596
41883,0.09319125880440672
41884,0.037188208616780044
41885,0.2184936614466816
41886,0.037188208616780044
41887,0.13432835820895522
41888,0.037188208616780044
41889,0.09319125880440672
41890,0.2184936614466816
41891,0.037188208616780044
41892,0.13432835820895522
41893,0.17964071856287425
41894,0.037188208616780044
41895,0.4797297297297297
41896,0.2184936614466816
41897,0.17964071856287425
41898,0.09319125880440672
41899,0.17964071856287425
41900,0.42776203966005666
41901,0.038461538461538464
41902,0.17964071856287425
41903,0.26552462526766596
41904,0.17964071856287425
41905,0.09156193895870736
41906,0.2184936614466816
41907,0.6104928457869634
41908,0.037188208616780044
41909,0.6104928457869634
41910,0.7521739130434782
41911,0.037188208616780044
41912,0.037188208616780044
41913,0.09319125880440672
41914,0.42776203966005666
41915,0.037188208616780044
41916,0.09319125880440672
41917,0.09319125880440672
41918,0.7521739130434782
41919,0.037188208616780044
41920,0.037188208616780044
41921,0.09156193895870736
41922,0.09319125880440672
41923,0.037188208616780044
41924,0.037188208616780044
41925,0.09319125880440672
41926,0.4111776447105788
41927,0.09319125880440672
41928,0.12796208530805686
41929,0.6104928457869634
41930,0.17964071856287425
41931,0.09319125880440672
41932,0.3958333333333333
41933,0.3763440860215054
41934,0.17964071856287425
41935,0.09319125880440672
41936,0.037188208616780044
41937,0.42776203966005666
41938,0.4797297297297297
41939,0.09319125880440672
41940,0.13432835820895522
41941,0.8938547486033519
41942,0.037188208616780044
41943,0.17964071856287425
41944,0.17964071856287425
41945,0.6805251641137856
41946,0.09319125880440672
41947,0.13432835820895522
41948,0.09319125880440672
41949,0.037188208616780044
41950,0.6805251641137856
41951,0.038461538461538464
41952,0.037188208616780044
41953,0.037188208616780044
41954,0.13432835820895522
41955,0.09319125880440672
41956,0.17964071856287425
41957,0.09319125880440672
41958,0.4
41959,0.2184936614466816
41960,0.12796208530805686
41961,0.8938547486033519
41962,0.2184936614466816
41963,0.09319125880440672
41964,0.09319125880440672
41965,0.42776203966005666
41966,0.09319125880440672
41967,0.037188208616780044
41968,0.037188208616780044
41969,0.2184936614466816
41970,0.037188208616780044
41971,0.7521739130434782
41972,0.09319125880440672
41973,0.11239193083573487
41974,0.09319125880440672
41975,0.09319125880440672
41976,0.09319125880440672
41977,0.09319125880440672
41978,0.037188208616780044
41979,0.7655172413793103
41980,0.09319125880440672
41981,0.037188208616780044
41982,0.42776203966005666
41983,0.09156193895870736
41984,0.09319125880440672
41985,0.6104928457869634
41986,0.09319125880440672
41987,0.6805251641137856
41988,0.0189873417721519
41989,0.4698275862068966
41990,0.13432835820895522
41991,0.17964071856287425
41992,0.038461538461538464
41993,0.09319125880440672
41994,0.037188208616780044
41995,0.6104928457869634
41996,0.09319125880440672
41997,0.037188208616780044
41998,0.13432835820895522
41999,0.2184936614466816
42000,0.037188208616780044
42001,0.2184936614466816
42002,0.037188208616780044
42003,0.037188208616780044
42004,0.4698275862068966
42005,0.17391304347826086
42006,0.6104928457869634
42007,0.2184936614466816
42008,0.037188208616780044
42009,0.12796208530805686
42010,0.09156193895870736
42011,0.037188208616780044
42012,0.09319125880440672
42013,0.17964071856287425
42014,0.17964071856287425
42015,0.09319125880440672
42016,0.037188208616780044
42017,0.4111776447105788
42018,0.17391304347826086
42019,0.6805251641137856
42020,0.037188208616780044
42021,0.09319125880440672
42022,0.7655172413793103
42023,0.09319125880440672
42024,0.037188208616780044
42025,0.42776203966005666
42026,0.4787234042553192
42027,0.2184936614466816
42028,0.09156193895870736
42029,0.09319125880440672
42030,0.037188208616780044
42031,0.09319125880440672
42032,0.7655172413793103
42033,0.26552462526766596
42034,0.17964071856287425
42035,0.037188208616780044
42036,0.09319125880440672
42037,0.037188208616780044
42038,0.09319125880440672
42039,0.09156193895870736
42040,0.3958333333333333
42041,0.7655172413793103
42042,0.09319125880440672
42043,0.17391304347826086
42044,0.09319125880440672
42045,0.4111776447105788
42046,0.17964071856287425
42047,0.4111776447105788
42048,0.26552462526766596
42049,0.4111776447105788
42050,0.037188208616780044
42051,0.42776203966005666
42052,0.2184936614466816
42053,0.037188208616780044
42054,0.2184936614466816
42055,0.7655172413793103
42056,0.09319125880440672
42057,0.037188208616780044
42058,0.4111776447105788
42059,0.09319125880440672
42060,0.17964071856287425
42061,0.0189873417721519
42062,0.037188208616780044
42063,0.6104928457869634
42064,0.13432835820895522
42065,0.3763440860215054
42066,0.037188208616780044
42067,0.0189873417721519
42068,0.17964071856287425
42069,0.09319125880440672
42070,0.09319125880440672
42071,0.037188208616780044
42072,0.13432835820895522
42073,0.13432835820895522
42074,0.13432835820895522
42075,0.09319125880440672
42076,0.09319125880440672
42077,0.09319125880440672
42078,0.7655172413793103
42079,0.09319125880440672
42080,0.09319125880440672
42081,0.037188208616780044
42082,0.037188208616780044
42083,0.0189873417721519
42084,0.6805251641137856
42085,0.26552462526766596
42086,0.3958333333333333
42087,0.17964071856287425
42088,0.037188208616780044
42089,0.037188208616780044
42090,0.037188208616780044
42091,0.09319125880440672
42092,0.09319125880440672
42093,0.27807486631016043
42094,0.17964071856287425
42095,0.12796208530805686
42096,0.037188208616780044
42097,0.037188208616780044
42098,0.27807486631016043
42099,0.09319125880440672
42100,0.7655172413793103
42101,0.6805251641137856
42102,0.037188208616780044
42103,0.2184936614466816
42104,0.2184936614466816
42105,0.09319125880440672
42106,0.0189873417721519
42107,0.037188208616780044
42108,0.26552462526766596
42109,0.6104928457869634
42110,0.12796208530805686
42111,0.17964071856287425
42112,0.037188208616780044
42113,0.17964071856287425
42114,0.037188208616780044
42115,0.09319125880440672
42116,0.09319125880440672
42117,0.0189873417721519
42118,0.7521739130434782
42119,0.17391304347826086
42120,0.09319125880440672
42121,0.17391304347826086
42122,0.037188208616780044
42123,0.037188208616780044
42124,0.4111776447105788
42125,0.7655172413793103
42126,0.09319125880440672
42127,0.4111776447105788
42128,0.09156193895870736
42129,0.09319125880440672
42130,0.4111776447105788
42131,0.09319125880440672
42132,0.037188208616780044
42133,0.17964071856287425
42134,0.09319125880440672
42135,0.09319125880440672
42136,0.4111776447105788
42137,0.4698275862068966
42138,0.4797297297297297
42139,0.09319125880440672
42140,0.037188208616780044
42141,0.09319125880440672
42142,0.037188208616780044
42143,0.09319125880440672
42144,0.0189873417721519
42145,0.037188208616780044
42146,0.09319125880440672
42147,0.4111776447105788
42148,0.4797297297297297
42149,0.037188208616780044
42150,0.13432835820895522
42151,0.4111776447105788
42152,0.09319125880440672
42153,0.4111776447105788
42154,0.7655172413793103
42155,0.037188208616780044
42156,0.037188208616780044
42157,0.42776203966005666
42158,0.09319125880440672
42159,0.037188208616780044
42160,0.09319125880440672
42161,0.17964071856287425
42162,0.09319125880440672
42163,0.09319125880440672
42164,0.037188208616780044
42165,0.037188208616780044
42166,0.09319125880440672
42167,0.09319125880440672
42168,0.09319125880440672
42169,0.09319125880440672
42170,0.037188208616780044
42171,0.5738636363636364
42172,0.037188208616780044
42173,0.037188208616780044
42174,0.4111776447105788
42175,0.09156193895870736
42176,0.26552462526766596
42177,0.0189873417721519
42178,0.09319125880440672
42179,0.037188208616780044
42180,0.09319125880440672
42181,0.27807486631016043
42182,0.037188208616780044
42183,0.09319125880440672
42184,0.2184936614466816
42185,0.26552462526766596
42186,0.09319125880440672
42187,0.09319125880440672
42188,0.09319125880440672
42189,0.11239193083573487
42190,0.4111776447105788
42191,0.09319125880440672
42192,0.037188208616780044
42193,0.8938547486033519
42194,0.13432835820895522
42195,0.4111776447105788
42196,0.17964071856287425
42197,0.09319125880440672
42198,0.17964071856287425
42199,0.3958333333333333
42200,0.09319125880440672
42201,0.09156193895870736
42202,0.26552462526766596
42203,0.09319125880440672
42204,0.4111776447105788
42205,0.17964071856287425
42206,0.17964071856287425
42207,0.09319125880440672
42208,0.0189873417721519
42209,0.09319125880440672
42210,0.037188208616780044
42211,0.0189873417721519
42212,0.2184936614466816
42213,0.12796208530805686
42214,0.037188208616780044
42215,0.13432835820895522
42216,0.09319125880440672
42217,0.13432835820895522
42218,0.037188208616780044
42219,0.037188208616780044
42220,0.11239193083573487
42221,0.037188208616780044
42222,0.13432835820895522
42223,0.09319125880440672
42224,0.09319125880440672
42225,0.26552462526766596
42226,0.037188208616780044
42227,0.11239193083573487
42228,0.17964071856287425
42229,0.0189873417721519
42230,0.2184936614466816
42231,0.09319125880440672
42232,0.7655172413793103
42233,0.2184936614466816
42234,0.7655172413793103
42235,0.09319125880440672
42236,0.09319125880440672
42237,0.09319125880440672
42238,0.09319125880440672
42239,0.09156193895870736
42240,0.09319125880440672
42241,0.17964071856287425
42242,0.037188208616780044
42243,0.09319125880440672
42244,0.17964071856287425
42245,0.0189873417721519
42246,0.17964071856287425
42247,0.17964071856287425
42248,0.2184936614466816
42249,0.09319125880440672
42250,0.09319125880440672
42251,0.17964071856287425
42252,0.037188208616780044
42253,0.7655172413793103
42254,0.038461538461538464
42255,0.09319125880440672
42256,0.2184936614466816
42257,0.09319125880440672
42258,0.037188208616780044
42259,0.037188208616780044
42260,0.4111776447105788
42261,0.09319125880440672
42262,0.037188208616780044
42263,0.17964071856287425
42264,0.09319125880440672
42265,0.09319125880440672
42266,0.09319125880440672
42267,0.11239193083573487
42268,0.17964071856287425
42269,0.09319125880440672
42270,0.13432835820895522
42271,0.4787234042553192
42272,0.09319125880440672
42273,0.037188208616780044
42274,0.09319125880440672
42275,0.7655172413793103
42276,0.037188208616780044
42277,0.037188208616780044
42278,0.09319125880440672
42279,0.11239193083573487
42280,0.17964071856287425
42281,0.037188208616780044
42282,0.09319125880440672
42283,0.26552462526766596
42284,0.037188208616780044
42285,0.17964071856287425
42286,0.09319125880440672
42287,0.09319125880440672
42288,0.037188208616780044
42289,0.09319125880440672
42290,0.037188208616780044
42291,0.13432835820895522
42292,0.13432835820895522
42293,0.2184936614466816
42294,0.4111776447105788
42295,0.11239193083573487
42296,0.2184936614466816
42297,0.037188208616780044
42298,0.09319125880440672
42299,0.26552462526766596
42300,0.037188208616780044
42301,0.27807486631016043
42302,0.2184936614466816
42303,0.26552462526766596
42304,0.09319125880440672
42305,0.26552462526766596
42306,0.037188208616780044
42307,0.8938547486033519
42308,0.0189873417721519
42309,0.037188208616780044
42310,0.037188208616780044
42311,0.09319125880440672
42312,0.42776203966005666
42313,0.2184936614466816
42314,0.037188208616780044
42315,0.09319125880440672
42316,0.037188208616780044
42317,0.42776203966005666
42318,0.13432835820895522
42319,0.037188208616780044
42320,0.09156193895870736
42321,0.8938547486033519
42322,0.038461538461538464
42323,0.09319125880440672
42324,0.09319125880440672
42325,0.3763440860215054
42326,0.09319125880440672
42327,0.0189873417721519
42328,0.09319125880440672
42329,0.3958333333333333
42330,0.037188208616780044
42331,0.037188208616780044
42332,0.13432835820895522
42333,0.09319125880440672
42334,0.7655172413793103
42335,0.037188208616780044
42336,0.037188208616780044
42337,0.09319125880440672
42338,0.17964071856287425
42339,0.42776203966005666
42340,0.2184936614466816
42341,0.26552462526766596
42342,0.037188208616780044
42343,0.2184936614466816
42344,0.17964071856287425
42345,0.09319125880440672
42346,0.26552462526766596
42347,0.09319125880440672
42348,0.2184936614466816
42349,0.037188208616780044
42350,0.17964071856287425
42351,0.7655172413793103
42352,0.038461538461538464
42353,0.7655172413793103
42354,0.7655172413793103
42355,0.037188208616780044
42356,0.13432835820895522
42357,0.09319125880440672
42358,0.037188208616780044
42359,0.26552462526766596
42360,0.7655172413793103
42361,0.09319125880440672
42362,0.42776203966005666
42363,0.09319125880440672
42364,0.09319125880440672
42365,0.4111776447105788
42366,0.037188208616780044
42367,0.4111776447105788
42368,0.4111776447105788
42369,0.42776203966005666
42370,0.12796208530805686
42371,0.42776203966005666
42372,0.26552462526766596
42373,0.09319125880440672
42374,0.037188208616780044
42375,0.09319125880440672
42376,0.2184936614466816
42377,0.037188208616780044
42378,0.13432835820895522
42379,0.09319125880440672
42380,0.037188208616780044
42381,0.09319125880440672
42382,0.13432835820895522
42383,0.09319125880440672
42384,0.4111776447105788
42385,0.17964071856287425
42386,0.09319125880440672
42387,0.09319125880440672
42388,0.4111776447105788
42389,0.09319125880440672
42390,0.037188208616780044
42391,0.09319125880440672
42392,0.09319125880440672
42393,0.4787234042553192
42394,0.4111776447105788
42395,0.4111776447105788
42396,0.09156193895870736
42397,0.037188208616780044
42398,0.09319125880440672
42399,0.17964071856287425
42400,0.17964071856287425
42401,0.09319125880440672
42402,0.09319125880440672
42403,0.09319125880440672
42404,0.09319125880440672
42405,0.12796208530805686
42406,0.037188208616780044
42407,0.2184936614466816
42408,0.037188208616780044
42409,0.4111776447105788
42410,0.42776203966005666
42411,0.0189873417721519
42412,0.6805251641137856
42413,0.09319125880440672
42414,0.037188208616780044
42415,0.037188208616780044
42416,0.17964071856287425
42417,0.0189873417721519
42418,0.09319125880440672
42419,0.2184936614466816
42420,0.037188208616780044
42421,0.09319125880440672
42422,0.037188208616780044
42423,0.09319125880440672
42424,0.09319125880440672
42425,0.037188208616780044
42426,0.09319125880440672
42427,0.09319125880440672
42428,0.037188208616780044
42429,0.037188208616780044
42430,0.27807486631016043
42431,0.42776203966005666
42432,0.0189873417721519
42433,0.2184936614466816
42434,0.037188208616780044
42435,0.037188208616780044
42436,0.037188208616780044
42437,0.0189873417721519
42438,0.6104928457869634
42439,0.7655172413793103
42440,0.42776203966005666
42441,0.17964071856287425
42442,0.09319125880440672
42443,0.09319125880440672
42444,0.2184936614466816
42445,0.037188208616780044
42446,0.13432835820895522
42447,0.2184936614466816
42448,0.037188208616780044
42449,0.09319125880440672
42450,0.17964071856287425
42451,0.12796208530805686
42452,0.09319125880440672
42453,0.037188208616780044
42454,0.09319125880440672
42455,0.037188208616780044
42456,0.17964071856287425
42457,0.09319125880440672
42458,0.17964071856287425
42459,0.037188208616780044
42460,0.4698275862068966
42461,0.17964071856287425
42462,0.7655172413793103
42463,0.26552462526766596
42464,0.6805251641137856
42465,0.09156193895870736
42466,0.037188208616780044
42467,0.037188208616780044
42468,0.13432835820895522
42469,0.09319125880440672
42470,0.8103448275862069
42471,0.09319125880440672
42472,0.09319125880440672
42473,0.26552462526766596
42474,0.037188208616780044
42475,0.7521739130434782
42476,0.037188208616780044
42477,0.4698275862068966
42478,0.037188208616780044
42479,0.17964071856287425
42480,0.42776203966005666
42481,0.037188208616780044
42482,0.09319125880440672
42483,0.7655172413793103
42484,0.0189873417721519
42485,0.037188208616780044
42486,0.8938547486033519
42487,0.17964071856287425
42488,0.11239193083573487
42489,0.48520710059171596
42490,0.0189873417721519
42491,0.11239193083573487
42492,0.17964071856287425
42493,0.09319125880440672
42494,0.17964071856287425
42495,0.17964071856287425
42496,0.48520710059171596
42497,0.13432835820895522
42498,0.42776203966005666
42499,0.037188208616780044
42500,0.09319125880440672
42501,0.4111776447105788
42502,0.09319125880440672
42503,0.037188208616780044
42504,0.037188208616780044
42505,0.09319125880440672
42506,0.11239193083573487
42507,0.09319125880440672
42508,0.26552462526766596
42509,0.13432835820895522
42510,0.2184936614466816
42511,0.42776203966005666
42512,0.3958333333333333
42513,0.037188208616780044
42514,0.11239193083573487
42515,0.7521739130434782
42516,0.09319125880440672
42517,0.17964071856287425
42518,0.2184936614466816
42519,0.09319125880440672
42520,0.17964071856287425
42521,0.13432835820895522
42522,0.037188208616780044
42523,0.6104928457869634
42524,0.13432835820895522
42525,0.6805251641137856
42526,0.037188208616780044
42527,0.26552462526766596
42528,0.09319125880440672
42529,0.6805251641137856
42530,0.09319125880440672
42531,0.09319125880440672
42532,0.09319125880440672
42533,0.037188208616780044
42534,0.037188208616780044
42535,0.48520710059171596
42536,0.037188208616780044
42537,0.09319125880440672
42538,0.037188208616780044
42539,0.4698275862068966
42540,0.09319125880440672
42541,0.0189873417721519
42542,0.0189873417721519
42543,0.09319125880440672
42544,0.037188208616780044
42545,0.09156193895870736
42546,0.037188208616780044
42547,0.17964071856287425
42548,0.09319125880440672
42549,0.09319125880440672
42550,0.7521739130434782
42551,0.26552462526766596
42552,0.037188208616780044
42553,0.7655172413793103
42554,0.09319125880440672
42555,0.6104928457869634
42556,0.17964071856287425
42557,0.09319125880440672
42558,0.26552462526766596
42559,0.13432835820895522
42560,0.09319125880440672
42561,0.42776203966005666
42562,0.2184936614466816
42563,0.27807486631016043
42564,0.11239193083573487
42565,0.26552462526766596
42566,0.09319125880440672
42567,0.11239193083573487
42568,0.17964071856287425
42569,0.5738636363636364
42570,0.12796208530805686
42571,0.09319125880440672
42572,0.09319125880440672
42573,0.11239193083573487
42574,0.11239193083573487
42575,0.09156193895870736
42576,0.3958333333333333
42577,0.037188208616780044
42578,0.6104928457869634
42579,0.09319125880440672
42580,0.09319125880440672
42581,0.42776203966005666
42582,0.09319125880440672
42583,0.7655172413793103
42584,0.037188208616780044
42585,0.2184936614466816
42586,0.42776203966005666
42587,0.037188208616780044
42588,0.13432835820895522
42589,0.17964071856287425
42590,0.4797297297297297
42591,0.17964071856287425
42592,0.037188208616780044
42593,0.26552462526766596
42594,0.037188208616780044
42595,0.4111776447105788
42596,0.037188208616780044
42597,0.09319125880440672
42598,0.27807486631016043
42599,0.13432835820895522
42600,0.2184936614466816
42601,0.4797297297297297
42602,0.6104928457869634
42603,0.48520710059171596
42604,0.26552462526766596
42605,0.09319125880440672
42606,0.09156193895870736
42607,0.42776203966005666
42608,0.2184936614466816
42609,0.27807486631016043
42610,0.037188208616780044
42611,0.6104928457869634
42612,0.09319125880440672
42613,0.037188208616780044
42614,0.13432835820895522
42615,0.037188208616780044
42616,0.09319125880440672
42617,0.13432835820895522
42618,0.09319125880440672
42619,0.27807486631016043
42620,0.037188208616780044
42621,0.037188208616780044
42622,0.09319125880440672
42623,0.09319125880440672
42624,0.09319125880440672
42625,0.037188208616780044
42626,0.7655172413793103
42627,0.17964071856287425
42628,0.42776203966005666
42629,0.6104928457869634
42630,0.09319125880440672
42631,0.17964071856287425
42632,0.037188208616780044
42633,0.037188208616780044
42634,0.09156193895870736
42635,0.2184936614466816
42636,0.7655172413793103
42637,0.17964071856287425
42638,0.27807486631016043
42639,0.037188208616780044
42640,0.037188208616780044
42641,0.2184936614466816
42642,0.0189873417721519
42643,0.42776203966005666
42644,0.4698275862068966
42645,0.038461538461538464
42646,0.11239193083573487
42647,0.17391304347826086
42648,0.2184936614466816
42649,0.037188208616780044
42650,0.09319125880440672
42651,0.27807486631016043
42652,0.4111776447105788
42653,0.4787234042553192
42654,0.7655172413793103
42655,0.0189873417721519
42656,0.13432835820895522
42657,0.09319125880440672
42658,0.037188208616780044
42659,0.09319125880440672
42660,0.3958333333333333
42661,0.13432835820895522
42662,0.037188208616780044
42663,0.09319125880440672
42664,0.4
42665,0.037188208616780044
42666,0.038461538461538464
42667,0.6104928457869634
42668,0.09319125880440672
42669,0.037188208616780044
42670,0.09319125880440672
42671,0.13432835820895522
42672,0.8103448275862069
42673,0.5738636363636364
42674,0.13432835820895522
42675,0.09319125880440672
42676,0.037188208616780044
42677,0.037188208616780044
42678,0.037188208616780044
42679,0.09319125880440672
42680,0.12796208530805686
42681,0.037188208616780044
42682,0.0189873417721519
42683,0.17964071856287425
42684,0.17964071856287425
42685,0.13432835820895522
42686,0.6805251641137856
42687,0.7655172413793103
42688,0.13432835820895522
42689,0.7655172413793103
42690,0.037188208616780044
42691,0.09319125880440672
42692,0.12796208530805686
42693,0.17964071856287425
42694,0.09319125880440672
42695,0.037188208616780044
42696,0.09319125880440672
42697,0.09319125880440672
42698,0.6805251641137856
42699,0.2184936614466816
42700,0.09319125880440672
42701,0.09319125880440672
42702,0.037188208616780044
42703,0.09156193895870736
42704,0.17964071856287425
42705,0.0189873417721519
42706,0.42776203966005666
42707,0.09319125880440672
42708,0.09319125880440672
42709,0.17964071856287425
42710,0.037188208616780044
42711,0.09319125880440672
42712,0.09319125880440672
42713,0.2184936614466816
42714,0.09156193895870736
42715,0.0189873417721519
42716,0.13432835820895522
42717,0.17964071856287425
42718,0.4111776447105788
42719,0.27807486631016043
42720,0.7655172413793103
42721,0.037188208616780044
42722,0.3958333333333333
42723,0.13432835820895522
42724,0.037188208616780044
42725,0.09319125880440672
42726,0.09319125880440672
42727,0.09319125880440672
42728,0.09319125880440672
42729,0.2184936614466816
42730,0.09319125880440672
42731,0.2184936614466816
42732,0.09319125880440672
42733,0.2184936614466816
42734,0.2184936614466816
42735,0.13432835820895522
42736,0.6104928457869634
42737,0.13432835820895522
42738,0.09319125880440672
42739,0.4111776447105788
42740,0.13432835820895522
42741,0.09319125880440672
42742,0.037188208616780044
42743,0.037188208616780044
42744,0.037188208616780044
42745,0.09319125880440672
42746,0.037188208616780044
42747,0.2184936614466816
42748,0.037188208616780044
42749,0.4698275862068966
42750,0.09319125880440672
42751,0.11239193083573487
42752,0.037188208616780044
42753,0.17964071856287425
42754,0.09319125880440672
42755,0.0189873417721519
42756,0.13432835820895522
42757,0.17964071856287425
42758,0.037188208616780044
42759,0.17964071856287425
42760,0.09319125880440672
42761,0.4698275862068966
42762,0.09319125880440672
42763,0.037188208616780044
42764,0.2184936614466816
42765,0.037188208616780044
42766,0.09156193895870736
42767,0.09319125880440672
42768,0.09319125880440672
42769,0.037188208616780044
42770,0.037188208616780044
42771,0.4797297297297297
42772,0.42776203966005666
42773,0.09319125880440672
42774,0.09319125880440672
42775,0.27807486631016043
42776,0.037188208616780044
42777,0.6104928457869634
42778,0.2184936614466816
42779,0.17964071856287425
42780,0.037188208616780044
42781,0.037188208616780044
42782,0.09319125880440672
42783,0.7655172413793103
42784,0.037188208616780044
42785,0.09319125880440672
42786,0.09319125880440672
42787,0.3958333333333333
42788,0.17964071856287425
42789,0.2184936614466816
42790,0.037188208616780044
42791,0.037188208616780044
42792,0.09319125880440672
42793,0.42776203966005666
42794,0.09319125880440672
42795,0.0189873417721519
42796,0.6104928457869634
42797,0.27807486631016043
42798,0.09319125880440672
42799,0.037188208616780044
42800,0.17964071856287425
42801,0.09319125880440672
42802,0.13432835820895522
42803,0.42776203966005666
42804,0.2184936614466816
42805,0.037188208616780044
42806,0.4797297297297297
42807,0.037188208616780044
42808,0.09319125880440672
42809,0.2184936614466816
42810,0.0189873417721519
42811,0.037188208616780044
42812,0.6104928457869634
42813,0.2184936614466816
42814,0.11239193083573487
42815,0.2184936614466816
42816,0.037188208616780044
42817,0.27807486631016043
42818,0.2184936614466816
42819,0.09319125880440672
42820,0.09319125880440672
42821,0.7655172413793103
42822,0.038461538461538464
42823,0.037188208616780044
42824,0.5738636363636364
42825,0.09319125880440672
42826,0.8938547486033519
42827,0.17964071856287425
42828,0.09319125880440672
42829,0.09319125880440672
42830,0.4111776447105788
42831,0.17964071856287425
42832,0.7655172413793103
42833,0.7521739130434782
42834,0.09319125880440672
42835,0.4111776447105788
42836,0.037188208616780044
42837,0.09319125880440672
42838,0.8103448275862069
42839,0.7655172413793103
42840,0.037188208616780044
42841,0.09319125880440672
42842,0.4
42843,0.4111776447105788
42844,0.17964071856287425
42845,0.3958333333333333
42846,0.09319125880440672
42847,0.09319125880440672
42848,0.037188208616780044
42849,0.037188208616780044
42850,0.17964071856287425
42851,0.11239193083573487
42852,0.09319125880440672
42853,0.09319125880440672
42854,0.48520710059171596
42855,0.037188208616780044
42856,0.09319125880440672
42857,0.4111776447105788
42858,0.17964071856287425
42859,0.037188208616780044
42860,0.038461538461538464
42861,0.0189873417721519
42862,0.09319125880440672
42863,0.09319125880440672
42864,0.037188208616780044
42865,0.09319125880440672
42866,0.037188208616780044
42867,0.09319125880440672
42868,0.17964071856287425
42869,0.17964071856287425
42870,0.037188208616780044
42871,0.7655172413793103
42872,0.038461538461538464
42873,0.09319125880440672
42874,0.2184936614466816
42875,0.037188208616780044
42876,0.2184936614466816
42877,0.09319125880440672
42878,0.09319125880440672
42879,0.09319125880440672
42880,0.7655172413793103
42881,0.037188208616780044
42882,0.09319125880440672
42883,0.17964071856287425
42884,0.4797297297297297
42885,0.12796208530805686
42886,0.26552462526766596
42887,0.09319125880440672
42888,0.09319125880440672
42889,0.09319125880440672
42890,0.3763440860215054
42891,0.2184936614466816
42892,0.2184936614466816
42893,0.037188208616780044
42894,0.2184936614466816
42895,0.037188208616780044
42896,0.09319125880440672
42897,0.4111776447105788
42898,0.42776203966005666
42899,0.09319125880440672
42900,0.038461538461538464
42901,0.4698275862068966
42902,0.6805251641137856
42903,0.09319125880440672
42904,0.09319125880440672
42905,0.2184936614466816
42906,0.09319125880440672
42907,0.09319125880440672
42908,0.6104928457869634
42909,0.038461538461538464
42910,0.4698275862068966
42911,0.8938547486033519
42912,0.42776203966005666
42913,0.09156193895870736
42914,0.2184936614466816
42915,0.7655172413793103
42916,0.037188208616780044
42917,0.037188208616780044
42918,0.2184936614466816
42919,0.037188208616780044
42920,0.09319125880440672
42921,0.037188208616780044
42922,0.42776203966005666
42923,0.09319125880440672
42924,0.09319125880440672
42925,0.09319125880440672
42926,0.3958333333333333
42927,0.037188208616780044
42928,0.11239193083573487
42929,0.038461538461538464
42930,0.4111776447105788
42931,0.48520710059171596
42932,0.09319125880440672
42933,0.17964071856287425
42934,0.13432835820895522
42935,0.09319125880440672
42936,0.037188208616780044
42937,0.11239193083573487
42938,0.6104928457869634
42939,0.09319125880440672
42940,0.13432835820895522
42941,0.0189873417721519
42942,0.8461538461538461
42943,0.2184936614466816
42944,0.09319125880440672
42945,0.037188208616780044
42946,0.09319125880440672
42947,0.09319125880440672
42948,0.09156193895870736
42949,0.037188208616780044
42950,0.6104928457869634
42951,0.4
42952,0.09319125880440672
42953,0.6805251641137856
42954,0.037188208616780044
42955,0.17391304347826086
42956,0.09319125880440672
42957,0.17964071856287425
42958,0.4111776447105788
42959,0.4111776447105788
42960,0.17964071856287425
42961,0.037188208616780044
42962,0.09319125880440672
42963,0.17964071856287425
42964,0.09319125880440672
42965,0.6104928457869634
42966,0.5738636363636364
42967,0.17964071856287425
42968,0.4111776447105788
42969,0.037188208616780044
42970,0.3763440860215054
42971,0.6805251641137856
42972,0.0189873417721519
42973,0.6805251641137856
42974,0.037188208616780044
42975,0.7655172413793103
42976,0.09319125880440672
42977,0.17964071856287425
42978,0.2184936614466816
42979,0.17964071856287425
42980,0.037188208616780044
42981,0.09319125880440672
42982,0.09319125880440672
42983,0.037188208616780044
42984,0.17964071856287425
42985,0.0189873417721519
42986,0.09319125880440672
42987,0.13432835820895522
42988,0.037188208616780044
42989,0.037188208616780044
42990,0.2184936614466816
42991,0.26552462526766596
42992,0.4797297297297297
42993,0.09319125880440672
42994,0.26552462526766596
42995,0.8938547486033519
42996,0.6805251641137856
42997,0.09319125880440672
42998,0.27807486631016043
42999,0.4797297297297297
43000,0.6805251641137856
43001,0.4111776447105788
43002,0.12796208530805686
43003,0.09319125880440672
43004,0.0189873417721519
43005,0.2184936614466816
43006,0.3763440860215054
43007,0.48520710059171596
43008,0.12796208530805686
43009,0.09319125880440672
43010,0.2184936614466816
43011,0.4111776447105788
43012,0.26552462526766596
43013,0.037188208616780044
43014,0.42776203966005666
43015,0.6104928457869634
43016,0.038461538461538464
43017,0.037188208616780044
43018,0.037188208616780044
43019,0.037188208616780044
43020,0.27807486631016043
43021,0.037188208616780044
43022,0.6104928457869634
43023,0.09319125880440672
43024,0.037188208616780044
43025,0.037188208616780044
43026,0.037188208616780044
43027,0.037188208616780044
43028,0.26552462526766596
43029,0.7655172413793103
43030,0.037188208616780044
43031,0.037188208616780044
43032,0.09319125880440672
43033,0.09319125880440672
43034,0.8938547486033519
43035,0.09319125880440672
43036,0.6104928457869634
43037,0.2184936614466816
43038,0.7655172413793103
43039,0.2184936614466816
43040,0.5738636363636364
43041,0.4797297297297297
43042,0.42776203966005666
43043,0.037188208616780044
43044,0.09319125880440672
43045,0.26552462526766596
43046,0.037188208616780044
43047,0.48520710059171596
43048,0.09319125880440672
43049,0.037188208616780044
43050,0.8938547486033519
43051,0.037188208616780044
43052,0.09319125880440672
43053,0.09319125880440672
43054,0.4698275862068966
43055,0.4111776447105788
43056,0.26552462526766596
43057,0.09319125880440672
43058,0.037188208616780044
43059,0.26552462526766596
43060,0.038461538461538464
43061,0.42776203966005666
43062,0.6805251641137856
43063,0.09319125880440672
43064,0.17964071856287425
43065,0.7655172413793103
43066,0.0189873417721519
43067,0.11239193083573487
43068,0.6104928457869634
43069,0.037188208616780044
43070,0.26552462526766596
43071,0.09319125880440672
43072,0.7655172413793103
43073,0.0189873417721519
43074,0.09319125880440672
43075,0.7655172413793103
43076,0.13432835820895522
43077,0.037188208616780044
43078,0.6104928457869634
43079,0.09319125880440672
43080,0.4111776447105788
43081,0.13432835820895522
43082,0.09319125880440672
43083,0.037188208616780044
43084,0.09319125880440672
43085,0.09319125880440672
43086,0.037188208616780044
43087,0.09319125880440672
43088,0.6104928457869634
43089,0.42776203966005666
43090,0.09319125880440672
43091,0.2184936614466816
43092,0.2184936614466816
43093,0.037188208616780044
43094,0.17964071856287425
43095,0.09319125880440672
43096,0.09319125880440672
43097,0.7521739130434782
43098,0.09319125880440672
43099,0.09319125880440672
43100,0.037188208616780044
43101,0.6104928457869634
43102,0.17964071856287425
43103,0.09319125880440672
43104,0.09319125880440672
43105,0.17964071856287425
43106,0.037188208616780044
43107,0.09319125880440672
43108,0.2184936614466816
43109,0.037188208616780044
43110,0.037188208616780044
43111,0.09319125880440672
43112,0.037188208616780044
43113,0.038461538461538464
43114,0.17964071856287425
43115,0.09319125880440672
43116,0.6104928457869634
43117,0.037188208616780044
43118,0.09319125880440672
43119,0.4111776447105788
43120,0.26552462526766596
43121,0.037188208616780044
43122,0.7655172413793103
43123,0.09319125880440672
43124,0.037188208616780044
43125,0.09319125880440672
43126,0.13432835820895522
43127,0.09319125880440672
43128,0.038461538461538464
43129,0.0189873417721519
43130,0.09319125880440672
43131,0.09319125880440672
43132,0.09319125880440672
43133,0.26552462526766596
43134,0.09319125880440672
43135,0.038461538461538464
43136,0.17964071856287425
43137,0.09319125880440672
43138,0.4111776447105788
43139,0.038461538461538464
43140,0.09319125880440672
43141,0.7655172413793103
43142,0.7655172413793103
43143,0.037188208616780044
43144,0.09319125880440672
43145,0.4111776447105788
43146,0.09319125880440672
43147,0.037188208616780044
43148,0.4111776447105788
43149,0.09156193895870736
43150,0.09319125880440672
43151,0.3958333333333333
43152,0.037188208616780044
43153,0.4111776447105788
43154,0.09319125880440672
43155,0.037188208616780044
43156,0.2184936614466816
43157,0.037188208616780044
43158,0.037188208616780044
43159,0.09319125880440672
43160,0.037188208616780044
43161,0.7655172413793103
43162,0.2184936614466816
43163,0.037188208616780044
43164,0.6104928457869634
43165,0.4111776447105788
43166,0.6104928457869634
43167,0.09319125880440672
43168,0.09319125880440672
43169,0.09156193895870736
43170,0.037188208616780044
43171,0.13432835820895522
43172,0.037188208616780044
43173,0.037188208616780044
43174,0.09319125880440672
43175,0.17964071856287425
43176,0.037188208616780044
43177,0.09319125880440672
43178,0.4111776447105788
43179,0.0189873417721519
43180,0.17964071856287425
43181,0.42776203966005666
43182,0.09319125880440672
43183,0.17964071856287425
43184,0.13432835820895522
43185,0.09319125880440672
43186,0.09319125880440672
43187,0.4111776447105788
43188,0.09319125880440672
43189,0.13432835820895522
43190,0.7655172413793103
43191,0.037188208616780044
43192,0.7655172413793103
43193,0.13432835820895522
43194,0.09319125880440672
43195,0.09319125880440672
43196,0.13432835820895522
43197,0.7655172413793103
43198,0.7521739130434782
43199,0.17391304347826086
43200,0.09319125880440672
43201,0.09319125880440672
43202,0.037188208616780044
43203,0.037188208616780044
43204,0.09319125880440672
43205,0.4111776447105788
43206,0.4111776447105788
43207,0.09319125880440672
43208,0.09319125880440672
43209,0.6104928457869634
43210,0.3763440860215054
43211,0.17964071856287425
43212,0.038461538461538464
43213,0.09319125880440672
43214,0.09319125880440672
43215,0.09319125880440672
43216,0.27807486631016043
43217,0.13432835820895522
43218,0.6104928457869634
43219,0.09319125880440672
43220,0.09319125880440672
43221,0.17391304347826086
43222,0.2184936614466816
43223,0.4111776447105788
43224,0.4111776447105788
43225,0.13432835820895522
43226,0.6805251641137856
43227,0.27807486631016043
43228,0.09319125880440672
43229,0.8938547486033519
43230,0.7655172413793103
43231,0.09156193895870736
43232,0.037188208616780044
43233,0.17964071856287425
43234,0.09319125880440672
43235,0.7521739130434782
43236,0.2184936614466816
43237,0.2184936614466816
43238,0.17964071856287425
43239,0.6104928457869634
43240,0.037188208616780044
43241,0.42776203966005666
43242,0.09319125880440672
43243,0.037188208616780044
43244,0.09319125880440672
43245,0.037188208616780044
43246,0.09319125880440672
43247,0.037188208616780044
43248,0.17964071856287425
43249,0.037188208616780044
43250,0.09319125880440672
43251,0.3763440860215054
43252,0.037188208616780044
43253,0.13432835820895522
43254,0.11239193083573487
43255,0.09319125880440672
43256,0.037188208616780044
43257,0.13432835820895522
43258,0.037188208616780044
43259,0.09319125880440672
43260,0.8938547486033519
43261,0.26552462526766596
43262,0.037188208616780044
43263,0.09319125880440672
43264,0.17964071856287425
43265,0.4111776447105788
43266,0.037188208616780044
43267,0.09319125880440672
43268,0.48520710059171596
43269,0.09319125880440672
43270,0.8103448275862069
43271,0.4111776447105788
43272,0.2184936614466816
43273,0.26552462526766596
43274,0.3958333333333333
43275,0.037188208616780044
43276,0.17964071856287425
43277,0.037188208616780044
43278,0.09319125880440672
43279,0.037188208616780044
43280,0.2184936614466816
43281,0.4111776447105788
43282,0.6104928457869634
43283,0.037188208616780044
43284,0.27807486631016043
43285,0.09319125880440672
43286,0.6104928457869634
43287,0.4111776447105788
43288,0.11239193083573487
43289,0.037188208616780044
43290,0.2184936614466816
43291,0.6805251641137856
43292,0.4111776447105788
43293,0.037188208616780044
43294,0.037188208616780044
43295,0.037188208616780044
43296,0.17964071856287425
43297,0.2184936614466816
43298,0.4111776447105788
43299,0.17964071856287425
43300,0.17964071856287425
43301,0.0189873417721519
43302,0.037188208616780044
43303,0.037188208616780044
43304,0.037188208616780044
43305,0.09319125880440672
43306,0.0189873417721519
43307,0.037188208616780044
43308,0.6104928457869634
43309,0.09319125880440672
43310,0.42776203966005666
43311,0.0189873417721519
43312,0.09319125880440672
43313,0.09319125880440672
43314,0.037188208616780044
43315,0.2184936614466816
43316,0.6805251641137856
43317,0.037188208616780044
43318,0.037188208616780044
43319,0.09156193895870736
43320,0.6104928457869634
43321,0.037188208616780044
43322,0.037188208616780044
43323,0.42776203966005666
43324,0.037188208616780044
43325,0.0189873417721519
43326,0.037188208616780044
43327,0.037188208616780044
43328,0.7655172413793103
43329,0.42776203966005666
43330,0.09319125880440672
43331,0.42776203966005666
43332,0.17964071856287425
43333,0.09319125880440672
43334,0.037188208616780044
43335,0.13432835820895522
43336,0.09156193895870736
43337,0.13432835820895522
43338,0.17964071856287425
43339,0.09319125880440672
43340,0.11239193083573487
43341,0.037188208616780044
43342,0.0189873417721519
43343,0.11239193083573487
43344,0.09319125880440672
43345,0.09319125880440672
43346,0.09319125880440672
43347,0.09319125880440672
43348,0.09319125880440672
43349,0.8938547486033519
43350,0.8938547486033519
43351,0.26552462526766596
43352,0.09319125880440672
43353,0.17964071856287425
43354,0.037188208616780044
43355,0.09319125880440672
43356,0.09319125880440672
43357,0.09319125880440672
43358,0.17964071856287425
43359,0.48520710059171596
43360,0.09319125880440672
43361,0.42776203966005666
43362,0.13432835820895522
43363,0.2184936614466816
43364,0.4111776447105788
43365,0.037188208616780044
43366,0.09319125880440672
43367,0.6805251641137856
43368,0.037188208616780044
43369,0.11239193083573487
43370,0.7655172413793103
43371,0.09319125880440672
43372,0.17964071856287425
43373,0.2184936614466816
43374,0.09319125880440672
43375,0.037188208616780044
43376,0.09319125880440672
43377,0.037188208616780044
43378,0.037188208616780044
43379,0.4698275862068966
43380,0.037188208616780044
43381,0.037188208616780044
43382,0.2184936614466816
43383,0.037188208616780044
43384,0.09319125880440672
43385,0.09319125880440672
43386,0.037188208616780044
43387,0.09319125880440672
43388,0.8103448275862069
43389,0.13432835820895522
43390,0.2184936614466816
43391,0.13432835820895522
43392,0.037188208616780044
43393,0.037188208616780044
43394,0.037188208616780044
43395,0.17964071856287425
43396,0.09319125880440672
43397,0.2184936614466816
43398,0.09319125880440672
43399,0.13432835820895522
43400,0.037188208616780044
43401,0.17964071856287425
43402,0.037188208616780044
43403,0.09319125880440672
43404,0.4111776447105788
43405,0.09319125880440672
43406,0.6104928457869634
43407,0.7655172413793103
43408,0.8938547486033519
43409,0.4698275862068966
43410,0.09319125880440672
43411,0.09319125880440672
43412,0.09319125880440672
43413,0.09156193895870736
43414,0.037188208616780044
43415,0.4797297297297297
43416,0.27807486631016043
43417,0.27807486631016043
43418,0.038461538461538464
43419,0.17964071856287425
43420,0.09319125880440672
43421,0.26552462526766596
43422,0.037188208616780044
43423,0.09319125880440672
43424,0.09319125880440672
43425,0.09319125880440672
43426,0.6104928457869634
43427,0.09319125880440672
43428,0.7655172413793103
43429,0.7655172413793103
43430,0.17964071856287425
43431,0.09319125880440672
43432,0.26552462526766596
43433,0.037188208616780044
43434,0.09319125880440672
43435,0.037188208616780044
43436,0.48520710059171596
43437,0.2184936614466816
43438,0.4111776447105788
43439,0.17391304347826086
43440,0.12796208530805686
43441,0.09319125880440672
43442,0.037188208616780044
43443,0.17964071856287425
43444,0.09319125880440672
43445,0.7521739130434782
43446,0.09319125880440672
43447,0.09319125880440672
43448,0.11239193083573487
43449,0.037188208616780044
43450,0.4698275862068966
43451,0.037188208616780044
43452,0.09319125880440672
43453,0.48520710059171596
43454,0.09319125880440672
43455,0.42776203966005666
43456,0.3958333333333333
43457,0.09319125880440672
43458,0.6104928457869634
43459,0.09319125880440672
43460,0.6805251641137856
43461,0.09156193895870736
43462,0.09319125880440672
43463,0.17391304347826086
43464,0.0189873417721519
43465,0.037188208616780044
43466,0.26552462526766596
43467,0.26552462526766596
43468,0.2184936614466816
43469,0.17391304347826086
43470,0.26552462526766596
43471,0.4111776447105788
43472,0.2184936614466816
43473,0.037188208616780044
43474,0.0189873417721519
43475,0.09319125880440672
43476,0.09319125880440672
43477,0.09156193895870736
43478,0.4111776447105788
43479,0.17964071856287425
43480,0.037188208616780044
43481,0.037188208616780044
43482,0.6104928457869634
43483,0.2184936614466816
43484,0.037188208616780044
43485,0.037188208616780044
43486,0.2184936614466816
43487,0.13432835820895522
43488,0.6104928457869634
43489,0.13432835820895522
43490,0.2184936614466816
43491,0.4111776447105788
43492,0.2184936614466816
43493,0.09319125880440672
43494,0.13432835820895522
43495,0.09319125880440672
43496,0.037188208616780044
43497,0.2184936614466816
43498,0.4111776447105788
43499,0.6805251641137856
43500,0.09319125880440672
43501,0.09319125880440672
43502,0.17391304347826086
43503,0.09319125880440672
43504,0.09319125880440672
43505,0.09319125880440672
43506,0.2184936614466816
43507,0.037188208616780044
43508,0.037188208616780044
43509,0.4111776447105788
43510,0.5738636363636364
43511,0.037188208616780044
43512,0.4797297297297297
43513,0.27807486631016043
43514,0.2184936614466816
43515,0.09319125880440672
43516,0.7655172413793103
43517,0.037188208616780044
43518,0.037188208616780044
43519,0.037188208616780044
43520,0.2184936614466816
43521,0.09319125880440672
43522,0.037188208616780044
43523,0.09319125880440672
43524,0.4111776447105788
43525,0.2184936614466816
43526,0.0189873417721519
43527,0.09319125880440672
43528,0.037188208616780044
43529,0.2184936614466816
43530,0.4111776447105788
43531,0.09156193895870736
43532,0.037188208616780044
43533,0.09319125880440672
43534,0.26552462526766596
43535,0.6104928457869634
43536,0.037188208616780044
43537,0.4797297297297297
43538,0.17964071856287425
43539,0.4111776447105788
43540,0.2184936614466816
43541,0.7655172413793103
43542,0.2184936614466816
43543,0.038461538461538464
43544,0.4787234042553192
43545,0.4111776447105788
43546,0.037188208616780044
43547,0.037188208616780044
43548,0.13432835820895522
43549,0.037188208616780044
43550,0.09319125880440672
43551,0.09319125880440672
43552,0.6805251641137856
43553,0.2184936614466816
43554,0.09156193895870736
43555,0.09319125880440672
43556,0.3958333333333333
43557,0.42776203966005666
43558,0.09319125880440672
43559,0.09156193895870736
43560,0.11239193083573487
43561,0.6805251641137856
43562,0.09319125880440672
43563,0.09319125880440672
43564,0.0189873417721519
43565,0.4797297297297297
43566,0.17964071856287425
43567,0.09319125880440672
43568,0.4111776447105788
43569,0.7655172413793103
43570,0.09319125880440672
43571,0.09319125880440672
43572,0.037188208616780044
43573,0.09319125880440672
43574,0.6104928457869634
43575,0.09319125880440672
43576,0.09319125880440672
43577,0.09319125880440672
43578,0.037188208616780044
43579,0.09319125880440672
43580,0.09319125880440672
43581,0.4111776447105788
43582,0.4698275862068966
43583,0.037188208616780044
43584,0.09319125880440672
43585,0.037188208616780044
43586,0.037188208616780044
43587,0.09319125880440672
43588,0.6104928457869634
43589,0.12796208530805686
43590,0.2184936614466816
43591,0.09319125880440672
43592,0.09319125880440672
43593,0.27807486631016043
43594,0.037188208616780044
43595,0.4698275862068966
43596,0.037188208616780044
43597,0.6805251641137856
43598,0.27807486631016043
43599,0.8938547486033519
43600,0.037188208616780044
43601,0.09319125880440672
43602,0.09319125880440672
43603,0.0189873417721519
43604,0.09319125880440672
43605,0.037188208616780044
43606,0.13432835820895522
43607,0.037188208616780044
43608,0.4111776447105788
43609,0.6805251641137856
43610,0.42776203966005666
43611,0.6104928457869634
43612,0.09319125880440672
43613,0.3763440860215054
43614,0.17964071856287425
43615,0.3958333333333333
43616,0.4111776447105788
43617,0.4111776447105788
43618,0.037188208616780044
43619,0.3763440860215054
43620,0.4111776447105788
43621,0.09319125880440672
43622,0.26552462526766596
43623,0.13432835820895522
43624,0.09319125880440672
43625,0.26552462526766596
43626,0.09319125880440672
43627,0.037188208616780044
43628,0.42776203966005666
43629,0.037188208616780044
43630,0.09319125880440672
43631,0.26552462526766596
43632,0.13432835820895522
43633,0.2184936614466816
43634,0.42776203966005666
43635,0.48520710059171596
43636,0.09319125880440672
43637,0.4787234042553192
43638,0.17964071856287425
43639,0.17391304347826086
43640,0.09319125880440672
43641,0.09319125880440672
43642,0.037188208616780044
43643,0.037188208616780044
43644,0.2184936614466816
43645,0.11239193083573487
43646,0.037188208616780044
43647,0.09319125880440672
43648,0.3763440860215054
43649,0.48520710059171596
43650,0.09156193895870736
43651,0.6104928457869634
43652,0.09319125880440672
43653,0.6104928457869634
43654,0.13432835820895522
43655,0.037188208616780044
43656,0.09319125880440672
43657,0.13432835820895522
43658,0.0189873417721519
43659,0.0189873417721519
43660,0.09319125880440672
43661,0.4111776447105788
43662,0.7655172413793103
43663,0.09156193895870736
43664,0.8938547486033519
43665,0.09156193895870736
43666,0.037188208616780044
43667,0.09319125880440672
43668,0.5738636363636364
43669,0.13432835820895522
43670,0.42776203966005666
43671,0.037188208616780044
43672,0.09319125880440672
43673,0.09319125880440672
43674,0.09319125880440672
43675,0.037188208616780044
43676,0.2184936614466816
43677,0.037188208616780044
43678,0.09319125880440672
43679,0.09319125880440672
43680,0.2184936614466816
43681,0.2184936614466816
43682,0.09156193895870736
43683,0.037188208616780044
43684,0.6805251641137856
43685,0.17964071856287425
43686,0.4111776447105788
43687,0.09319125880440672
43688,0.4111776447105788
43689,0.037188208616780044
43690,0.09319125880440672
43691,0.2184936614466816
43692,0.038461538461538464
43693,0.6805251641137856
43694,0.09319125880440672
43695,0.4111776447105788
43696,0.09319125880440672
43697,0.09319125880440672
43698,0.09319125880440672
43699,0.09319125880440672
43700,0.4698275862068966
43701,0.26552462526766596
43702,0.09319125880440672
43703,0.26552462526766596
43704,0.037188208616780044
43705,0.09319125880440672
43706,0.09319125880440672
43707,0.09156193895870736
43708,0.09319125880440672
43709,0.42776203966005666
43710,0.09319125880440672
43711,0.038461538461538464
43712,0.4698275862068966
43713,0.09319125880440672
43714,0.037188208616780044
43715,0.09319125880440672
43716,0.4797297297297297
43717,0.09319125880440672
43718,0.037188208616780044
43719,0.09156193895870736
43720,0.4111776447105788
43721,0.4111776447105788
43722,0.09319125880440672
43723,0.4111776447105788
43724,0.037188208616780044
43725,0.09319125880440672
43726,0.27807486631016043
43727,0.13432835820895522
43728,0.13432835820895522
43729,0.7655172413793103
43730,0.09319125880440672
43731,0.8938547486033519
43732,0.037188208616780044
43733,0.037188208616780044
43734,0.09319125880440672
43735,0.09319125880440672
43736,0.09319125880440672
43737,0.2184936614466816
43738,0.7655172413793103
43739,0.09319125880440672
43740,0.2184936614466816
43741,0.037188208616780044
43742,0.4111776447105788
43743,0.6805251641137856
43744,0.17964071856287425
43745,0.7655172413793103
43746,0.4111776447105788
43747,0.09156193895870736
43748,0.09319125880440672
43749,0.27807486631016043
43750,0.12796208530805686
43751,0.6104928457869634
43752,0.2184936614466816
43753,0.09319125880440672
43754,0.42776203966005666
43755,0.09319125880440672
43756,0.037188208616780044
43757,0.09319125880440672
43758,0.09319125880440672
43759,0.037188208616780044
43760,0.42776203966005666
43761,0.6104928457869634
43762,0.09319125880440672
43763,0.8103448275862069
43764,0.037188208616780044
43765,0.2184936614466816
43766,0.037188208616780044
43767,0.4111776447105788
43768,0.09319125880440672
43769,0.0189873417721519
43770,0.7521739130434782
43771,0.6805251641137856
43772,0.037188208616780044
43773,0.11239193083573487
43774,0.11239193083573487
43775,0.4111776447105788
43776,0.09319125880440672
43777,0.09319125880440672
43778,0.2184936614466816
43779,0.26552462526766596
43780,0.13432835820895522
43781,0.0189873417721519
43782,0.17964071856287425
43783,0.17964071856287425
43784,0.09319125880440672
43785,0.42776203966005666
43786,0.6104928457869634
43787,0.7655172413793103
43788,0.3763440860215054
43789,0.09319125880440672
43790,0.037188208616780044
43791,0.09319125880440672
43792,0.13432835820895522
43793,0.037188208616780044
43794,0.4797297297297297
43795,0.09319125880440672
43796,0.6805251641137856
43797,0.09319125880440672
43798,0.4111776447105788
43799,0.3763440860215054
43800,0.09319125880440672
43801,0.037188208616780044
43802,0.13432835820895522
43803,0.037188208616780044
43804,0.26552462526766596
43805,0.17964071856287425
43806,0.17964071856287425
43807,0.48520710059171596
43808,0.09319125880440672
43809,0.037188208616780044
43810,0.09319125880440672
43811,0.4111776447105788
43812,0.09319125880440672
43813,0.8103448275862069
43814,0.2184936614466816
43815,0.17964071856287425
43816,0.2184936614466816
43817,0.09156193895870736
43818,0.037188208616780044
43819,0.09319125880440672
43820,0.09319125880440672
43821,0.09319125880440672
43822,0.2184936614466816
43823,0.037188208616780044
43824,0.4111776447105788
43825,0.037188208616780044
43826,0.17964071856287425
43827,0.0189873417721519
43828,0.4698275862068966
43829,0.037188208616780044
43830,0.09319125880440672
43831,0.09319125880440672
43832,0.038461538461538464
43833,0.09319125880440672
43834,0.037188208616780044
43835,0.42776203966005666
43836,0.037188208616780044
43837,0.09319125880440672
43838,0.4787234042553192
43839,0.037188208616780044
43840,0.037188208616780044
43841,0.4111776447105788
43842,0.17964071856287425
43843,0.17964071856287425
43844,0.26552462526766596
43845,0.037188208616780044
43846,0.2184936614466816
43847,0.09319125880440672
43848,0.42776203966005666
43849,0.037188208616780044
43850,0.42776203966005666
43851,0.037188208616780044
43852,0.11239193083573487
43853,0.09319125880440672
43854,0.09319125880440672
43855,0.7655172413793103
43856,0.2184936614466816
43857,0.037188208616780044
43858,0.6805251641137856
43859,0.037188208616780044
43860,0.09156193895870736
43861,0.7655172413793103
43862,0.5738636363636364
43863,0.037188208616780044
43864,0.09319125880440672
43865,0.3763440860215054
43866,0.037188208616780044
43867,0.037188208616780044
43868,0.2184936614466816
43869,0.6805251641137856
43870,0.12796208530805686
43871,0.037188208616780044
43872,0.11239193083573487
43873,0.09319125880440672
43874,0.09319125880440672
43875,0.09319125880440672
43876,0.2184936614466816
43877,0.09319125880440672
43878,0.09156193895870736
43879,0.09156193895870736
43880,0.037188208616780044
43881,0.2184936614466816
43882,0.17964071856287425
43883,0.037188208616780044
43884,0.7655172413793103
43885,0.037188208616780044
43886,0.09319125880440672
43887,0.09319125880440672
43888,0.09319125880440672
43889,0.6805251641137856
43890,0.4698275862068966
43891,0.27807486631016043
43892,0.2184936614466816
43893,0.7655172413793103
43894,0.09319125880440672
43895,0.7655172413793103
43896,0.17964071856287425
43897,0.17964071856287425
43898,0.09319125880440672
43899,0.09319125880440672
43900,0.11239193083573487
43901,0.037188208616780044
43902,0.037188208616780044
43903,0.09319125880440672
43904,0.09319125880440672
43905,0.2184936614466816
43906,0.09319125880440672
43907,0.037188208616780044
43908,0.09156193895870736
43909,0.17964071856287425
43910,0.4111776447105788
43911,0.037188208616780044
43912,0.17964071856287425
43913,0.09319125880440672
43914,0.09319125880440672
43915,0.6805251641137856
43916,0.037188208616780044
43917,0.12796208530805686
43918,0.09156193895870736
43919,0.13432835820895522
43920,0.037188208616780044
43921,0.13432835820895522
43922,0.09319125880440672
43923,0.27807486631016043
43924,0.42776203966005666
43925,0.24324324324324326
43926,0.13432835820895522
43927,0.3958333333333333
43928,0.42776203966005666
43929,0.09319125880440672
43930,0.09319125880440672
43931,0.2184936614466816
43932,0.4111776447105788
43933,0.037188208616780044
43934,0.2184936614466816
43935,0.4111776447105788
43936,0.17964071856287425
43937,0.037188208616780044
43938,0.09319125880440672
43939,0.09319125880440672
43940,0.6104928457869634
43941,0.13432835820895522
43942,0.037188208616780044
43943,0.09319125880440672
43944,0.037188208616780044
43945,0.09319125880440672
43946,0.09319125880440672
43947,0.4111776447105788
43948,0.0189873417721519
43949,0.09319125880440672
43950,0.13432835820895522
43951,0.09319125880440672
43952,0.6104928457869634
43953,0.6805251641137856
43954,0.037188208616780044
43955,0.09319125880440672
43956,0.26552462526766596
43957,0.2184936614466816
43958,0.09156193895870736
43959,0.4787234042553192
43960,0.2184936614466816
43961,0.5738636363636364
43962,0.09319125880440672
43963,0.4111776447105788
43964,0.11239193083573487
43965,0.037188208616780044
43966,0.26552462526766596
43967,0.037188208616780044
43968,0.13432835820895522
43969,0.09319125880440672
43970,0.09319125880440672
43971,0.09319125880440672
43972,0.037188208616780044
43973,0.09319125880440672
43974,0.2184936614466816
43975,0.3958333333333333
43976,0.037188208616780044
43977,0.037188208616780044
43978,0.09319125880440672
43979,0.09319125880440672
43980,0.037188208616780044
43981,0.2184936614466816
43982,0.09319125880440672
43983,0.09319125880440672
43984,0.17964071856287425
43985,0.09319125880440672
43986,0.3958333333333333
43987,0.27807486631016043
43988,0.09319125880440672
43989,0.037188208616780044
43990,0.13432835820895522
43991,0.17391304347826086
43992,0.037188208616780044
43993,0.7655172413793103
43994,0.037188208616780044
43995,0.037188208616780044
43996,0.037188208616780044
43997,0.4111776447105788
43998,0.5738636363636364
43999,0.09319125880440672
44000,0.6805251641137856
44001,0.7655172413793103
44002,0.037188208616780044
44003,0.09319125880440672
44004,0.037188208616780044
44005,0.037188208616780044
44006,0.037188208616780044
44007,0.09319125880440672
44008,0.09319125880440672
44009,0.0189873417721519
44010,0.038461538461538464
44011,0.11239193083573487
44012,0.17964071856287425
44013,0.17964071856287425
44014,0.13432835820895522
44015,0.2184936614466816
44016,0.2184936614466816
44017,0.037188208616780044
44018,0.09319125880440672
44019,0.7655172413793103
44020,0.17964071856287425
44021,0.4111776447105788
44022,0.09319125880440672
44023,0.09319125880440672
44024,0.09156193895870736
44025,0.09319125880440672
44026,0.13432835820895522
44027,0.4698275862068966
44028,0.42776203966005666
44029,0.037188208616780044
44030,0.2184936614466816
44031,0.26552462526766596
44032,0.09319125880440672
44033,0.09319125880440672
44034,0.09319125880440672
44035,0.09319125880440672
44036,0.09319125880440672
44037,0.2184936614466816
44038,0.037188208616780044
44039,0.13432835820895522
44040,0.5738636363636364
44041,0.037188208616780044
44042,0.4111776447105788
44043,0.037188208616780044
44044,0.037188208616780044
44045,0.6104928457869634
44046,0.42776203966005666
44047,0.6104928457869634
44048,0.8938547486033519
44049,0.2184936614466816
44050,0.09319125880440672
44051,0.6104928457869634
44052,0.038461538461538464
44053,0.037188208616780044
44054,0.037188208616780044
44055,0.6805251641137856
44056,0.037188208616780044
44057,0.48520710059171596
44058,0.09319125880440672
44059,0.2184936614466816
44060,0.4111776447105788
44061,0.09319125880440672
44062,0.037188208616780044
44063,0.09319125880440672
44064,0.4111776447105788
44065,0.09319125880440672
44066,0.037188208616780044
44067,0.2184936614466816
44068,0.2184936614466816
44069,0.037188208616780044
44070,0.7655172413793103
44071,0.037188208616780044
44072,0.6104928457869634
44073,0.09319125880440672
44074,0.7655172413793103
44075,0.09319125880440672
44076,0.12796208530805686
44077,0.09319125880440672
44078,0.13432835820895522
44079,0.6805251641137856
44080,0.7521739130434782
44081,0.8938547486033519
44082,0.09319125880440672
44083,0.6104928457869634
44084,0.12796208530805686
44085,0.2184936614466816
44086,0.13432835820895522
44087,0.037188208616780044
44088,0.09319125880440672
44089,0.17964071856287425
44090,0.2184936614466816
44091,0.0189873417721519
44092,0.037188208616780044
44093,0.17964071856287425
44094,0.17391304347826086
44095,0.09319125880440672
44096,0.037188208616780044
44097,0.6104928457869634
44098,0.09319125880440672
44099,0.7655172413793103
44100,0.26552462526766596
44101,0.037188208616780044
44102,0.09319125880440672
44103,0.42776203966005666
44104,0.037188208616780044
44105,0.037188208616780044
44106,0.09319125880440672
44107,0.4787234042553192
44108,0.09319125880440672
44109,0.09319125880440672
44110,0.037188208616780044
44111,0.037188208616780044
44112,0.12796208530805686
44113,0.17964071856287425
44114,0.7655172413793103
44115,0.037188208616780044
44116,0.037188208616780044
44117,0.037188208616780044
44118,0.09319125880440672
44119,0.09319125880440672
44120,0.4698275862068966
44121,0.09319125880440672
44122,0.037188208616780044
44123,0.6104928457869634
44124,0.26552462526766596
44125,0.037188208616780044
44126,0.17964071856287425
44127,0.09319125880440672
44128,0.037188208616780044
44129,0.0189873417721519
44130,0.13432835820895522
44131,0.09319125880440672
44132,0.037188208616780044
44133,0.037188208616780044
44134,0.2184936614466816
44135,0.2184936614466816
44136,0.17391304347826086
44137,0.037188208616780044
44138,0.09319125880440672
44139,0.4111776447105788
44140,0.13432835820895522
44141,0.09319125880440672
44142,0.09319125880440672
44143,0.09319125880440672
44144,0.09319125880440672
44145,0.6805251641137856
44146,0.4111776447105788
44147,0.17964071856287425
44148,0.09319125880440672
44149,0.0189873417721519
44150,0.09319125880440672
44151,0.2184936614466816
44152,0.09319125880440672
44153,0.037188208616780044
44154,0.037188208616780044
44155,0.12796208530805686
44156,0.037188208616780044
44157,0.037188208616780044
44158,0.42776203966005666
44159,0.037188208616780044
44160,0.037188208616780044
44161,0.038461538461538464
44162,0.7655172413793103
44163,0.037188208616780044
44164,0.7655172413793103
44165,0.09319125880440672
44166,0.037188208616780044
44167,0.17964071856287425
44168,0.4111776447105788
44169,0.13432835820895522
44170,0.09156193895870736
44171,0.17964071856287425
44172,0.037188208616780044
44173,0.11239193083573487
44174,0.6104928457869634
44175,0.037188208616780044
44176,0.13432835820895522
44177,0.09156193895870736
44178,0.037188208616780044
44179,0.6805251641137856
44180,0.09319125880440672
44181,0.4111776447105788
44182,0.26552462526766596
44183,0.7521739130434782
44184,0.09319125880440672
44185,0.7655172413793103
44186,0.12796208530805686
44187,0.26552462526766596
44188,0.037188208616780044
44189,0.037188208616780044
44190,0.037188208616780044
44191,0.0189873417721519
44192,0.09319125880440672
44193,0.09319125880440672
44194,0.09319125880440672
44195,0.17964071856287425
44196,0.09319125880440672
44197,0.037188208616780044
44198,0.09319125880440672
44199,0.17964071856287425
44200,0.09319125880440672
44201,0.09319125880440672
44202,0.037188208616780044
44203,0.12796208530805686
44204,0.2184936614466816
44205,0.42776203966005666
44206,0.42776203966005666
44207,0.037188208616780044
44208,0.26552462526766596
44209,0.037188208616780044
44210,0.17964071856287425
44211,0.42776203966005666
44212,0.4698275862068966
44213,0.2184936614466816
44214,0.09319125880440672
44215,0.17391304347826086
44216,0.09319125880440672
44217,0.13432835820895522
44218,0.037188208616780044
44219,0.037188208616780044
44220,0.09319125880440672
44221,0.038461538461538464
44222,0.17964071856287425
44223,0.037188208616780044
44224,0.037188208616780044
44225,0.09319125880440672
44226,0.17964071856287425
44227,0.13432835820895522
44228,0.2184936614466816
44229,0.4111776447105788
44230,0.17964071856287425
44231,0.09319125880440672
44232,0.13432835820895522
44233,0.42776203966005666
44234,0.038461538461538464
44235,0.037188208616780044
44236,0.42776203966005666
44237,0.037188208616780044
44238,0.0189873417721519
44239,0.13432835820895522
44240,0.037188208616780044
44241,0.7521739130434782
44242,0.4787234042553192
44243,0.09319125880440672
44244,0.09319125880440672
44245,0.037188208616780044
44246,0.4111776447105788
44247,0.12796208530805686
44248,0.4
44249,0.6104928457869634
44250,0.09319125880440672
44251,0.09319125880440672
44252,0.17964071856287425
44253,0.037188208616780044
44254,0.13432835820895522
44255,0.09319125880440672
44256,0.6805251641137856
44257,0.27807486631016043
44258,0.4111776447105788
44259,0.2184936614466816
44260,0.2184936614466816
44261,0.09319125880440672
44262,0.11239193083573487
44263,0.4111776447105788
44264,0.8938547486033519
44265,0.037188208616780044
44266,0.6805251641137856
44267,0.4698275862068966
44268,0.48520710059171596
44269,0.037188208616780044
44270,0.27807486631016043
44271,0.4111776447105788
44272,0.2184936614466816
44273,0.2184936614466816
44274,0.09319125880440672
44275,0.037188208616780044
44276,0.6104928457869634
44277,0.17964071856287425
44278,0.42776203966005666
44279,0.037188208616780044
44280,0.2184936614466816
44281,0.13432835820895522
44282,0.037188208616780044
44283,0.037188208616780044
44284,0.13432835820895522
44285,0.037188208616780044
44286,0.27807486631016043
44287,0.09319125880440672
44288,0.09319125880440672
44289,0.6104928457869634
44290,0.12796208530805686
44291,0.037188208616780044
44292,0.09319125880440672
44293,0.09319125880440672
44294,0.42776203966005666
44295,0.09319125880440672
44296,0.038461538461538464
44297,0.17391304347826086
44298,0.09319125880440672
44299,0.4111776447105788
44300,0.2184936614466816
44301,0.42776203966005666
44302,0.4111776447105788
44303,0.24324324324324326
44304,0.4698275862068966
44305,0.0189873417721519
44306,0.6104928457869634
44307,0.037188208616780044
44308,0.09319125880440672
44309,0.2184936614466816
44310,0.037188208616780044
44311,0.17964071856287425
44312,0.42776203966005666
44313,0.09319125880440672
44314,0.09319125880440672
44315,0.3958333333333333
44316,0.26552462526766596
44317,0.037188208616780044
44318,0.09319125880440672
44319,0.09319125880440672
44320,0.037188208616780044
44321,0.4111776447105788
44322,0.13432835820895522
44323,0.037188208616780044
44324,0.037188208616780044
44325,0.037188208616780044
44326,0.6104928457869634
44327,0.037188208616780044
44328,0.09319125880440672
44329,0.037188208616780044
44330,0.09319125880440672
44331,0.037188208616780044
44332,0.3958333333333333
44333,0.09319125880440672
44334,0.4111776447105788
44335,0.17964071856287425
44336,0.42776203966005666
44337,0.038461538461538464
44338,0.037188208616780044
44339,0.037188208616780044
44340,0.09319125880440672
44341,0.17964071856287425
44342,0.09319125880440672
44343,0.4111776447105788
44344,0.17964071856287425
44345,0.037188208616780044
44346,0.5738636363636364
44347,0.4111776447105788
44348,0.2184936614466816
44349,0.4797297297297297
44350,0.17964071856287425
44351,0.17964071856287425
44352,0.2184936614466816
44353,0.3763440860215054
44354,0.7521739130434782
44355,0.09319125880440672
44356,0.42776203966005666
44357,0.037188208616780044
44358,0.17964071856287425
44359,0.037188208616780044
44360,0.09319125880440672
44361,0.09319125880440672
44362,0.09319125880440672
44363,0.037188208616780044
44364,0.4111776447105788
44365,0.037188208616780044
44366,0.6805251641137856
44367,0.2184936614466816
44368,0.17964071856287425
44369,0.17391304347826086
44370,0.09319125880440672
44371,0.48520710059171596
44372,0.7655172413793103
44373,0.17391304347826086
44374,0.4111776447105788
44375,0.17964071856287425
44376,0.09319125880440672
44377,0.037188208616780044
44378,0.8938547486033519
44379,0.4797297297297297
44380,0.4111776447105788
44381,0.8938547486033519
44382,0.09319125880440672
44383,0.7655172413793103
44384,0.09319125880440672
44385,0.037188208616780044
44386,0.27807486631016043
44387,0.12796208530805686
44388,0.09319125880440672
44389,0.42776203966005666
44390,0.037188208616780044
44391,0.09156193895870736
44392,0.26552462526766596
44393,0.037188208616780044
44394,0.27807486631016043
44395,0.09319125880440672
44396,0.0189873417721519
44397,0.09319125880440672
44398,0.4797297297297297
44399,0.09156193895870736
44400,0.09319125880440672
44401,0.42776203966005666
44402,0.037188208616780044
44403,0.09319125880440672
44404,0.6104928457869634
44405,0.09319125880440672
44406,0.09319125880440672
44407,0.09319125880440672
44408,0.09156193895870736
44409,0.27807486631016043
44410,0.09319125880440672
44411,0.2184936614466816
44412,0.09319125880440672
44413,0.6104928457869634
44414,0.4111776447105788
44415,0.09319125880440672
44416,0.3763440860215054
44417,0.09319125880440672
44418,0.13432835820895522
44419,0.6805251641137856
44420,0.037188208616780044
44421,0.3958333333333333
44422,0.09319125880440672
44423,0.42776203966005666
44424,0.6805251641137856
44425,0.037188208616780044
44426,0.48520710059171596
44427,0.2184936614466816
44428,0.26552462526766596
44429,0.09156193895870736
44430,0.17964071856287425
44431,0.4111776447105788
44432,0.42776203966005666
44433,0.09319125880440672
44434,0.2184936614466816
44435,0.037188208616780044
44436,0.3958333333333333
44437,0.09319125880440672
44438,0.037188208616780044
44439,0.12796208530805686
44440,0.037188208616780044
44441,0.037188208616780044
44442,0.17964071856287425
44443,0.09319125880440672
44444,0.09319125880440672
44445,0.09319125880440672
44446,0.09319125880440672
44447,0.11239193083573487
44448,0.7521739130434782
44449,0.037188208616780044
44450,0.2184936614466816
44451,0.42776203966005666
44452,0.17964071856287425
44453,0.037188208616780044
44454,0.2184936614466816
44455,0.037188208616780044
44456,0.037188208616780044
44457,0.037188208616780044
44458,0.2184936614466816
44459,0.09156193895870736
44460,0.037188208616780044
44461,0.037188208616780044
44462,0.037188208616780044
44463,0.2184936614466816
44464,0.6104928457869634
44465,0.13432835820895522
44466,0.037188208616780044
44467,0.4111776447105788
44468,0.11239193083573487
44469,0.09319125880440672
44470,0.17964071856287425
44471,0.6104928457869634
44472,0.09156193895870736
44473,0.42776203966005666
44474,0.037188208616780044
44475,0.09319125880440672
44476,0.09319125880440672
44477,0.7655172413793103
44478,0.037188208616780044
44479,0.09319125880440672
44480,0.09319125880440672
44481,0.7655172413793103
44482,0.48520710059171596
44483,0.48520710059171596
44484,0.09319125880440672
44485,0.09156193895870736
44486,0.09319125880440672
44487,0.11239193083573487
44488,0.4111776447105788
44489,0.037188208616780044
44490,0.09319125880440672
44491,0.7655172413793103
44492,0.037188208616780044
44493,0.42776203966005666
44494,0.7521739130434782
44495,0.5738636363636364
44496,0.09319125880440672
44497,0.26552462526766596
44498,0.8938547486033519
44499,0.42776203966005666
44500,0.09319125880440672
44501,0.09319125880440672
44502,0.7655172413793103
44503,0.09319125880440672
44504,0.4797297297297297
44505,0.0189873417721519
44506,0.2184936614466816
44507,0.037188208616780044
44508,0.27807486631016043
44509,0.42776203966005666
44510,0.037188208616780044
44511,0.09319125880440672
44512,0.2184936614466816
44513,0.42776203966005666
44514,0.037188208616780044
44515,0.0189873417721519
44516,0.13432835820895522
44517,0.2184936614466816
44518,0.8938547486033519
44519,0.6805251641137856
44520,0.27807486631016043
44521,0.17964071856287425
44522,0.6104928457869634
44523,0.037188208616780044
44524,0.17964071856287425
44525,0.09319125880440672
44526,0.09319125880440672
44527,0.037188208616780044
44528,0.17964071856287425
44529,0.4111776447105788
44530,0.4
44531,0.09319125880440672
44532,0.2184936614466816
44533,0.037188208616780044
44534,0.09319125880440672
44535,0.037188208616780044
44536,0.09319125880440672
44537,0.037188208616780044
44538,0.17964071856287425
44539,0.17391304347826086
44540,0.09319125880440672
44541,0.037188208616780044
44542,0.6104928457869634
44543,0.2184936614466816
44544,0.4111776447105788
44545,0.09156193895870736
44546,0.09319125880440672
44547,0.4111776447105788
44548,0.13432835820895522
44549,0.037188208616780044
44550,0.2184936614466816
44551,0.09319125880440672
44552,0.6104928457869634
44553,0.037188208616780044
44554,0.4111776447105788
44555,0.6104928457869634
44556,0.3958333333333333
44557,0.09319125880440672
44558,0.037188208616780044
44559,0.037188208616780044
44560,0.037188208616780044
44561,0.0189873417721519
44562,0.12796208530805686
44563,0.037188208616780044
44564,0.3958333333333333
44565,0.11239193083573487
44566,0.11239193083573487
44567,0.4787234042553192
44568,0.037188208616780044
44569,0.4111776447105788
44570,0.09319125880440672
44571,0.11239193083573487
44572,0.11239193083573487
44573,0.6104928457869634
44574,0.09319125880440672
44575,0.09319125880440672
44576,0.09319125880440672
44577,0.037188208616780044
44578,0.5738636363636364
44579,0.09319125880440672
44580,0.037188208616780044
44581,0.0189873417721519
44582,0.6805251641137856
44583,0.09319125880440672
44584,0.2184936614466816
44585,0.17964071856287425
44586,0.4787234042553192
44587,0.17964071856287425
44588,0.09319125880440672
44589,0.09319125880440672
44590,0.037188208616780044
44591,0.09319125880440672
44592,0.037188208616780044
44593,0.17964071856287425
44594,0.09319125880440672
44595,0.037188208616780044
44596,0.17964071856287425
44597,0.09319125880440672
44598,0.4787234042553192
44599,0.17964071856287425
44600,0.2184936614466816
44601,0.037188208616780044
44602,0.037188208616780044
44603,0.12796208530805686
44604,0.037188208616780044
44605,0.48520710059171596
44606,0.037188208616780044
44607,0.2184936614466816
44608,0.09319125880440672
44609,0.26552462526766596
44610,0.037188208616780044
44611,0.037188208616780044
44612,0.09319125880440672
44613,0.037188208616780044
44614,0.09319125880440672
44615,0.09319125880440672
44616,0.037188208616780044
44617,0.09319125880440672
44618,0.4787234042553192
44619,0.13432835820895522
44620,0.09319125880440672
44621,0.17964071856287425
44622,0.17964071856287425
44623,0.42776203966005666
44624,0.7655172413793103
44625,0.037188208616780044
44626,0.4111776447105788
44627,0.2184936614466816
44628,0.17964071856287425
44629,0.037188208616780044
44630,0.0189873417721519
44631,0.17964071856287425
44632,0.6104928457869634
44633,0.6104928457869634
44634,0.037188208616780044
44635,0.7655172413793103
44636,0.26552462526766596
44637,0.6104928457869634
44638,0.09319125880440672
44639,0.5738636363636364
44640,0.09319125880440672
44641,0.7655172413793103
44642,0.037188208616780044
44643,0.037188208616780044
44644,0.17964071856287425
44645,0.42776203966005666
44646,0.037188208616780044
44647,0.2184936614466816
44648,0.037188208616780044
44649,0.0189873417721519
44650,0.09319125880440672
44651,0.09156193895870736
44652,0.6104928457869634
44653,0.09319125880440672
44654,0.09319125880440672
44655,0.4787234042553192
44656,0.17964071856287425
44657,0.4111776447105788
44658,0.037188208616780044
44659,0.6104928457869634
44660,0.037188208616780044
44661,0.037188208616780044
44662,0.037188208616780044
44663,0.0189873417721519
44664,0.4698275862068966
44665,0.09319125880440672
44666,0.09156193895870736
44667,0.13432835820895522
44668,0.2184936614466816
44669,0.037188208616780044
44670,0.3763440860215054
44671,0.11239193083573487
44672,0.09156193895870736
44673,0.26552462526766596
44674,0.09319125880440672
44675,0.0189873417721519
44676,0.09319125880440672
44677,0.4111776447105788
44678,0.13432835820895522
44679,0.037188208616780044
44680,0.42776203966005666
44681,0.09319125880440672
44682,0.27807486631016043
44683,0.09156193895870736
44684,0.8938547486033519
44685,0.42776203966005666
44686,0.09319125880440672
44687,0.09319125880440672
44688,0.13432835820895522
44689,0.17391304347826086
44690,0.09156193895870736
44691,0.09156193895870736
44692,0.09319125880440672
44693,0.7521739130434782
44694,0.17964071856287425
44695,0.09156193895870736
44696,0.09319125880440672
44697,0.037188208616780044
44698,0.17964071856287425
44699,0.7655172413793103
44700,0.09319125880440672
44701,0.13432835820895522
44702,0.2184936614466816
44703,0.09319125880440672
44704,0.09319125880440672
44705,0.7655172413793103
44706,0.09319125880440672
44707,0.7521739130434782
44708,0.037188208616780044
44709,0.037188208616780044
44710,0.037188208616780044
44711,0.09319125880440672
44712,0.4111776447105788
44713,0.09319125880440672
44714,0.037188208616780044
44715,0.3958333333333333
44716,0.037188208616780044
44717,0.037188208616780044
44718,0.11239193083573487
44719,0.09319125880440672
44720,0.7655172413793103
44721,0.037188208616780044
44722,0.09319125880440672
44723,0.09319125880440672
44724,0.6104928457869634
44725,0.17964071856287425
44726,0.09319125880440672
44727,0.2184936614466816
44728,0.09319125880440672
44729,0.17391304347826086
44730,0.09319125880440672
44731,0.17964071856287425
44732,0.09156193895870736
44733,0.17964071856287425
44734,0.09319125880440672
44735,0.3763440860215054
44736,0.037188208616780044
44737,0.4111776447105788
44738,0.037188208616780044
44739,0.2184936614466816
44740,0.2184936614466816
44741,0.09156193895870736
44742,0.2184936614466816
44743,0.037188208616780044
44744,0.42776203966005666
44745,0.6805251641137856
44746,0.037188208616780044
44747,0.6104928457869634
44748,0.09319125880440672
44749,0.037188208616780044
44750,0.27807486631016043
44751,0.09319125880440672
44752,0.09319125880440672
44753,0.037188208616780044
44754,0.7655172413793103
44755,0.2184936614466816
44756,0.6805251641137856
44757,0.09319125880440672
44758,0.27807486631016043
44759,0.7655172413793103
44760,0.037188208616780044
44761,0.09319125880440672
44762,0.09319125880440672
44763,0.2184936614466816
44764,0.037188208616780044
44765,0.17964071856287425
44766,0.4111776447105788
44767,0.3763440860215054
44768,0.4698275862068966
44769,0.8938547486033519
44770,0.037188208616780044
44771,0.037188208616780044
44772,0.037188208616780044
44773,0.7521739130434782
44774,0.09319125880440672
44775,0.7655172413793103
44776,0.4111776447105788
44777,0.4111776447105788
44778,0.13432835820895522
44779,0.09319125880440672
44780,0.4698275862068966
44781,0.6104928457869634
44782,0.09319125880440672
44783,0.09319125880440672
44784,0.037188208616780044
44785,0.3763440860215054
44786,0.6104928457869634
44787,0.17964071856287425
44788,0.3958333333333333
44789,0.3763440860215054
44790,0.09319125880440672
44791,0.6805251641137856
44792,0.037188208616780044
44793,0.11239193083573487
44794,0.09319125880440672
44795,0.2184936614466816
44796,0.42776203966005666
44797,0.4111776447105788
44798,0.09319125880440672
44799,0.7655172413793103
44800,0.037188208616780044
44801,0.037188208616780044
44802,0.42776203966005666
44803,0.09319125880440672
44804,0.2184936614466816
44805,0.09319125880440672
44806,0.037188208616780044
44807,0.09319125880440672
44808,0.17391304347826086
44809,0.09319125880440672
44810,0.037188208616780044
44811,0.13432835820895522
44812,0.4787234042553192
44813,0.7655172413793103
44814,0.037188208616780044
44815,0.037188208616780044
44816,0.42776203966005666
44817,0.7655172413793103
44818,0.7655172413793103
44819,0.09319125880440672
44820,0.7655172413793103
44821,0.4111776447105788
44822,0.09156193895870736
44823,0.037188208616780044
44824,0.0189873417721519
44825,0.42776203966005666
44826,0.4111776447105788
44827,0.037188208616780044
44828,0.037188208616780044
44829,0.09319125880440672
44830,0.17964071856287425
44831,0.037188208616780044
44832,0.24324324324324326
44833,0.6805251641137856
44834,0.13432835820895522
44835,0.09319125880440672
44836,0.13432835820895522
44837,0.0189873417721519
44838,0.037188208616780044
44839,0.037188208616780044
44840,0.17964071856287425
44841,0.09319125880440672
44842,0.2184936614466816
44843,0.09319125880440672
44844,0.037188208616780044
44845,0.6104928457869634
44846,0.09319125880440672
44847,0.13432835820895522
44848,0.17391304347826086
44849,0.4698275862068966
44850,0.11239193083573487
44851,0.037188208616780044
44852,0.09319125880440672
44853,0.2184936614466816
44854,0.09319125880440672
44855,0.037188208616780044
44856,0.2184936614466816
44857,0.4698275862068966
44858,0.0189873417721519
44859,0.11239193083573487
44860,0.037188208616780044
44861,0.7521739130434782
44862,0.09319125880440672
44863,0.7521739130434782
44864,0.2184936614466816
44865,0.037188208616780044
44866,0.037188208616780044
44867,0.17964071856287425
44868,0.12796208530805686
44869,0.17964071856287425
44870,0.09319125880440672
44871,0.4111776447105788
44872,0.037188208616780044
44873,0.11239193083573487
44874,0.09156193895870736
44875,0.09319125880440672
44876,0.0189873417721519
44877,0.09156193895870736
44878,0.7655172413793103
44879,0.17964071856287425
44880,0.0189873417721519
44881,0.2184936614466816
44882,0.2184936614466816
44883,0.4698275862068966
44884,0.09319125880440672
44885,0.037188208616780044
44886,0.037188208616780044
44887,0.2184936614466816
44888,0.27807486631016043
44889,0.17964071856287425
44890,0.17964071856287425
44891,0.09319125880440672
44892,0.7655172413793103
44893,0.09319125880440672
44894,0.037188208616780044
44895,0.27807486631016043
44896,0.11239193083573487
44897,0.09319125880440672
44898,0.09319125880440672
44899,0.4111776447105788
44900,0.26552462526766596
44901,0.09319125880440672
44902,0.037188208616780044
44903,0.2184936614466816
44904,0.42776203966005666
44905,0.26552462526766596
44906,0.09319125880440672
44907,0.5738636363636364
44908,0.037188208616780044
44909,0.037188208616780044
44910,0.13432835820895522
44911,0.09319125880440672
44912,0.4111776447105788
44913,0.09319125880440672
44914,0.038461538461538464
44915,0.09319125880440672
44916,0.13432835820895522
44917,0.09319125880440672
44918,0.09319125880440672
44919,0.037188208616780044
44920,0.7655172413793103
44921,0.037188208616780044
44922,0.037188208616780044
44923,0.09319125880440672
44924,0.13432835820895522
44925,0.037188208616780044
44926,0.2184936614466816
44927,0.6104928457869634
44928,0.037188208616780044
44929,0.038461538461538464
44930,0.09319125880440672
44931,0.6104928457869634
44932,0.4111776447105788
44933,0.09156193895870736
44934,0.038461538461538464
44935,0.4787234042553192
44936,0.7521739130434782
44937,0.09319125880440672
44938,0.037188208616780044
44939,0.6805251641137856
44940,0.11239193083573487
44941,0.09319125880440672
44942,0.09319125880440672
44943,0.7655172413793103
44944,0.0189873417721519
44945,0.037188208616780044
44946,0.4111776447105788
44947,0.09319125880440672
44948,0.2184936614466816
44949,0.037188208616780044
44950,0.09319125880440672
44951,0.7655172413793103
44952,0.26552462526766596
44953,0.09156193895870736
44954,0.6104928457869634
44955,0.42776203966005666
44956,0.6104928457869634
44957,0.09156193895870736
44958,0.09319125880440672
44959,0.17964071856287425
44960,0.09319125880440672
44961,0.6805251641137856
44962,0.26552462526766596
44963,0.4111776447105788
44964,0.09319125880440672
44965,0.037188208616780044
44966,0.5738636363636364
44967,0.09319125880440672
44968,0.09319125880440672
44969,0.037188208616780044
44970,0.09319125880440672
44971,0.09319125880440672
44972,0.037188208616780044
44973,0.4111776447105788
44974,0.037188208616780044
44975,0.7521739130434782
44976,0.12796208530805686
44977,0.09319125880440672
44978,0.09319125880440672
44979,0.17964071856287425
44980,0.17964071856287425
44981,0.7655172413793103
44982,0.4698275862068966
44983,0.6805251641137856
44984,0.11239193083573487
44985,0.4787234042553192
44986,0.09319125880440672
44987,0.13432835820895522
44988,0.6104928457869634
44989,0.09319125880440672
44990,0.037188208616780044
44991,0.7655172413793103
44992,0.4111776447105788
44993,0.09319125880440672
44994,0.17964071856287425
44995,0.09319125880440672
44996,0.3763440860215054
44997,0.037188208616780044
44998,0.09319125880440672
44999,0.26552462526766596
45000,0.09156193895870736
45001,0.037188208616780044
45002,0.037188208616780044
45003,0.09319125880440672
45004,0.2184936614466816
45005,0.037188208616780044
45006,0.17964071856287425
45007,0.2184936614466816
45008,0.7655172413793103
45009,0.037188208616780044
45010,0.2184936614466816
45011,0.2184936614466816
45012,0.09319125880440672
45013,0.7655172413793103
45014,0.7655172413793103
45015,0.2184936614466816
45016,0.4797297297297297
45017,0.6104928457869634
45018,0.42776203966005666
45019,0.09319125880440672
45020,0.4797297297297297
45021,0.037188208616780044
45022,0.09319125880440672
45023,0.09319125880440672
45024,0.09319125880440672
45025,0.037188208616780044
45026,0.17964071856287425
45027,0.7655172413793103
45028,0.037188208616780044
45029,0.4111776447105788
45030,0.037188208616780044
45031,0.5738636363636364
45032,0.4111776447105788
45033,0.13432835820895522
45034,0.13432835820895522
45035,0.2184936614466816
45036,0.09319125880440672
45037,0.48520710059171596
45038,0.09319125880440672
45039,0.09319125880440672
45040,0.09319125880440672
45041,0.09319125880440672
45042,0.17964071856287425
45043,0.17964071856287425
45044,0.037188208616780044
45045,0.037188208616780044
45046,0.09319125880440672
45047,0.48520710059171596
45048,0.13432835820895522
45049,0.42776203966005666
45050,0.037188208616780044
45051,0.17391304347826086
45052,0.3958333333333333
45053,0.4111776447105788
45054,0.09319125880440672
45055,0.037188208616780044
45056,0.6805251641137856
45057,0.4787234042553192
45058,0.4111776447105788
45059,0.037188208616780044
45060,0.7521739130434782
45061,0.4111776447105788
45062,0.17964071856287425
45063,0.27807486631016043
45064,0.037188208616780044
45065,0.2184936614466816
45066,0.037188208616780044
45067,0.4787234042553192
45068,0.09319125880440672
45069,0.17964071856287425
45070,0.6805251641137856
45071,0.7521739130434782
45072,0.7521739130434782
45073,0.037188208616780044
45074,0.037188208616780044
45075,0.09319125880440672
45076,0.7655172413793103
45077,0.037188208616780044
45078,0.09156193895870736
45079,0.09156193895870736
45080,0.037188208616780044
45081,0.4111776447105788
45082,0.2184936614466816
45083,0.4
45084,0.09319125880440672
45085,0.5738636363636364
45086,0.09319125880440672
45087,0.037188208616780044
45088,0.6805251641137856
45089,0.09319125880440672
45090,0.037188208616780044
45091,0.7655172413793103
45092,0.7521739130434782
45093,0.17964071856287425
45094,0.3958333333333333
45095,0.037188208616780044
45096,0.037188208616780044
45097,0.09319125880440672
45098,0.09319125880440672
45099,0.09319125880440672
45100,0.037188208616780044
45101,0.09319125880440672
45102,0.17964071856287425
45103,0.0189873417721519
45104,0.17964071856287425
45105,0.3763440860215054
45106,0.13432835820895522
45107,0.09319125880440672
45108,0.13432835820895522
45109,0.48520710059171596
45110,0.6104928457869634
45111,0.09319125880440672
45112,0.17964071856287425
45113,0.13432835820895522
45114,0.42776203966005666
45115,0.09319125880440672
45116,0.12796208530805686
45117,0.037188208616780044
45118,0.09319125880440672
45119,0.09319125880440672
45120,0.17964071856287425
45121,0.4111776447105788
45122,0.2184936614466816
45123,0.09319125880440672
45124,0.17964071856287425
45125,0.09156193895870736
45126,0.0189873417721519
45127,0.09319125880440672
45128,0.09319125880440672
45129,0.0189873417721519
45130,0.09319125880440672
45131,0.13432835820895522
45132,0.037188208616780044
45133,0.0189873417721519
45134,0.09319125880440672
45135,0.2184936614466816
45136,0.4111776447105788
45137,0.037188208616780044
45138,0.037188208616780044
45139,0.09319125880440672
45140,0.037188208616780044
45141,0.17964071856287425
45142,0.27807486631016043
45143,0.17964071856287425
45144,0.13432835820895522
45145,0.09319125880440672
45146,0.2184936614466816
45147,0.037188208616780044
45148,0.26552462526766596
45149,0.17964071856287425
45150,0.2184936614466816
45151,0.7655172413793103
45152,0.09319125880440672
45153,0.42776203966005666
45154,0.11239193083573487
45155,0.09319125880440672
45156,0.8938547486033519
45157,0.7655172413793103
45158,0.17964071856287425
45159,0.037188208616780044
45160,0.09156193895870736
45161,0.4111776447105788
45162,0.27807486631016043
45163,0.5738636363636364
45164,0.7655172413793103
45165,0.037188208616780044
45166,0.12796208530805686
45167,0.09319125880440672
45168,0.09156193895870736
45169,0.037188208616780044
45170,0.2184936614466816
45171,0.09319125880440672
45172,0.037188208616780044
45173,0.17391304347826086
45174,0.037188208616780044
45175,0.5738636363636364
45176,0.7521739130434782
45177,0.037188208616780044
45178,0.6805251641137856
45179,0.13432835820895522
45180,0.09319125880440672
45181,0.09319125880440672
45182,0.09156193895870736
45183,0.09319125880440672
45184,0.17964071856287425
45185,0.12796208530805686
45186,0.09319125880440672
45187,0.037188208616780044
45188,0.09319125880440672
45189,0.11239193083573487
45190,0.037188208616780044
45191,0.09319125880440672
45192,0.037188208616780044
45193,0.09319125880440672
45194,0.09319125880440672
45195,0.7655172413793103
45196,0.6104928457869634
45197,0.6805251641137856
45198,0.09319125880440672
45199,0.17964071856287425
45200,0.09319125880440672
45201,0.2184936614466816
45202,0.037188208616780044
45203,0.2184936614466816
45204,0.09156193895870736
45205,0.09319125880440672
45206,0.037188208616780044
45207,0.09319125880440672
45208,0.42776203966005666
45209,0.7655172413793103
45210,0.09319125880440672
45211,0.0189873417721519
45212,0.42776203966005666
45213,0.42776203966005666
45214,0.4111776447105788
45215,0.7521739130434782
45216,0.42776203966005666
45217,0.4698275862068966
45218,0.13432835820895522
45219,0.09319125880440672
45220,0.7521739130434782
45221,0.09319125880440672
45222,0.037188208616780044
45223,0.6104928457869634
45224,0.037188208616780044
45225,0.17964071856287425
45226,0.17964071856287425
45227,0.037188208616780044
45228,0.037188208616780044
45229,0.42776203966005666
45230,0.4111776447105788
45231,0.09319125880440672
45232,0.17964071856287425
45233,0.13432835820895522
45234,0.2184936614466816
45235,0.037188208616780044
45236,0.7655172413793103
45237,0.037188208616780044
45238,0.4111776447105788
45239,0.09319125880440672
45240,0.037188208616780044
45241,0.5738636363636364
45242,0.037188208616780044
45243,0.09319125880440672
45244,0.0189873417721519
45245,0.2184936614466816
45246,0.13432835820895522
45247,0.48520710059171596
45248,0.037188208616780044
45249,0.037188208616780044
45250,0.037188208616780044
45251,0.037188208616780044
45252,0.24324324324324326
45253,0.6104928457869634
45254,0.4111776447105788
45255,0.037188208616780044
45256,0.09319125880440672
45257,0.09319125880440672
45258,0.6104928457869634
45259,0.037188208616780044
45260,0.037188208616780044
45261,0.037188208616780044
45262,0.6104928457869634
45263,0.11239193083573487
45264,0.11239193083573487
45265,0.6805251641137856
45266,0.4797297297297297
45267,0.09156193895870736
45268,0.27807486631016043
45269,0.13432835820895522
45270,0.09319125880440672
45271,0.09319125880440672
45272,0.0189873417721519
45273,0.17964071856287425
45274,0.09319125880440672
45275,0.42776203966005666
45276,0.09319125880440672
45277,0.17964071856287425
45278,0.037188208616780044
45279,0.17964071856287425
45280,0.09156193895870736
45281,0.09319125880440672
45282,0.09319125880440672
45283,0.2184936614466816
45284,0.4111776447105788
45285,0.09319125880440672
45286,0.09319125880440672
45287,0.037188208616780044
45288,0.09319125880440672
45289,0.4111776447105788
45290,0.17964071856287425
45291,0.17964071856287425
45292,0.09319125880440672
45293,0.037188208616780044
45294,0.09319125880440672
45295,0.09319125880440672
45296,0.09319125880440672
45297,0.09319125880440672
45298,0.4111776447105788
45299,0.09319125880440672
45300,0.2184936614466816
45301,0.0189873417721519
45302,0.26552462526766596
45303,0.09319125880440672
45304,0.09319125880440672
45305,0.09319125880440672
45306,0.42776203966005666
45307,0.4111776447105788
45308,0.6805251641137856
45309,0.09319125880440672
45310,0.037188208616780044
45311,0.17391304347826086
45312,0.17964071856287425
45313,0.09319125880440672
45314,0.3958333333333333
45315,0.2184936614466816
45316,0.42776203966005666
45317,0.4111776447105788
45318,0.11239193083573487
45319,0.09156193895870736
45320,0.6805251641137856
45321,0.6104928457869634
45322,0.09319125880440672
45323,0.6104928457869634
45324,0.037188208616780044
45325,0.09319125880440672
45326,0.7655172413793103
45327,0.09319125880440672
45328,0.4111776447105788
45329,0.7655172413793103
45330,0.2184936614466816
45331,0.42776203966005666
45332,0.17964071856287425
45333,0.17964071856287425
45334,0.17964071856287425
45335,0.09319125880440672
45336,0.6805251641137856
45337,0.4111776447105788
45338,0.26552462526766596
45339,0.2184936614466816
45340,0.09319125880440672
45341,0.09319125880440672
45342,0.037188208616780044
45343,0.3763440860215054
45344,0.6104928457869634
45345,0.09319125880440672
45346,0.037188208616780044
45347,0.42776203966005666
45348,0.037188208616780044
45349,0.09319125880440672
45350,0.09319125880440672
45351,0.26552462526766596
45352,0.09319125880440672
45353,0.037188208616780044
45354,0.13432835820895522
45355,0.13432835820895522
45356,0.6104928457869634
45357,0.7655172413793103
45358,0.037188208616780044
45359,0.09319125880440672
45360,0.09319125880440672
45361,0.09319125880440672
45362,0.09319125880440672
45363,0.037188208616780044
45364,0.037188208616780044
45365,0.6104928457869634
45366,0.42776203966005666
45367,0.09319125880440672
45368,0.4111776447105788
45369,0.2184936614466816
45370,0.037188208616780044
45371,0.09319125880440672
45372,0.6805251641137856
45373,0.09319125880440672
45374,0.037188208616780044
45375,0.4111776447105788
45376,0.09319125880440672
45377,0.2184936614466816
45378,0.09156193895870736
45379,0.42776203966005666
45380,0.5738636363636364
45381,0.2184936614466816
45382,0.037188208616780044
45383,0.42776203966005666
45384,0.2184936614466816
45385,0.4797297297297297
45386,0.5738636363636364
45387,0.2184936614466816
45388,0.2184936614466816
45389,0.037188208616780044
45390,0.13432835820895522
45391,0.17964071856287425
45392,0.09319125880440672
45393,0.17964071856287425
45394,0.2184936614466816
45395,0.27807486631016043
45396,0.42776203966005666
45397,0.2184936614466816
45398,0.2184936614466816
45399,0.037188208616780044
45400,0.09319125880440672
45401,0.09319125880440672
45402,0.038461538461538464
45403,0.6104928457869634
45404,0.037188208616780044
45405,0.17964071856287425
45406,0.0189873417721519
45407,0.26552462526766596
45408,0.4111776447105788
45409,0.17391304347826086
45410,0.037188208616780044
45411,0.2184936614466816
45412,0.0189873417721519
45413,0.09319125880440672
45414,0.09319125880440672
45415,0.09319125880440672
45416,0.6104928457869634
45417,0.11239193083573487
45418,0.0189873417721519
45419,0.037188208616780044
45420,0.0189873417721519
45421,0.3763440860215054
45422,0.09319125880440672
45423,0.17964071856287425
45424,0.09319125880440672
45425,0.27807486631016043
45426,0.3958333333333333
45427,0.11239193083573487
45428,0.037188208616780044
45429,0.12796208530805686
45430,0.037188208616780044
45431,0.4787234042553192
45432,0.037188208616780044
45433,0.037188208616780044
45434,0.4111776447105788
45435,0.5738636363636364
45436,0.037188208616780044
45437,0.09319125880440672
45438,0.17964071856287425
45439,0.6805251641137856
45440,0.11239193083573487
45441,0.09319125880440672
45442,0.09319125880440672
45443,0.2184936614466816
45444,0.0189873417721519
45445,0.037188208616780044
45446,0.7655172413793103
45447,0.11239193083573487
45448,0.09319125880440672
45449,0.09319125880440672
45450,0.037188208616780044
45451,0.037188208616780044
45452,0.09319125880440672
45453,0.037188208616780044
45454,0.6104928457869634
45455,0.09319125880440672
45456,0.09319125880440672
45457,0.6805251641137856
45458,0.037188208616780044
45459,0.48520710059171596
45460,0.17964071856287425
45461,0.2184936614466816
45462,0.2184936614466816
45463,0.17964071856287425
45464,0.09319125880440672
45465,0.6104928457869634
45466,0.4797297297297297
45467,0.037188208616780044
45468,0.2184936614466816
45469,0.037188208616780044
45470,0.09319125880440672
45471,0.2184936614466816
45472,0.13432835820895522
45473,0.037188208616780044
45474,0.2184936614466816
45475,0.17964071856287425
45476,0.09319125880440672
45477,0.09319125880440672
45478,0.4111776447105788
45479,0.09319125880440672
45480,0.09319125880440672
45481,0.4111776447105788
45482,0.037188208616780044
45483,0.09319125880440672
45484,0.038461538461538464
45485,0.7655172413793103
45486,0.037188208616780044
45487,0.09319125880440672
45488,0.09319125880440672
45489,0.09319125880440672
45490,0.3958333333333333
45491,0.037188208616780044
45492,0.09319125880440672
45493,0.09156193895870736
45494,0.13432835820895522
45495,0.13432835820895522
45496,0.4111776447105788
45497,0.09319125880440672
45498,0.26552462526766596
45499,0.037188208616780044
45500,0.7521739130434782
45501,0.27807486631016043
45502,0.42776203966005666
45503,0.3958333333333333
45504,0.6805251641137856
45505,0.09319125880440672
45506,0.037188208616780044
45507,0.0189873417721519
45508,0.2184936614466816
45509,0.09319125880440672
45510,0.09319125880440672
45511,0.11239193083573487
45512,0.09319125880440672
45513,0.8938547486033519
45514,0.17391304347826086
45515,0.037188208616780044
45516,0.11239193083573487
45517,0.7655172413793103
45518,0.2184936614466816
45519,0.0189873417721519
45520,0.037188208616780044
45521,0.4698275862068966
45522,0.09319125880440672
45523,0.09319125880440672
45524,0.5738636363636364
45525,0.037188208616780044
45526,0.037188208616780044
45527,0.7655172413793103
45528,0.13432835820895522
45529,0.12796208530805686
45530,0.7655172413793103
45531,0.09319125880440672
45532,0.8938547486033519
45533,0.037188208616780044
45534,0.7655172413793103
45535,0.0189873417721519
45536,0.037188208616780044
45537,0.17964071856287425
45538,0.5738636363636364
45539,0.037188208616780044
45540,0.037188208616780044
45541,0.09319125880440672
45542,0.037188208616780044
45543,0.4111776447105788
45544,0.0189873417721519
45545,0.17964071856287425
45546,0.4111776447105788
45547,0.7521739130434782
45548,0.26552462526766596
45549,0.037188208616780044
45550,0.09319125880440672
45551,0.09319125880440672
45552,0.09319125880440672
45553,0.09156193895870736
45554,0.09319125880440672
45555,0.037188208616780044
45556,0.09319125880440672
45557,0.09319125880440672
45558,0.09156193895870736
45559,0.13432835820895522
45560,0.0189873417721519
45561,0.09319125880440672
45562,0.42776203966005666
45563,0.42776203966005666
45564,0.6104928457869634
45565,0.17964071856287425
45566,0.037188208616780044
45567,0.09319125880440672
45568,0.42776203966005666
45569,0.17964071856287425
45570,0.037188208616780044
45571,0.5738636363636364
45572,0.037188208616780044
45573,0.09319125880440672
45574,0.13432835820895522
45575,0.6104928457869634
45576,0.09156193895870736
45577,0.09319125880440672
45578,0.3958333333333333
45579,0.037188208616780044
45580,0.6805251641137856
45581,0.26552462526766596
45582,0.2184936614466816
45583,0.09319125880440672
45584,0.42776203966005666
45585,0.4698275862068966
45586,0.2184936614466816
45587,0.13432835820895522
45588,0.0189873417721519
45589,0.09319125880440672
45590,0.09319125880440672
45591,0.09319125880440672
45592,0.037188208616780044
45593,0.037188208616780044
45594,0.09319125880440672
45595,0.09319125880440672
45596,0.037188208616780044
45597,0.48520710059171596
45598,0.037188208616780044
45599,0.26552462526766596
45600,0.09319125880440672
45601,0.6805251641137856
45602,0.037188208616780044
45603,0.09156193895870736
45604,0.13432835820895522
45605,0.037188208616780044
45606,0.09319125880440672
45607,0.037188208616780044
45608,0.7521739130434782
45609,0.17964071856287425
45610,0.26552462526766596
45611,0.09319125880440672
45612,0.09319125880440672
45613,0.48520710059171596
45614,0.4111776447105788
45615,0.8938547486033519
45616,0.13432835820895522
45617,0.42776203966005666
45618,0.09319125880440672
45619,0.13432835820895522
45620,0.4797297297297297
45621,0.13432835820895522
45622,0.26552462526766596
45623,0.09319125880440672
45624,0.09319125880440672
45625,0.037188208616780044
45626,0.2184936614466816
45627,0.09319125880440672
45628,0.037188208616780044
45629,0.5738636363636364
45630,0.4111776447105788
45631,0.11239193083573487
45632,0.17964071856287425
45633,0.4111776447105788
45634,0.17964071856287425
45635,0.037188208616780044
45636,0.09319125880440672
45637,0.4111776447105788
45638,0.17964071856287425
45639,0.037188208616780044
45640,0.09319125880440672
45641,0.13432835820895522
45642,0.09319125880440672
45643,0.11239193083573487
45644,0.7521739130434782
45645,0.2184936614466816
45646,0.037188208616780044
45647,0.6104928457869634
45648,0.037188208616780044
45649,0.42776203966005666
45650,0.4111776447105788
45651,0.26552462526766596
45652,0.12796208530805686
45653,0.4787234042553192
45654,0.42776203966005666
45655,0.7655172413793103
45656,0.0189873417721519
45657,0.42776203966005666
45658,0.09319125880440672
45659,0.09319125880440672
45660,0.2184936614466816
45661,0.09319125880440672
45662,0.13432835820895522
45663,0.09319125880440672
45664,0.4111776447105788
45665,0.09319125880440672
45666,0.037188208616780044
45667,0.42776203966005666
45668,0.09319125880440672
45669,0.8103448275862069
45670,0.09319125880440672
45671,0.11239193083573487
45672,0.037188208616780044
45673,0.2184936614466816
45674,0.17964071856287425
45675,0.037188208616780044
45676,0.42776203966005666
45677,0.037188208616780044
45678,0.037188208616780044
45679,0.09319125880440672
45680,0.09319125880440672
45681,0.13432835820895522
45682,0.09319125880440672
45683,0.13432835820895522
45684,0.17964071856287425
45685,0.17964071856287425
45686,0.2184936614466816
45687,0.037188208616780044
45688,0.7655172413793103
45689,0.037188208616780044
45690,0.26552462526766596
45691,0.42776203966005666
45692,0.09319125880440672
45693,0.037188208616780044
45694,0.09319125880440672
45695,0.09319125880440672
45696,0.6104928457869634
45697,0.17964071856287425
45698,0.037188208616780044
45699,0.09319125880440672
45700,0.17964071856287425
45701,0.7521739130434782
45702,0.27807486631016043
45703,0.6805251641137856
45704,0.4111776447105788
45705,0.0189873417721519
45706,0.09319125880440672
45707,0.09319125880440672
45708,0.037188208616780044
45709,0.2184936614466816
45710,0.037188208616780044
45711,0.037188208616780044
45712,0.8103448275862069
45713,0.037188208616780044
45714,0.42776203966005666
45715,0.09319125880440672
45716,0.037188208616780044
45717,0.037188208616780044
45718,0.037188208616780044
45719,0.09319125880440672
45720,0.037188208616780044
45721,0.17964071856287425
45722,0.7655172413793103
45723,0.17964071856287425
45724,0.09319125880440672
45725,0.6805251641137856
45726,0.42776203966005666
45727,0.4111776447105788
45728,0.13432835820895522
45729,0.12796208530805686
45730,0.17964071856287425
45731,0.0189873417721519
45732,0.2184936614466816
45733,0.2184936614466816
45734,0.2184936614466816
45735,0.09319125880440672
45736,0.09319125880440672
45737,0.09319125880440672
45738,0.09319125880440672
45739,0.17964071856287425
45740,0.4698275862068966
45741,0.13432835820895522
45742,0.037188208616780044
45743,0.037188208616780044
45744,0.3763440860215054
45745,0.2184936614466816
45746,0.42776203966005666
45747,0.09319125880440672
45748,0.037188208616780044
45749,0.17964071856287425
45750,0.4111776447105788
45751,0.26552462526766596
45752,0.2184936614466816
45753,0.09319125880440672
45754,0.09319125880440672
45755,0.11239193083573487
45756,0.17391304347826086
45757,0.7521739130434782
45758,0.7655172413793103
45759,0.3763440860215054
45760,0.037188208616780044
45761,0.6805251641137856
45762,0.09319125880440672
45763,0.6104928457869634
45764,0.09319125880440672
45765,0.17391304347826086
45766,0.17964071856287425
45767,0.7655172413793103
45768,0.037188208616780044
45769,0.17391304347826086
45770,0.8938547486033519
45771,0.037188208616780044
45772,0.42776203966005666
45773,0.037188208616780044
45774,0.2184936614466816
45775,0.4698275862068966
45776,0.3763440860215054
45777,0.09319125880440672
45778,0.09319125880440672
45779,0.037188208616780044
45780,0.037188208616780044
45781,0.11239193083573487
45782,0.037188208616780044
45783,0.0189873417721519
45784,0.17391304347826086
45785,0.09319125880440672
45786,0.42776203966005666
45787,0.2184936614466816
45788,0.5738636363636364
45789,0.037188208616780044
45790,0.4111776447105788
45791,0.037188208616780044
45792,0.11239193083573487
45793,0.11239193083573487
45794,0.7655172413793103
45795,0.09319125880440672
45796,0.037188208616780044
45797,0.09319125880440672
45798,0.5738636363636364
45799,0.3763440860215054
45800,0.037188208616780044
45801,0.4797297297297297
45802,0.6104928457869634
45803,0.09319125880440672
45804,0.17964071856287425
45805,0.42776203966005666
45806,0.42776203966005666
45807,0.09319125880440672
45808,0.13432835820895522
45809,0.037188208616780044
45810,0.17964071856287425
45811,0.2184936614466816
45812,0.4111776447105788
45813,0.2184936614466816
45814,0.5738636363636364
45815,0.42776203966005666
45816,0.7655172413793103
45817,0.037188208616780044
45818,0.27807486631016043
45819,0.2184936614466816
45820,0.09319125880440672
45821,0.037188208616780044
45822,0.037188208616780044
45823,0.09319125880440672
45824,0.13432835820895522
45825,0.037188208616780044
45826,0.42776203966005666
45827,0.2184936614466816
45828,0.12796208530805686
45829,0.09319125880440672
45830,0.2184936614466816
45831,0.09156193895870736
45832,0.27807486631016043
45833,0.09319125880440672
45834,0.6104928457869634
45835,0.09319125880440672
45836,0.48520710059171596
45837,0.09319125880440672
45838,0.09319125880440672
45839,0.0189873417721519
45840,0.09319125880440672
45841,0.09319125880440672
45842,0.2184936614466816
45843,0.17964071856287425
45844,0.42776203966005666
45845,0.6805251641137856
45846,0.7521739130434782
45847,0.037188208616780044
45848,0.17964071856287425
45849,0.6104928457869634
45850,0.09156193895870736
45851,0.27807486631016043
45852,0.2184936614466816
45853,0.13432835820895522
45854,0.6805251641137856
45855,0.09319125880440672
45856,0.09156193895870736
45857,0.09319125880440672
45858,0.24324324324324326
45859,0.09319125880440672
45860,0.48520710059171596
45861,0.6805251641137856
45862,0.6104928457869634
45863,0.037188208616780044
45864,0.037188208616780044
45865,0.42776203966005666
45866,0.09319125880440672
45867,0.17391304347826086
45868,0.09319125880440672
45869,0.09319125880440672
45870,0.09156193895870736
45871,0.09319125880440672
45872,0.6104928457869634
45873,0.2184936614466816
45874,0.2184936614466816
45875,0.037188208616780044
45876,0.7521739130434782
45877,0.2184936614466816
45878,0.09319125880440672
45879,0.2184936614466816
45880,0.2184936614466816
45881,0.48520710059171596
45882,0.037188208616780044
45883,0.037188208616780044
45884,0.42776203966005666
45885,0.4111776447105788
45886,0.09319125880440672
45887,0.7655172413793103
45888,0.7655172413793103
45889,0.2184936614466816
45890,0.0189873417721519
45891,0.037188208616780044
45892,0.7521739130434782
45893,0.6805251641137856
45894,0.12796208530805686
45895,0.11239193083573487
45896,0.09156193895870736
45897,0.037188208616780044
45898,0.09319125880440672
45899,0.09319125880440672
45900,0.4111776447105788
45901,0.42776203966005666
45902,0.09319125880440672
45903,0.09319125880440672
45904,0.09319125880440672
45905,0.24324324324324326
45906,0.6805251641137856
45907,0.09319125880440672
45908,0.17964071856287425
45909,0.4111776447105788
45910,0.09319125880440672
45911,0.2184936614466816
45912,0.4698275862068966
45913,0.037188208616780044
45914,0.09319125880440672
45915,0.037188208616780044
45916,0.4698275862068966
45917,0.4111776447105788
45918,0.037188208616780044
45919,0.17964071856287425
45920,0.6104928457869634
45921,0.4111776447105788
45922,0.09319125880440672
45923,0.09319125880440672
45924,0.13432835820895522
45925,0.6805251641137856
45926,0.09319125880440672
45927,0.17964071856287425
45928,0.7521739130434782
45929,0.5738636363636364
45930,0.09319125880440672
45931,0.17391304347826086
45932,0.037188208616780044
45933,0.27807486631016043
45934,0.2184936614466816
45935,0.09319125880440672
45936,0.17964071856287425
45937,0.09319125880440672
45938,0.09319125880440672
45939,0.2184936614466816
45940,0.09319125880440672
45941,0.037188208616780044
45942,0.09319125880440672
45943,0.09319125880440672
45944,0.037188208616780044
45945,0.6805251641137856
45946,0.09319125880440672
45947,0.09319125880440672
45948,0.6104928457869634
45949,0.037188208616780044
45950,0.7655172413793103
45951,0.09319125880440672
45952,0.09319125880440672
45953,0.09319125880440672
45954,0.4111776447105788
45955,0.09319125880440672
45956,0.4698275862068966
45957,0.11239193083573487
45958,0.8103448275862069
45959,0.11239193083573487
45960,0.2184936614466816
45961,0.8461538461538461
45962,0.09319125880440672
45963,0.037188208616780044
45964,0.4698275862068966
45965,0.09319125880440672
45966,0.09319125880440672
45967,0.09319125880440672
45968,0.2184936614466816
45969,0.09319125880440672
45970,0.09319125880440672
45971,0.26552462526766596
45972,0.037188208616780044
45973,0.09319125880440672
45974,0.13432835820895522
45975,0.4797297297297297
45976,0.09319125880440672
45977,0.8938547486033519
45978,0.09319125880440672
45979,0.09319125880440672
45980,0.7655172413793103
45981,0.8103448275862069
45982,0.7655172413793103
45983,0.037188208616780044
45984,0.037188208616780044
45985,0.6104928457869634
45986,0.8938547486033519
45987,0.037188208616780044
45988,0.037188208616780044
45989,0.17964071856287425
45990,0.037188208616780044
45991,0.09319125880440672
45992,0.037188208616780044
45993,0.7655172413793103
45994,0.037188208616780044
45995,0.17964071856287425
45996,0.4111776447105788
45997,0.6104928457869634
45998,0.7655172413793103
45999,0.09319125880440672
46000,0.8461538461538461
46001,0.2184936614466816
46002,0.17391304347826086
46003,0.09319125880440672
46004,0.09319125880440672
46005,0.09319125880440672
46006,0.037188208616780044
46007,0.6805251641137856
46008,0.17964071856287425
46009,0.09319125880440672
46010,0.4111776447105788
46011,0.26552462526766596
46012,0.26552462526766596
46013,0.17964071856287425
46014,0.09319125880440672
46015,0.09319125880440672
46016,0.09319125880440672
46017,0.037188208616780044
46018,0.4787234042553192
46019,0.4111776447105788
46020,0.09319125880440672
46021,0.2184936614466816
46022,0.27807486631016043
46023,0.037188208616780044
46024,0.13432835820895522
46025,0.09319125880440672
46026,0.17964071856287425
46027,0.4111776447105788
46028,0.037188208616780044
46029,0.09319125880440672
46030,0.4111776447105788
46031,0.037188208616780044
46032,0.48520710059171596
46033,0.4111776447105788
46034,0.09319125880440672
46035,0.037188208616780044
46036,0.13432835820895522
46037,0.037188208616780044
46038,0.13432835820895522
46039,0.09319125880440672
46040,0.037188208616780044
46041,0.037188208616780044
46042,0.037188208616780044
46043,0.6805251641137856
46044,0.4111776447105788
46045,0.09319125880440672
46046,0.037188208616780044
46047,0.7655172413793103
46048,0.4111776447105788
46049,0.2184936614466816
46050,0.4797297297297297
46051,0.037188208616780044
46052,0.7655172413793103
46053,0.037188208616780044
46054,0.7655172413793103
46055,0.09319125880440672
46056,0.26552462526766596
46057,0.037188208616780044
46058,0.037188208616780044
46059,0.8938547486033519
46060,0.09319125880440672
46061,0.037188208616780044
46062,0.09319125880440672
46063,0.09319125880440672
46064,0.09319125880440672
46065,0.037188208616780044
46066,0.037188208616780044
46067,0.037188208616780044
46068,0.26552462526766596
46069,0.11239193083573487
46070,0.4111776447105788
46071,0.09319125880440672
46072,0.4698275862068966
46073,0.17964071856287425
46074,0.17964071856287425
46075,0.09319125880440672
46076,0.09319125880440672
46077,0.13432835820895522
46078,0.09319125880440672
46079,0.4787234042553192
46080,0.0189873417721519
46081,0.27807486631016043
46082,0.09319125880440672
46083,0.09319125880440672
46084,0.4111776447105788
46085,0.17964071856287425
46086,0.17964071856287425
46087,0.037188208616780044
46088,0.27807486631016043
46089,0.2184936614466816
46090,0.037188208616780044
46091,0.7521739130434782
46092,0.4797297297297297
46093,0.09319125880440672
46094,0.037188208616780044
46095,0.2184936614466816
46096,0.09319125880440672
46097,0.037188208616780044
46098,0.09319125880440672
46099,0.4698275862068966
46100,0.6805251641137856
46101,0.13432835820895522
46102,0.09319125880440672
46103,0.6104928457869634
46104,0.09319125880440672
46105,0.037188208616780044
46106,0.037188208616780044
46107,0.6805251641137856
46108,0.13432835820895522
46109,0.27807486631016043
46110,0.037188208616780044
46111,0.7655172413793103
46112,0.17964071856287425
46113,0.037188208616780044
46114,0.2184936614466816
46115,0.4797297297297297
46116,0.037188208616780044
46117,0.27807486631016043
46118,0.037188208616780044
46119,0.26552462526766596
46120,0.11239193083573487
46121,0.7521739130434782
46122,0.037188208616780044
46123,0.037188208616780044
46124,0.09156193895870736
46125,0.2184936614466816
46126,0.17964071856287425
46127,0.26552462526766596
46128,0.6104928457869634
46129,0.4111776447105788
46130,0.0189873417721519
46131,0.09319125880440672
46132,0.0189873417721519
46133,0.09156193895870736
46134,0.09319125880440672
46135,0.2184936614466816
46136,0.037188208616780044
46137,0.4111776447105788
46138,0.09319125880440672
46139,0.037188208616780044
46140,0.7655172413793103
46141,0.09319125880440672
46142,0.42776203966005666
46143,0.09319125880440672
46144,0.09319125880440672
46145,0.0189873417721519
46146,0.09319125880440672
46147,0.4111776447105788
46148,0.7655172413793103
46149,0.09319125880440672
46150,0.4797297297297297
46151,0.037188208616780044
46152,0.037188208616780044
46153,0.09319125880440672
46154,0.17964071856287425
46155,0.7521739130434782
46156,0.037188208616780044
46157,0.17964071856287425
46158,0.6104928457869634
46159,0.2184936614466816
46160,0.4111776447105788
46161,0.09319125880440672
46162,0.09319125880440672
46163,0.09319125880440672
46164,0.09319125880440672
46165,0.2184936614466816
46166,0.09319125880440672
46167,0.4
46168,0.09319125880440672
46169,0.037188208616780044
46170,0.6805251641137856
46171,0.7655172413793103
46172,0.09319125880440672
46173,0.09319125880440672
46174,0.17964071856287425
46175,0.4111776447105788
46176,0.09156193895870736
46177,0.09319125880440672
46178,0.7655172413793103
46179,0.4111776447105788
46180,0.037188208616780044
46181,0.09156193895870736
46182,0.09319125880440672
46183,0.27807486631016043
46184,0.09319125880440672
46185,0.48520710059171596
46186,0.42776203966005666
46187,0.4111776447105788
46188,0.17964071856287425
46189,0.0189873417721519
46190,0.037188208616780044
46191,0.2184936614466816
46192,0.037188208616780044
46193,0.8103448275862069
46194,0.3763440860215054
46195,0.037188208616780044
46196,0.037188208616780044
46197,0.09319125880440672
46198,0.6104928457869634
46199,0.037188208616780044
46200,0.037188208616780044
46201,0.5738636363636364
46202,0.09319125880440672
46203,0.037188208616780044
46204,0.4111776447105788
46205,0.09319125880440672
46206,0.09319125880440672
46207,0.13432835820895522
46208,0.09319125880440672
46209,0.09319125880440672
46210,0.09319125880440672
46211,0.037188208616780044
46212,0.09319125880440672
46213,0.17964071856287425
46214,0.17964071856287425
46215,0.09319125880440672
46216,0.037188208616780044
46217,0.13432835820895522
46218,0.09319125880440672
46219,0.12796208530805686
46220,0.09156193895870736
46221,0.09319125880440672
46222,0.09156193895870736
46223,0.09319125880440672
46224,0.09319125880440672
46225,0.7655172413793103
46226,0.037188208616780044
46227,0.037188208616780044
46228,0.2184936614466816
46229,0.09319125880440672
46230,0.0189873417721519
46231,0.17964071856287425
46232,0.09319125880440672
46233,0.09319125880440672
46234,0.2184936614466816
46235,0.4111776447105788
46236,0.2184936614466816
46237,0.7521739130434782
46238,0.09319125880440672
46239,0.4111776447105788
46240,0.42776203966005666
46241,0.037188208616780044
46242,0.13432835820895522
46243,0.0189873417721519
46244,0.17964071856287425
46245,0.42776203966005666
46246,0.27807486631016043
46247,0.09319125880440672
46248,0.09319125880440672
46249,0.09319125880440672
46250,0.17964071856287425
46251,0.6805251641137856
46252,0.6104928457869634
46253,0.09319125880440672
46254,0.09319125880440672
46255,0.037188208616780044
46256,0.09319125880440672
46257,0.4111776447105788
46258,0.17964071856287425
46259,0.13432835820895522
46260,0.09319125880440672
46261,0.48520710059171596
46262,0.7655172413793103
46263,0.2184936614466816
46264,0.037188208616780044
46265,0.7655172413793103
46266,0.2184936614466816
46267,0.2184936614466816
46268,0.2184936614466816
46269,0.0189873417721519
46270,0.037188208616780044
46271,0.17964071856287425
46272,0.09319125880440672
46273,0.09319125880440672
46274,0.5738636363636364
46275,0.2184936614466816
46276,0.2184936614466816
46277,0.48520710059171596
46278,0.13432835820895522
46279,0.2184936614466816
46280,0.037188208616780044
46281,0.26552462526766596
46282,0.42776203966005666
46283,0.037188208616780044
46284,0.09319125880440672
46285,0.7655172413793103
46286,0.09319125880440672
46287,0.13432835820895522
46288,0.037188208616780044
46289,0.13432835820895522
46290,0.09319125880440672
46291,0.09156193895870736
46292,0.09319125880440672
46293,0.09156193895870736
46294,0.09156193895870736
46295,0.6104928457869634
46296,0.4787234042553192
46297,0.09319125880440672
46298,0.09319125880440672
46299,0.8938547486033519
46300,0.4111776447105788
46301,0.42776203966005666
46302,0.0189873417721519
46303,0.037188208616780044
46304,0.42776203966005666
46305,0.09156193895870736
46306,0.037188208616780044
46307,0.037188208616780044
46308,0.17964071856287425
46309,0.7521739130434782
46310,0.13432835820895522
46311,0.6104928457869634
46312,0.037188208616780044
46313,0.037188208616780044
46314,0.2184936614466816
46315,0.7655172413793103
46316,0.48520710059171596
46317,0.17964071856287425
46318,0.037188208616780044
46319,0.037188208616780044
46320,0.17391304347826086
46321,0.09319125880440672
46322,0.037188208616780044
46323,0.2184936614466816
46324,0.13432835820895522
46325,0.037188208616780044
46326,0.2184936614466816
46327,0.037188208616780044
46328,0.09319125880440672
46329,0.48520710059171596
46330,0.09319125880440672
46331,0.17964071856287425
46332,0.17964071856287425
46333,0.17964071856287425
46334,0.037188208616780044
46335,0.09319125880440672
46336,0.4111776447105788
46337,0.037188208616780044
46338,0.26552462526766596
46339,0.48520710059171596
46340,0.7521739130434782
46341,0.09319125880440672
46342,0.17964071856287425
46343,0.09319125880440672
46344,0.7655172413793103
46345,0.09319125880440672
46346,0.5738636363636364
46347,0.09319125880440672
46348,0.4111776447105788
46349,0.7655172413793103
46350,0.2184936614466816
46351,0.0189873417721519
46352,0.037188208616780044
46353,0.3763440860215054
46354,0.6805251641137856
46355,0.09156193895870736
46356,0.09319125880440672
46357,0.09319125880440672
46358,0.09319125880440672
46359,0.2184936614466816
46360,0.09319125880440672
46361,0.6805251641137856
46362,0.09319125880440672
46363,0.6104928457869634
46364,0.0189873417721519
46365,0.09319125880440672
46366,0.2184936614466816
46367,0.037188208616780044
46368,0.27807486631016043
46369,0.8938547486033519
46370,0.17964071856287425
46371,0.037188208616780044
46372,0.09319125880440672
46373,0.09156193895870736
46374,0.038461538461538464
46375,0.037188208616780044
46376,0.09319125880440672
46377,0.7521739130434782
46378,0.17964071856287425
46379,0.09319125880440672
46380,0.037188208616780044
46381,0.09319125880440672
46382,0.12796208530805686
46383,0.7521739130434782
46384,0.4787234042553192
46385,0.09319125880440672
46386,0.09319125880440672
46387,0.037188208616780044
46388,0.27807486631016043
46389,0.48520710059171596
46390,0.037188208616780044
46391,0.17964071856287425
46392,0.037188208616780044
46393,0.6104928457869634
46394,0.6104928457869634
46395,0.09319125880440672
46396,0.2184936614466816
46397,0.038461538461538464
46398,0.09319125880440672
46399,0.4797297297297297
46400,0.3958333333333333
46401,0.13432835820895522
46402,0.26552462526766596
46403,0.6805251641137856
46404,0.26552462526766596
46405,0.5738636363636364
46406,0.037188208616780044
46407,0.13432835820895522
46408,0.2184936614466816
46409,0.037188208616780044
46410,0.037188208616780044
46411,0.3763440860215054
46412,0.037188208616780044
46413,0.4111776447105788
46414,0.037188208616780044
46415,0.0189873417721519
46416,0.13432835820895522
46417,0.0189873417721519
46418,0.09319125880440672
46419,0.037188208616780044
46420,0.0189873417721519
46421,0.42776203966005666
46422,0.5738636363636364
46423,0.17391304347826086
46424,0.09319125880440672
46425,0.7655172413793103
46426,0.4787234042553192
46427,0.037188208616780044
46428,0.09319125880440672
46429,0.09319125880440672
46430,0.09319125880440672
46431,0.0189873417721519
46432,0.4797297297297297
46433,0.17964071856287425
46434,0.4111776447105788
46435,0.11239193083573487
46436,0.037188208616780044
46437,0.09319125880440672
46438,0.6104928457869634
46439,0.27807486631016043
46440,0.2184936614466816
46441,0.037188208616780044
46442,0.42776203966005666
46443,0.09319125880440672
46444,0.037188208616780044
46445,0.17964071856287425
46446,0.11239193083573487
46447,0.13432835820895522
46448,0.09319125880440672
46449,0.0189873417721519
46450,0.09319125880440672
46451,0.26552462526766596
46452,0.4787234042553192
46453,0.0189873417721519
46454,0.13432835820895522
46455,0.037188208616780044
46456,0.037188208616780044
46457,0.09319125880440672
46458,0.2184936614466816
46459,0.17964071856287425
46460,0.4111776447105788
46461,0.4111776447105788
46462,0.09319125880440672
46463,0.42776203966005666
46464,0.037188208616780044
46465,0.17964071856287425
46466,0.2184936614466816
46467,0.2184936614466816
46468,0.11239193083573487
46469,0.09319125880440672
46470,0.09319125880440672
46471,0.09319125880440672
46472,0.09319125880440672
46473,0.7521739130434782
46474,0.7655172413793103
46475,0.2184936614466816
46476,0.7655172413793103
46477,0.4111776447105788
46478,0.4
46479,0.17964071856287425
46480,0.037188208616780044
46481,0.17964071856287425
46482,0.12796208530805686
46483,0.09319125880440672
46484,0.037188208616780044
46485,0.037188208616780044
46486,0.4111776447105788
46487,0.17964071856287425
46488,0.09319125880440672
46489,0.037188208616780044
46490,0.037188208616780044
46491,0.4111776447105788
46492,0.4111776447105788
46493,0.037188208616780044
46494,0.09319125880440672
46495,0.17964071856287425
46496,0.13432835820895522
46497,0.09319125880440672
46498,0.037188208616780044
46499,0.09319125880440672
46500,0.4698275862068966
46501,0.17964071856287425
46502,0.09319125880440672
46503,0.2184936614466816
46504,0.13432835820895522
46505,0.42776203966005666
46506,0.17964071856287425
46507,0.2184936614466816
46508,0.09319125880440672
46509,0.42776203966005666
46510,0.037188208616780044
46511,0.037188208616780044
46512,0.09319125880440672
46513,0.09319125880440672
46514,0.8938547486033519
46515,0.17964071856287425
46516,0.09156193895870736
46517,0.09156193895870736
46518,0.2184936614466816
46519,0.11239193083573487
46520,0.0189873417721519
46521,0.09319125880440672
46522,0.09319125880440672
46523,0.09319125880440672
46524,0.038461538461538464
46525,0.038461538461538464
46526,0.09319125880440672
46527,0.7655172413793103
46528,0.4111776447105788
46529,0.037188208616780044
46530,0.7655172413793103
46531,0.26552462526766596
46532,0.6104928457869634
46533,0.09156193895870736
46534,0.09319125880440672
46535,0.09319125880440672
46536,0.42776203966005666
46537,0.037188208616780044
46538,0.037188208616780044
46539,0.13432835820895522
46540,0.2184936614466816
46541,0.037188208616780044
46542,0.09319125880440672
46543,0.2184936614466816
46544,0.4111776447105788
46545,0.42776203966005666
46546,0.09319125880440672
46547,0.42776203966005666
46548,0.2184936614466816
46549,0.3958333333333333
46550,0.09319125880440672
46551,0.2184936614466816
46552,0.09319125880440672
46553,0.09319125880440672
46554,0.3763440860215054
46555,0.037188208616780044
46556,0.42776203966005666
46557,0.0189873417721519
46558,0.17964071856287425
46559,0.09319125880440672
46560,0.037188208616780044
46561,0.27807486631016043
46562,0.09319125880440672
46563,0.7655172413793103
46564,0.48520710059171596
46565,0.26552462526766596
46566,0.2184936614466816
46567,0.09319125880440672
46568,0.7655172413793103
46569,0.037188208616780044
46570,0.09319125880440672
46571,0.037188208616780044
46572,0.42776203966005666
46573,0.09319125880440672
46574,0.09319125880440672
46575,0.09319125880440672
46576,0.2184936614466816
46577,0.037188208616780044
46578,0.17964071856287425
46579,0.4111776447105788
46580,0.09319125880440672
46581,0.09319125880440672
46582,0.09319125880440672
46583,0.037188208616780044
46584,0.11239193083573487
46585,0.037188208616780044
46586,0.42776203966005666
46587,0.42776203966005666
46588,0.09319125880440672
46589,0.09319125880440672
46590,0.4111776447105788
46591,0.4698275862068966
46592,0.037188208616780044
46593,0.037188208616780044
46594,0.09319125880440672
46595,0.2184936614466816
46596,0.7521739130434782
46597,0.7655172413793103
46598,0.037188208616780044
46599,0.09319125880440672
46600,0.09319125880440672
46601,0.09319125880440672
46602,0.42776203966005666
46603,0.09319125880440672
46604,0.09319125880440672
46605,0.17964071856287425
46606,0.09319125880440672
46607,0.27807486631016043
46608,0.037188208616780044
46609,0.09319125880440672
46610,0.6104928457869634
46611,0.09319125880440672
46612,0.037188208616780044
46613,0.09319125880440672
46614,0.09319125880440672
46615,0.4698275862068966
46616,0.037188208616780044
46617,0.09319125880440672
46618,0.8938547486033519
46619,0.0189873417721519
46620,0.17964071856287425
46621,0.037188208616780044
46622,0.7521739130434782
46623,0.17964071856287425
46624,0.11239193083573487
46625,0.11239193083573487
46626,0.8938547486033519
46627,0.4787234042553192
46628,0.09319125880440672
46629,0.09156193895870736
46630,0.8103448275862069
46631,0.037188208616780044
46632,0.09319125880440672
46633,0.09319125880440672
46634,0.09319125880440672
46635,0.7521739130434782
46636,0.037188208616780044
46637,0.09319125880440672
46638,0.037188208616780044
46639,0.09319125880440672
46640,0.48520710059171596
46641,0.09319125880440672
46642,0.2184936614466816
46643,0.09319125880440672
46644,0.037188208616780044
46645,0.6805251641137856
46646,0.17964071856287425
46647,0.11239193083573487
46648,0.6805251641137856
46649,0.037188208616780044
46650,0.17964071856287425
46651,0.037188208616780044
46652,0.037188208616780044
46653,0.037188208616780044
46654,0.7521739130434782
46655,0.09319125880440672
46656,0.09319125880440672
46657,0.037188208616780044
46658,0.037188208616780044
46659,0.09319125880440672
46660,0.09319125880440672
46661,0.09319125880440672
46662,0.037188208616780044
46663,0.4111776447105788
46664,0.09319125880440672
46665,0.09156193895870736
46666,0.27807486631016043
46667,0.13432835820895522
46668,0.2184936614466816
46669,0.09319125880440672
46670,0.27807486631016043
46671,0.4111776447105788
46672,0.09319125880440672
46673,0.0189873417721519
46674,0.09319125880440672
46675,0.037188208616780044
46676,0.09319125880440672
46677,0.037188208616780044
46678,0.4698275862068966
46679,0.7655172413793103
46680,0.037188208616780044
46681,0.26552462526766596
46682,0.8938547486033519
46683,0.09319125880440672
46684,0.09319125880440672
46685,0.4698275862068966
46686,0.2184936614466816
46687,0.17391304347826086
46688,0.09156193895870736
46689,0.037188208616780044
46690,0.7655172413793103
46691,0.09319125880440672
46692,0.11239193083573487
46693,0.037188208616780044
46694,0.09319125880440672
46695,0.17391304347826086
46696,0.4111776447105788
46697,0.17964071856287425
46698,0.037188208616780044
46699,0.09319125880440672
46700,0.3958333333333333
46701,0.037188208616780044
46702,0.09319125880440672
46703,0.48520710059171596
46704,0.6805251641137856
46705,0.8938547486033519
46706,0.09319125880440672
46707,0.13432835820895522
46708,0.09319125880440672
46709,0.42776203966005666
46710,0.09319125880440672
46711,0.13432835820895522
46712,0.26552462526766596
46713,0.0189873417721519
46714,0.09319125880440672
46715,0.48520710059171596
46716,0.27807486631016043
46717,0.11239193083573487
46718,0.2184936614466816
46719,0.0189873417721519
46720,0.13432835820895522
46721,0.09319125880440672
46722,0.0189873417721519
46723,0.0189873417721519
46724,0.09319125880440672
46725,0.42776203966005666
46726,0.8938547486033519
46727,0.037188208616780044
46728,0.13432835820895522
46729,0.09319125880440672
46730,0.037188208616780044
46731,0.037188208616780044
46732,0.2184936614466816
46733,0.037188208616780044
46734,0.09319125880440672
46735,0.09319125880440672
46736,0.037188208616780044
46737,0.037188208616780044
46738,0.4698275862068966
46739,0.7655172413793103
46740,0.09319125880440672
46741,0.17964071856287425
46742,0.09319125880440672
46743,0.26552462526766596
46744,0.037188208616780044
46745,0.5738636363636364
46746,0.09319125880440672
46747,0.48520710059171596
46748,0.037188208616780044
46749,0.037188208616780044
46750,0.037188208616780044
46751,0.13432835820895522
46752,0.09319125880440672
46753,0.2184936614466816
46754,0.09319125880440672
46755,0.27807486631016043
46756,0.09319125880440672
46757,0.7655172413793103
46758,0.17964071856287425
46759,0.037188208616780044
46760,0.2184936614466816
46761,0.037188208616780044
46762,0.037188208616780044
46763,0.2184936614466816
46764,0.09319125880440672
46765,0.17964071856287425
46766,0.037188208616780044
46767,0.4111776447105788
46768,0.037188208616780044
46769,0.09319125880440672
46770,0.17391304347826086
46771,0.09319125880440672
46772,0.037188208616780044
46773,0.037188208616780044
46774,0.09319125880440672
46775,0.037188208616780044
46776,0.6104928457869634
46777,0.4797297297297297
46778,0.09319125880440672
46779,0.2184936614466816
46780,0.6805251641137856
46781,0.6104928457869634
46782,0.037188208616780044
46783,0.09319125880440672
46784,0.09319125880440672
46785,0.09319125880440672
46786,0.037188208616780044
46787,0.2184936614466816
46788,0.4111776447105788
46789,0.09319125880440672
46790,0.6104928457869634
46791,0.11239193083573487
46792,0.09319125880440672
46793,0.037188208616780044
46794,0.09319125880440672
46795,0.4111776447105788
46796,0.037188208616780044
46797,0.09319125880440672
46798,0.037188208616780044
46799,0.4
46800,0.3958333333333333
46801,0.17964071856287425
46802,0.13432835820895522
46803,0.7655172413793103
46804,0.038461538461538464
46805,0.09319125880440672
46806,0.13432835820895522
46807,0.6805251641137856
46808,0.09319125880440672
46809,0.8103448275862069
46810,0.27807486631016043
46811,0.038461538461538464
46812,0.037188208616780044
46813,0.037188208616780044
46814,0.2184936614466816
46815,0.038461538461538464
46816,0.09319125880440672
46817,0.2184936614466816
46818,0.09319125880440672
46819,0.09319125880440672
46820,0.09319125880440672
46821,0.09319125880440672
46822,0.6104928457869634
46823,0.0189873417721519
46824,0.09319125880440672
46825,0.09319125880440672
46826,0.09319125880440672
46827,0.0189873417721519
46828,0.09319125880440672
46829,0.09319125880440672
46830,0.2184936614466816
46831,0.037188208616780044
46832,0.4111776447105788
46833,0.09319125880440672
46834,0.4698275862068966
46835,0.6805251641137856
46836,0.09319125880440672
46837,0.037188208616780044
46838,0.26552462526766596
46839,0.037188208616780044
46840,0.4787234042553192
46841,0.037188208616780044
46842,0.0189873417721519
46843,0.2184936614466816
46844,0.09319125880440672
46845,0.13432835820895522
46846,0.09156193895870736
46847,0.7655172413793103
46848,0.27807486631016043
46849,0.17964071856287425
46850,0.5738636363636364
46851,0.48520710059171596
46852,0.2184936614466816
46853,0.17964071856287425
46854,0.09319125880440672
46855,0.09319125880440672
46856,0.2184936614466816
46857,0.11239193083573487
46858,0.09319125880440672
46859,0.09319125880440672
46860,0.09156193895870736
46861,0.09319125880440672
46862,0.13432835820895522
46863,0.09319125880440672
46864,0.037188208616780044
46865,0.2184936614466816
46866,0.2184936614466816
46867,0.09319125880440672
46868,0.26552462526766596
46869,0.037188208616780044
46870,0.2184936614466816
46871,0.037188208616780044
46872,0.037188208616780044
46873,0.09319125880440672
46874,0.037188208616780044
46875,0.48520710059171596
46876,0.09319125880440672
46877,0.037188208616780044
46878,0.0189873417721519
46879,0.7655172413793103
46880,0.2184936614466816
46881,0.26552462526766596
46882,0.038461538461538464
46883,0.037188208616780044
46884,0.037188208616780044
46885,0.037188208616780044
46886,0.09319125880440672
46887,0.09319125880440672
46888,0.3763440860215054
46889,0.037188208616780044
46890,0.09319125880440672
46891,0.037188208616780044
46892,0.7655172413793103
46893,0.037188208616780044
46894,0.037188208616780044
46895,0.09319125880440672
46896,0.09319125880440672
46897,0.6805251641137856
46898,0.4111776447105788
46899,0.037188208616780044
46900,0.42776203966005666
46901,0.09319125880440672
46902,0.09319125880440672
46903,0.7655172413793103
46904,0.037188208616780044
46905,0.037188208616780044
46906,0.09319125880440672
46907,0.09319125880440672
46908,0.09319125880440672
46909,0.09319125880440672
46910,0.038461538461538464
46911,0.17964071856287425
46912,0.0189873417721519
46913,0.17964071856287425
46914,0.13432835820895522
46915,0.5738636363636364
46916,0.037188208616780044
46917,0.4111776447105788
46918,0.037188208616780044
46919,0.17964071856287425
46920,0.11239193083573487
46921,0.13432835820895522
46922,0.09156193895870736
46923,0.037188208616780044
46924,0.2184936614466816
46925,0.09156193895870736
46926,0.09319125880440672
46927,0.037188208616780044
46928,0.037188208616780044
46929,0.09319125880440672
46930,0.09319125880440672
46931,0.09319125880440672
46932,0.17964071856287425
46933,0.6805251641137856
46934,0.09319125880440672
46935,0.09319125880440672
46936,0.11239193083573487
46937,0.09319125880440672
46938,0.037188208616780044
46939,0.4111776447105788
46940,0.037188208616780044
46941,0.17964071856287425
46942,0.17964071856287425
46943,0.7521739130434782
46944,0.4111776447105788
46945,0.037188208616780044
46946,0.037188208616780044
46947,0.3763440860215054
46948,0.2184936614466816
46949,0.037188208616780044
46950,0.26552462526766596
46951,0.037188208616780044
46952,0.037188208616780044
46953,0.4111776447105788
46954,0.17964071856287425
46955,0.037188208616780044
46956,0.7655172413793103
46957,0.3763440860215054
46958,0.42776203966005666
46959,0.037188208616780044
46960,0.0189873417721519
46961,0.09319125880440672
46962,0.037188208616780044
46963,0.42776203966005666
46964,0.09319125880440672
46965,0.09319125880440672
46966,0.2184936614466816
46967,0.2184936614466816
46968,0.8938547486033519
46969,0.037188208616780044
46970,0.037188208616780044
46971,0.17964071856287425
46972,0.8938547486033519
46973,0.6805251641137856
46974,0.6104928457869634
46975,0.09319125880440672
46976,0.2184936614466816
46977,0.09319125880440672
46978,0.037188208616780044
46979,0.037188208616780044
46980,0.4111776447105788
46981,0.037188208616780044
46982,0.037188208616780044
46983,0.0189873417721519
46984,0.7655172413793103
46985,0.4111776447105788
46986,0.13432835820895522
46987,0.09319125880440672
46988,0.09319125880440672
46989,0.09156193895870736
46990,0.2184936614466816
46991,0.2184936614466816
46992,0.7655172413793103
46993,0.09319125880440672
46994,0.09319125880440672
46995,0.09319125880440672
46996,0.09319125880440672
46997,0.037188208616780044
46998,0.09319125880440672
46999,0.09319125880440672
47000,0.17964071856287425
47001,0.09319125880440672
47002,0.17964071856287425
47003,0.037188208616780044
47004,0.037188208616780044
47005,0.09319125880440672
47006,0.037188208616780044
47007,0.037188208616780044
47008,0.13432835820895522
47009,0.037188208616780044
47010,0.09319125880440672
47011,0.09319125880440672
47012,0.0189873417721519
47013,0.42776203966005666
47014,0.4111776447105788
47015,0.2184936614466816
47016,0.42776203966005666
47017,0.09319125880440672
47018,0.42776203966005666
47019,0.038461538461538464
47020,0.2184936614466816
47021,0.2184936614466816
47022,0.09319125880440672
47023,0.09319125880440672
47024,0.037188208616780044
47025,0.4111776447105788
47026,0.09319125880440672
47027,0.09319125880440672
47028,0.2184936614466816
47029,0.7521739130434782
47030,0.037188208616780044
47031,0.09319125880440672
47032,0.2184936614466816
47033,0.037188208616780044
47034,0.4111776447105788
47035,0.09319125880440672
47036,0.09319125880440672
47037,0.42776203966005666
47038,0.0189873417721519
47039,0.037188208616780044
47040,0.4797297297297297
47041,0.42776203966005666
47042,0.037188208616780044
47043,0.4111776447105788
47044,0.09319125880440672
47045,0.09319125880440672
47046,0.11239193083573487
47047,0.09319125880440672
47048,0.42776203966005666
47049,0.09319125880440672
47050,0.17964071856287425
47051,0.09319125880440672
47052,0.4111776447105788
47053,0.037188208616780044
47054,0.2184936614466816
47055,0.3958333333333333
47056,0.037188208616780044
47057,0.8938547486033519
47058,0.42776203966005666
47059,0.09319125880440672
47060,0.6805251641137856
47061,0.17964071856287425
47062,0.09319125880440672
47063,0.09319125880440672
47064,0.17964071856287425
47065,0.09319125880440672
47066,0.7655172413793103
47067,0.09319125880440672
47068,0.4111776447105788
47069,0.2184936614466816
47070,0.11239193083573487
47071,0.8938547486033519
47072,0.09319125880440672
47073,0.26552462526766596
47074,0.4698275862068966
47075,0.42776203966005666
47076,0.2184936614466816
47077,0.2184936614466816
47078,0.6805251641137856
47079,0.037188208616780044
47080,0.09319125880440672
47081,0.037188208616780044
47082,0.7655172413793103
47083,0.09319125880440672
47084,0.17964071856287425
47085,0.7655172413793103
47086,0.7521739130434782
47087,0.037188208616780044
47088,0.09319125880440672
47089,0.11239193083573487
47090,0.13432835820895522
47091,0.09319125880440672
47092,0.09319125880440672
47093,0.09156193895870736
47094,0.4111776447105788
47095,0.13432835820895522
47096,0.2184936614466816
47097,0.09319125880440672
47098,0.4111776447105788
47099,0.09319125880440672
47100,0.09319125880440672
47101,0.09319125880440672
47102,0.09319125880440672
47103,0.17391304347826086
47104,0.09319125880440672
47105,0.037188208616780044
47106,0.037188208616780044
47107,0.17964071856287425
47108,0.11239193083573487
47109,0.13432835820895522
47110,0.2184936614466816
47111,0.09319125880440672
47112,0.17964071856287425
47113,0.17964071856287425
47114,0.037188208616780044
47115,0.037188208616780044
47116,0.13432835820895522
47117,0.2184936614466816
47118,0.09319125880440672
47119,0.09319125880440672
47120,0.0189873417721519
47121,0.12796208530805686
47122,0.09319125880440672
47123,0.037188208616780044
47124,0.13432835820895522
47125,0.7655172413793103
47126,0.13432835820895522
47127,0.037188208616780044
47128,0.42776203966005666
47129,0.037188208616780044
47130,0.13432835820895522
47131,0.09319125880440672
47132,0.3958333333333333
47133,0.037188208616780044
47134,0.09319125880440672
47135,0.17964071856287425
47136,0.42776203966005666
47137,0.09319125880440672
47138,0.6104928457869634
47139,0.09319125880440672
47140,0.09319125880440672
47141,0.09319125880440672
47142,0.2184936614466816
47143,0.037188208616780044
47144,0.037188208616780044
47145,0.11239193083573487
47146,0.13432835820895522
47147,0.037188208616780044
47148,0.17964071856287425
47149,0.17964071856287425
47150,0.7655172413793103
47151,0.26552462526766596
47152,0.09319125880440672
47153,0.09319125880440672
47154,0.3763440860215054
47155,0.037188208616780044
47156,0.4111776447105788
47157,0.037188208616780044
47158,0.12796208530805686
47159,0.7655172413793103
47160,0.09156193895870736
47161,0.09319125880440672
47162,0.4111776447105788
47163,0.09319125880440672
47164,0.2184936614466816
47165,0.037188208616780044
47166,0.42776203966005666
47167,0.4698275862068966
47168,0.09319125880440672
47169,0.09319125880440672
47170,0.13432835820895522
47171,0.4787234042553192
47172,0.4698275862068966
47173,0.09319125880440672
47174,0.037188208616780044
47175,0.037188208616780044
47176,0.13432835820895522
47177,0.037188208616780044
47178,0.2184936614466816
47179,0.09319125880440672
47180,0.42776203966005666
47181,0.09319125880440672
47182,0.037188208616780044
47183,0.037188208616780044
47184,0.2184936614466816
47185,0.7521739130434782
47186,0.2184936614466816
47187,0.09319125880440672
47188,0.09319125880440672
47189,0.13432835820895522
47190,0.09319125880440672
47191,0.09319125880440672
47192,0.09319125880440672
47193,0.037188208616780044
47194,0.6805251641137856
47195,0.4111776447105788
47196,0.12796208530805686
47197,0.037188208616780044
47198,0.4
47199,0.09319125880440672
47200,0.09319125880440672
47201,0.09319125880440672
47202,0.4797297297297297
47203,0.09156193895870736
47204,0.7655172413793103
47205,0.037188208616780044
47206,0.13432835820895522
47207,0.4111776447105788
47208,0.17964071856287425
47209,0.8938547486033519
47210,0.17964071856287425
47211,0.17964071856287425
47212,0.09319125880440672
47213,0.09319125880440672
47214,0.09319125880440672
47215,0.4
47216,0.0189873417721519
47217,0.4787234042553192
47218,0.037188208616780044
47219,0.037188208616780044
47220,0.037188208616780044
47221,0.4111776447105788
47222,0.4
47223,0.7521739130434782
47224,0.09319125880440672
47225,0.17964071856287425
47226,0.037188208616780044
47227,0.09319125880440672
47228,0.17964071856287425
47229,0.09319125880440672
47230,0.48520710059171596
47231,0.4111776447105788
47232,0.48520710059171596
47233,0.3763440860215054
47234,0.0189873417721519
47235,0.09319125880440672
47236,0.17964071856287425
47237,0.42776203966005666
47238,0.42776203966005666
47239,0.6104928457869634
47240,0.4698275862068966
47241,0.26552462526766596
47242,0.26552462526766596
47243,0.09319125880440672
47244,0.3958333333333333
47245,0.48520710059171596
47246,0.17964071856287425
47247,0.0189873417721519
47248,0.09319125880440672
47249,0.2184936614466816
47250,0.09319125880440672
47251,0.26552462526766596
47252,0.4111776447105788
47253,0.09319125880440672
47254,0.09156193895870736
47255,0.4797297297297297
47256,0.037188208616780044
47257,0.09319125880440672
47258,0.2184936614466816
47259,0.037188208616780044
47260,0.6104928457869634
47261,0.037188208616780044
47262,0.09319125880440672
47263,0.09156193895870736
47264,0.037188208616780044
47265,0.037188208616780044
47266,0.0189873417721519
47267,0.037188208616780044
47268,0.037188208616780044
47269,0.11239193083573487
47270,0.037188208616780044
47271,0.09319125880440672
47272,0.09319125880440672
47273,0.2184936614466816
47274,0.09319125880440672
47275,0.4111776447105788
47276,0.7655172413793103
47277,0.4111776447105788
47278,0.037188208616780044
47279,0.4
47280,0.0189873417721519
47281,0.27807486631016043
47282,0.2184936614466816
47283,0.037188208616780044
47284,0.037188208616780044
47285,0.17391304347826086
47286,0.0189873417721519
47287,0.09319125880440672
47288,0.6805251641137856
47289,0.7655172413793103
47290,0.7655172413793103
47291,0.037188208616780044
47292,0.4111776447105788
47293,0.4111776447105788
47294,0.17964071856287425
47295,0.13432835820895522
47296,0.037188208616780044
47297,0.13432835820895522
47298,0.09319125880440672
47299,0.13432835820895522
47300,0.09319125880440672
47301,0.2184936614466816
47302,0.2184936614466816
47303,0.09319125880440672
47304,0.6805251641137856
47305,0.0189873417721519
47306,0.09319125880440672
47307,0.17964071856287425
47308,0.037188208616780044
47309,0.09156193895870736
47310,0.17964071856287425
47311,0.037188208616780044
47312,0.42776203966005666
47313,0.037188208616780044
47314,0.037188208616780044
47315,0.17964071856287425
47316,0.13432835820895522
47317,0.09319125880440672
47318,0.037188208616780044
47319,0.5738636363636364
47320,0.037188208616780044
47321,0.037188208616780044
47322,0.09319125880440672
47323,0.037188208616780044
47324,0.0189873417721519
47325,0.037188208616780044
47326,0.26552462526766596
47327,0.037188208616780044
47328,0.037188208616780044
47329,0.09319125880440672
47330,0.7521739130434782
47331,0.09319125880440672
47332,0.09319125880440672
47333,0.037188208616780044
47334,0.09319125880440672
47335,0.17964071856287425
47336,0.4111776447105788
47337,0.13432835820895522
47338,0.6805251641137856
47339,0.037188208616780044
47340,0.6805251641137856
47341,0.09319125880440672
47342,0.6104928457869634
47343,0.09319125880440672
47344,0.13432835820895522
47345,0.037188208616780044
47346,0.17964071856287425
47347,0.09319125880440672
47348,0.09319125880440672
47349,0.09319125880440672
47350,0.17964071856287425
47351,0.09319125880440672
47352,0.13432835820895522
47353,0.037188208616780044
47354,0.7655172413793103
47355,0.2184936614466816
47356,0.4797297297297297
47357,0.17964071856287425
47358,0.6104928457869634
47359,0.09319125880440672
47360,0.0189873417721519
47361,0.13432835820895522
47362,0.09319125880440672
47363,0.037188208616780044
47364,0.3763440860215054
47365,0.2184936614466816
47366,0.09319125880440672
47367,0.6805251641137856
47368,0.3958333333333333
47369,0.0189873417721519
47370,0.09319125880440672
47371,0.09156193895870736
47372,0.2184936614466816
47373,0.26552462526766596
47374,0.037188208616780044
47375,0.037188208616780044
47376,0.09156193895870736
47377,0.12796208530805686
47378,0.4111776447105788
47379,0.09156193895870736
47380,0.17964071856287425
47381,0.0189873417721519
47382,0.0189873417721519
47383,0.6104928457869634
47384,0.09319125880440672
47385,0.09319125880440672
47386,0.6104928457869634
47387,0.037188208616780044
47388,0.17964071856287425
47389,0.09319125880440672
47390,0.037188208616780044
47391,0.4111776447105788
47392,0.037188208616780044
47393,0.2184936614466816
47394,0.09319125880440672
47395,0.6104928457869634
47396,0.8938547486033519
47397,0.4111776447105788
47398,0.4111776447105788
47399,0.2184936614466816
47400,0.13432835820895522
47401,0.037188208616780044
47402,0.037188208616780044
47403,0.09319125880440672
47404,0.0189873417721519
47405,0.0189873417721519
47406,0.09319125880440672
47407,0.17391304347826086
47408,0.17964071856287425
47409,0.4111776447105788
47410,0.038461538461538464
47411,0.13432835820895522
47412,0.09319125880440672
47413,0.037188208616780044
47414,0.09319125880440672
47415,0.2184936614466816
47416,0.037188208616780044
47417,0.09319125880440672
47418,0.037188208616780044
47419,0.7655172413793103
47420,0.0189873417721519
47421,0.0189873417721519
47422,0.09319125880440672
47423,0.5738636363636364
47424,0.7521739130434782
47425,0.26552462526766596
47426,0.09319125880440672
47427,0.7655172413793103
47428,0.7655172413793103
47429,0.037188208616780044
47430,0.037188208616780044
47431,0.13432835820895522
47432,0.09319125880440672
47433,0.48520710059171596
47434,0.09319125880440672
47435,0.13432835820895522
47436,0.09319125880440672
47437,0.2184936614466816
47438,0.2184936614466816
47439,0.09319125880440672
47440,0.09319125880440672
47441,0.09319125880440672
47442,0.037188208616780044
47443,0.4111776447105788
47444,0.037188208616780044
47445,0.0189873417721519
47446,0.037188208616780044
47447,0.0189873417721519
47448,0.037188208616780044
47449,0.09319125880440672
47450,0.09319125880440672
47451,0.09319125880440672
47452,0.09319125880440672
47453,0.7655172413793103
47454,0.26552462526766596
47455,0.09156193895870736
47456,0.09319125880440672
47457,0.6104928457869634
47458,0.037188208616780044
47459,0.7655172413793103
47460,0.13432835820895522
47461,0.17964071856287425
47462,0.09319125880440672
47463,0.037188208616780044
47464,0.09319125880440672
47465,0.6104928457869634
47466,0.17391304347826086
47467,0.6805251641137856
47468,0.4
47469,0.038461538461538464
47470,0.4111776447105788
47471,0.6805251641137856
47472,0.17964071856287425
47473,0.037188208616780044
47474,0.13432835820895522
47475,0.037188208616780044
47476,0.48520710059171596
47477,0.4111776447105788
47478,0.09319125880440672
47479,0.13432835820895522
47480,0.2184936614466816
47481,0.037188208616780044
47482,0.09319125880440672
47483,0.7655172413793103
47484,0.037188208616780044
47485,0.09319125880440672
47486,0.09319125880440672
47487,0.42776203966005666
47488,0.09319125880440672
47489,0.09319125880440672
47490,0.037188208616780044
47491,0.17964071856287425
47492,0.4111776447105788
47493,0.09319125880440672
47494,0.2184936614466816
47495,0.09319125880440672
47496,0.037188208616780044
47497,0.038461538461538464
47498,0.09156193895870736
47499,0.7521739130434782
47500,0.13432835820895522
47501,0.17964071856287425
47502,0.09319125880440672
47503,0.09319125880440672
47504,0.26552462526766596
47505,0.2184936614466816
47506,0.09319125880440672
47507,0.037188208616780044
47508,0.09319125880440672
47509,0.09319125880440672
47510,0.09319125880440672
47511,0.4797297297297297
47512,0.4111776447105788
47513,0.11239193083573487
47514,0.09319125880440672
47515,0.11239193083573487
47516,0.42776203966005666
47517,0.09319125880440672
47518,0.13432835820895522
47519,0.3958333333333333
47520,0.4111776447105788
47521,0.09319125880440672
47522,0.2184936614466816
47523,0.2184936614466816
47524,0.4787234042553192
47525,0.09319125880440672
47526,0.037188208616780044
47527,0.8938547486033519
47528,0.09319125880440672
47529,0.09319125880440672
47530,0.09319125880440672
47531,0.17964071856287425
47532,0.13432835820895522
47533,0.037188208616780044
47534,0.09319125880440672
47535,0.27807486631016043
47536,0.2184936614466816
47537,0.09319125880440672
47538,0.7655172413793103
47539,0.7655172413793103
47540,0.09319125880440672
47541,0.037188208616780044
47542,0.8938547486033519
47543,0.037188208616780044
47544,0.09156193895870736
47545,0.17964071856287425
47546,0.09319125880440672
47547,0.17964071856287425
47548,0.037188208616780044
47549,0.09319125880440672
47550,0.09319125880440672
47551,0.2184936614466816
47552,0.09319125880440672
47553,0.09319125880440672
47554,0.4
47555,0.037188208616780044
47556,0.037188208616780044
47557,0.037188208616780044
47558,0.6805251641137856
47559,0.7655172413793103
47560,0.17964071856287425
47561,0.09319125880440672
47562,0.037188208616780044
47563,0.09319125880440672
47564,0.09319125880440672
47565,0.17964071856287425
47566,0.48520710059171596
47567,0.0189873417721519
47568,0.037188208616780044
47569,0.27807486631016043
47570,0.037188208616780044
47571,0.42776203966005666
47572,0.7655172413793103
47573,0.2184936614466816
47574,0.42776203966005666
47575,0.09319125880440672
47576,0.09319125880440672
47577,0.038461538461538464
47578,0.09319125880440672
47579,0.11239193083573487
47580,0.037188208616780044
47581,0.13432835820895522
47582,0.2184936614466816
47583,0.09319125880440672
47584,0.4111776447105788
47585,0.037188208616780044
47586,0.12796208530805686
47587,0.7655172413793103
47588,0.09319125880440672
47589,0.6104928457869634
47590,0.037188208616780044
47591,0.037188208616780044
47592,0.09319125880440672
47593,0.13432835820895522
47594,0.037188208616780044
47595,0.09319125880440672
47596,0.42776203966005666
47597,0.09319125880440672
47598,0.037188208616780044
47599,0.037188208616780044
47600,0.09319125880440672
47601,0.09319125880440672
47602,0.17964071856287425
47603,0.2184936614466816
47604,0.09319125880440672
47605,0.09319125880440672
47606,0.13432835820895522
47607,0.037188208616780044
47608,0.6104928457869634
47609,0.17964071856287425
47610,0.17964071856287425
47611,0.2184936614466816
47612,0.09319125880440672
47613,0.8938547486033519
47614,0.13432835820895522
47615,0.4797297297297297
47616,0.037188208616780044
47617,0.2184936614466816
47618,0.09319125880440672
47619,0.09319125880440672
47620,0.11239193083573487
47621,0.09319125880440672
47622,0.4797297297297297
47623,0.037188208616780044
47624,0.09319125880440672
47625,0.037188208616780044
47626,0.09319125880440672
47627,0.42776203966005666
47628,0.2184936614466816
47629,0.09319125880440672
47630,0.037188208616780044
47631,0.11239193083573487
47632,0.7655172413793103
47633,0.09319125880440672
47634,0.037188208616780044
47635,0.037188208616780044
47636,0.6805251641137856
47637,0.11239193083573487
47638,0.09319125880440672
47639,0.09319125880440672
47640,0.4698275862068966
47641,0.2184936614466816
47642,0.037188208616780044
47643,0.27807486631016043
47644,0.17964071856287425
47645,0.17391304347826086
47646,0.4111776447105788
47647,0.09319125880440672
47648,0.037188208616780044
47649,0.09319125880440672
47650,0.6805251641137856
47651,0.09319125880440672
47652,0.09156193895870736
47653,0.4111776447105788
47654,0.13432835820895522
47655,0.09319125880440672
47656,0.17964071856287425
47657,0.12796208530805686
47658,0.6104928457869634
47659,0.037188208616780044
47660,0.17964071856287425
47661,0.6805251641137856
47662,0.037188208616780044
47663,0.09319125880440672
47664,0.09319125880440672
47665,0.11239193083573487
47666,0.6805251641137856
47667,0.0189873417721519
47668,0.42776203966005666
47669,0.09319125880440672
47670,0.4111776447105788
47671,0.09319125880440672
47672,0.037188208616780044
47673,0.42776203966005666
47674,0.17964071856287425
47675,0.09319125880440672
47676,0.6104928457869634
47677,0.13432835820895522
47678,0.09319125880440672
47679,0.26552462526766596
47680,0.26552462526766596
47681,0.037188208616780044
47682,0.7655172413793103
47683,0.037188208616780044
47684,0.4111776447105788
47685,0.037188208616780044
47686,0.037188208616780044
47687,0.4111776447105788
47688,0.7521739130434782
47689,0.09156193895870736
47690,0.037188208616780044
47691,0.27807486631016043
47692,0.17964071856287425
47693,0.2184936614466816
47694,0.09319125880440672
47695,0.09319125880440672
47696,0.09319125880440672
47697,0.037188208616780044
47698,0.09319125880440672
47699,0.8461538461538461
47700,0.09319125880440672
47701,0.0189873417721519
47702,0.037188208616780044
47703,0.0189873417721519
47704,0.0189873417721519
47705,0.037188208616780044
47706,0.4111776447105788
47707,0.2184936614466816
47708,0.09319125880440672
47709,0.3958333333333333
47710,0.037188208616780044
47711,0.037188208616780044
47712,0.09319125880440672
47713,0.4111776447105788
47714,0.17391304347826086
47715,0.038461538461538464
47716,0.17964071856287425
47717,0.09319125880440672
47718,0.42776203966005666
47719,0.09319125880440672
47720,0.09319125880440672
47721,0.2184936614466816
47722,0.6104928457869634
47723,0.09156193895870736
47724,0.17964071856287425
47725,0.3958333333333333
47726,0.037188208616780044
47727,0.26552462526766596
47728,0.037188208616780044
47729,0.6805251641137856
47730,0.09319125880440672
47731,0.0189873417721519
47732,0.48520710059171596
47733,0.42776203966005666
47734,0.2184936614466816
47735,0.09319125880440672
47736,0.09319125880440672
47737,0.13432835820895522
47738,0.09319125880440672
47739,0.4111776447105788
47740,0.037188208616780044
47741,0.4111776447105788
47742,0.0189873417721519
47743,0.09319125880440672
47744,0.42776203966005666
47745,0.2184936614466816
47746,0.4787234042553192
47747,0.6805251641137856
47748,0.8938547486033519
47749,0.037188208616780044
47750,0.4111776447105788
47751,0.7655172413793103
47752,0.26552462526766596
47753,0.037188208616780044
47754,0.4111776447105788
47755,0.09319125880440672
47756,0.6104928457869634
47757,0.037188208616780044
47758,0.26552462526766596
47759,0.09319125880440672
47760,0.037188208616780044
47761,0.17964071856287425
47762,0.09319125880440672
47763,0.11239193083573487
47764,0.037188208616780044
47765,0.17964071856287425
47766,0.17391304347826086
47767,0.09319125880440672
47768,0.17391304347826086
47769,0.2184936614466816
47770,0.48520710059171596
47771,0.09156193895870736
47772,0.11239193083573487
47773,0.037188208616780044
47774,0.037188208616780044
47775,0.09319125880440672
47776,0.8938547486033519
47777,0.09319125880440672
47778,0.11239193083573487
47779,0.09156193895870736
47780,0.6104928457869634
47781,0.037188208616780044
47782,0.17964071856287425
47783,0.17964071856287425
47784,0.09319125880440672
47785,0.09319125880440672
47786,0.17964071856287425
47787,0.09319125880440672
47788,0.037188208616780044
47789,0.6805251641137856
47790,0.037188208616780044
47791,0.4111776447105788
47792,0.09319125880440672
47793,0.037188208616780044
47794,0.2184936614466816
47795,0.09319125880440672
47796,0.09319125880440672
47797,0.26552462526766596
47798,0.27807486631016043
47799,0.09319125880440672
47800,0.11239193083573487
47801,0.09319125880440672
47802,0.27807486631016043
47803,0.09319125880440672
47804,0.4111776447105788
47805,0.09319125880440672
47806,0.037188208616780044
47807,0.4111776447105788
47808,0.2184936614466816
47809,0.7655172413793103
47810,0.09319125880440672
47811,0.6104928457869634
47812,0.037188208616780044
47813,0.09319125880440672
47814,0.09319125880440672
47815,0.2184936614466816
47816,0.42776203966005666
47817,0.037188208616780044
47818,0.09319125880440672
47819,0.7655172413793103
47820,0.037188208616780044
47821,0.7655172413793103
47822,0.09319125880440672
47823,0.12796208530805686
47824,0.037188208616780044
47825,0.037188208616780044
47826,0.2184936614466816
47827,0.7521739130434782
47828,0.09319125880440672
47829,0.09319125880440672
47830,0.037188208616780044
47831,0.037188208616780044
47832,0.037188208616780044
47833,0.2184936614466816
47834,0.09319125880440672
47835,0.0189873417721519
47836,0.13432835820895522
47837,0.09156193895870736
47838,0.037188208616780044
47839,0.037188208616780044
47840,0.037188208616780044
47841,0.037188208616780044
47842,0.09319125880440672
47843,0.13432835820895522
47844,0.4111776447105788
47845,0.17964071856287425
47846,0.037188208616780044
47847,0.7655172413793103
47848,0.09319125880440672
47849,0.037188208616780044
47850,0.12796208530805686
47851,0.7655172413793103
47852,0.037188208616780044
47853,0.7655172413793103
47854,0.038461538461538464
47855,0.0189873417721519
47856,0.037188208616780044
47857,0.5738636363636364
47858,0.038461538461538464
47859,0.2184936614466816
47860,0.09319125880440672
47861,0.037188208616780044
47862,0.037188208616780044
47863,0.09319125880440672
47864,0.037188208616780044
47865,0.4698275862068966
47866,0.037188208616780044
47867,0.09319125880440672
47868,0.09319125880440672
47869,0.17964071856287425
47870,0.09319125880440672
47871,0.2184936614466816
47872,0.4797297297297297
47873,0.037188208616780044
47874,0.09319125880440672
47875,0.09319125880440672
47876,0.17964071856287425
47877,0.037188208616780044
47878,0.037188208616780044
47879,0.42776203966005666
47880,0.037188208616780044
47881,0.09319125880440672
47882,0.6104928457869634
47883,0.037188208616780044
47884,0.2184936614466816
47885,0.09319125880440672
47886,0.09319125880440672
47887,0.037188208616780044
47888,0.2184936614466816
47889,0.09319125880440672
47890,0.17964071856287425
47891,0.09319125880440672
47892,0.42776203966005666
47893,0.09319125880440672
47894,0.037188208616780044
47895,0.037188208616780044
47896,0.037188208616780044
47897,0.037188208616780044
47898,0.17964071856287425
47899,0.09319125880440672
47900,0.09319125880440672
47901,0.11239193083573487
47902,0.037188208616780044
47903,0.4111776447105788
47904,0.09319125880440672
47905,0.42776203966005666
47906,0.037188208616780044
47907,0.09319125880440672
47908,0.6104928457869634
47909,0.26552462526766596
47910,0.17391304347826086
47911,0.09156193895870736
47912,0.09319125880440672
47913,0.09319125880440672
47914,0.09319125880440672
47915,0.037188208616780044
47916,0.17964071856287425
47917,0.13432835820895522
47918,0.037188208616780044
47919,0.09319125880440672
47920,0.09319125880440672
47921,0.037188208616780044
47922,0.09319125880440672
47923,0.09319125880440672
47924,0.038461538461538464
47925,0.09319125880440672
47926,0.09319125880440672
47927,0.09319125880440672
47928,0.8938547486033519
47929,0.09319125880440672
47930,0.09319125880440672
47931,0.037188208616780044
47932,0.037188208616780044
47933,0.037188208616780044
47934,0.037188208616780044
47935,0.7655172413793103
47936,0.48520710059171596
47937,0.6805251641137856
47938,0.09319125880440672
47939,0.2184936614466816
47940,0.6805251641137856
47941,0.037188208616780044
47942,0.09319125880440672
47943,0.09156193895870736
47944,0.17964071856287425
47945,0.2184936614466816
47946,0.5738636363636364
47947,0.09319125880440672
47948,0.038461538461538464
47949,0.17964071856287425
47950,0.7521739130434782
47951,0.09319125880440672
47952,0.09319125880440672
47953,0.037188208616780044
47954,0.09319125880440672
47955,0.42776203966005666
47956,0.7655172413793103
47957,0.13432835820895522
47958,0.13432835820895522
47959,0.2184936614466816
47960,0.037188208616780044
47961,0.7521739130434782
47962,0.09319125880440672
47963,0.09319125880440672
47964,0.09319125880440672
47965,0.48520710059171596
47966,0.09319125880440672
47967,0.037188208616780044
47968,0.11239193083573487
47969,0.09319125880440672
47970,0.09319125880440672
47971,0.2184936614466816
47972,0.037188208616780044
47973,0.09319125880440672
47974,0.17964071856287425
47975,0.037188208616780044
47976,0.037188208616780044
47977,0.17964071856287425
47978,0.037188208616780044
47979,0.037188208616780044
47980,0.5738636363636364
47981,0.09319125880440672
47982,0.037188208616780044
47983,0.0189873417721519
47984,0.037188208616780044
47985,0.037188208616780044
47986,0.11239193083573487
47987,0.037188208616780044
47988,0.6104928457869634
47989,0.09319125880440672
47990,0.13432835820895522
47991,0.4111776447105788
47992,0.4698275862068966
47993,0.037188208616780044
47994,0.4797297297297297
47995,0.4698275862068966
47996,0.7655172413793103
47997,0.037188208616780044
47998,0.8103448275862069
47999,0.09319125880440672
48000,0.27807486631016043
48001,0.2184936614466816
48002,0.27807486631016043
48003,0.09319125880440672
48004,0.09156193895870736
48005,0.2184936614466816
48006,0.13432835820895522
48007,0.09319125880440672
48008,0.4111776447105788
48009,0.09156193895870736
48010,0.17964071856287425
48011,0.13432835820895522
48012,0.7655172413793103
48013,0.2184936614466816
48014,0.7521739130434782
48015,0.09319125880440672
48016,0.09319125880440672
48017,0.037188208616780044
48018,0.6104928457869634
48019,0.3958333333333333
48020,0.2184936614466816
48021,0.09319125880440672
48022,0.09319125880440672
48023,0.0189873417721519
48024,0.09319125880440672
48025,0.09319125880440672
48026,0.17964071856287425
48027,0.2184936614466816
48028,0.037188208616780044
48029,0.037188208616780044
48030,0.4111776447105788
48031,0.037188208616780044
48032,0.037188208616780044
48033,0.037188208616780044
48034,0.11239193083573487
48035,0.037188208616780044
48036,0.037188208616780044
48037,0.09319125880440672
48038,0.2184936614466816
48039,0.037188208616780044
48040,0.17964071856287425
48041,0.4111776447105788
48042,0.037188208616780044
48043,0.09319125880440672
48044,0.4111776447105788
48045,0.17964071856287425
48046,0.13432835820895522
48047,0.09319125880440672
48048,0.09319125880440672
48049,0.037188208616780044
48050,0.13432835820895522
48051,0.09319125880440672
48052,0.037188208616780044
48053,0.6104928457869634
48054,0.12796208530805686
48055,0.09319125880440672
48056,0.4698275862068966
48057,0.037188208616780044
48058,0.0189873417721519
48059,0.17391304347826086
48060,0.6104928457869634
48061,0.09319125880440672
48062,0.2184936614466816
48063,0.037188208616780044
48064,0.037188208616780044
48065,0.0189873417721519
48066,0.09319125880440672
48067,0.09319125880440672
48068,0.6805251641137856
48069,0.42776203966005666
48070,0.037188208616780044
48071,0.17964071856287425
48072,0.037188208616780044
48073,0.4111776447105788
48074,0.6805251641137856
48075,0.037188208616780044
48076,0.4698275862068966
48077,0.09319125880440672
48078,0.037188208616780044
48079,0.037188208616780044
48080,0.09319125880440672
48081,0.038461538461538464
48082,0.09319125880440672
48083,0.037188208616780044
48084,0.8461538461538461
48085,0.037188208616780044
48086,0.037188208616780044
48087,0.037188208616780044
48088,0.037188208616780044
48089,0.09319125880440672
48090,0.09156193895870736
48091,0.4797297297297297
48092,0.12796208530805686
48093,0.17964071856287425
48094,0.09319125880440672
48095,0.6104928457869634
48096,0.09319125880440672
48097,0.0189873417721519
48098,0.09319125880440672
48099,0.13432835820895522
48100,0.17964071856287425
48101,0.4111776447105788
48102,0.7655172413793103
48103,0.09319125880440672
48104,0.2184936614466816
48105,0.037188208616780044
48106,0.13432835820895522
48107,0.3763440860215054
48108,0.0189873417721519
48109,0.4111776447105788
48110,0.037188208616780044
48111,0.037188208616780044
48112,0.037188208616780044
48113,0.17964071856287425
48114,0.09319125880440672
48115,0.17964071856287425
48116,0.037188208616780044
48117,0.09319125880440672
48118,0.09319125880440672
48119,0.24324324324324326
48120,0.13432835820895522
48121,0.037188208616780044
48122,0.09319125880440672
48123,0.037188208616780044
48124,0.09319125880440672
48125,0.4111776447105788
48126,0.11239193083573487
48127,0.037188208616780044
48128,0.2184936614466816
48129,0.17964071856287425
48130,0.7521739130434782
48131,0.09319125880440672
48132,0.037188208616780044
48133,0.09319125880440672
48134,0.2184936614466816
48135,0.4111776447105788
48136,0.7655172413793103
48137,0.4111776447105788
48138,0.037188208616780044
48139,0.4698275862068966
48140,0.09319125880440672
48141,0.037188208616780044
48142,0.6104928457869634
48143,0.09319125880440672
48144,0.7655172413793103
48145,0.12796208530805686
48146,0.2184936614466816
48147,0.037188208616780044
48148,0.037188208616780044
48149,0.0189873417721519
48150,0.7655172413793103
48151,0.7655172413793103
48152,0.09319125880440672
48153,0.4111776447105788
48154,0.13432835820895522
48155,0.7521739130434782
48156,0.037188208616780044
48157,0.09319125880440672
48158,0.17964071856287425
48159,0.27807486631016043
48160,0.037188208616780044
48161,0.09319125880440672
48162,0.7655172413793103
48163,0.037188208616780044
48164,0.09319125880440672
48165,0.7655172413793103
48166,0.037188208616780044
48167,0.6104928457869634
48168,0.4111776447105788
48169,0.09319125880440672
48170,0.17391304347826086
48171,0.037188208616780044
48172,0.42776203966005666
48173,0.6104928457869634
48174,0.42776203966005666
48175,0.09319125880440672
48176,0.037188208616780044
48177,0.7521739130434782
48178,0.27807486631016043
48179,0.037188208616780044
48180,0.09319125880440672
48181,0.27807486631016043
48182,0.09319125880440672
48183,0.09319125880440672
48184,0.037188208616780044
48185,0.09319125880440672
48186,0.7655172413793103
48187,0.2184936614466816
48188,0.0189873417721519
48189,0.09319125880440672
48190,0.037188208616780044
48191,0.7655172413793103
48192,0.26552462526766596
48193,0.037188208616780044
48194,0.4111776447105788
48195,0.09319125880440672
48196,0.09319125880440672
48197,0.0189873417721519
48198,0.09319125880440672
48199,0.17964071856287425
48200,0.09319125880440672
48201,0.17964071856287425
48202,0.11239193083573487
48203,0.26552462526766596
48204,0.4111776447105788
48205,0.6805251641137856
48206,0.11239193083573487
48207,0.037188208616780044
48208,0.037188208616780044
48209,0.4111776447105788
48210,0.09319125880440672
48211,0.037188208616780044
48212,0.09319125880440672
48213,0.09319125880440672
48214,0.7521739130434782
48215,0.09319125880440672
48216,0.037188208616780044
48217,0.4111776447105788
48218,0.17964071856287425
48219,0.27807486631016043
48220,0.037188208616780044
48221,0.6805251641137856
48222,0.13432835820895522
48223,0.17964071856287425
48224,0.2184936614466816
48225,0.3958333333333333
48226,0.09319125880440672
48227,0.6104928457869634
48228,0.037188208616780044
48229,0.7655172413793103
48230,0.09156193895870736
48231,0.13432835820895522
48232,0.09319125880440672
48233,0.09319125880440672
48234,0.13432835820895522
48235,0.7655172413793103
48236,0.2184936614466816
48237,0.037188208616780044
48238,0.037188208616780044
48239,0.09319125880440672
48240,0.7521739130434782
48241,0.2184936614466816
48242,0.4111776447105788
48243,0.037188208616780044
48244,0.13432835820895522
48245,0.4111776447105788
48246,0.17964071856287425
48247,0.09319125880440672
48248,0.0189873417721519
48249,0.09319125880440672
48250,0.42776203966005666
48251,0.037188208616780044
48252,0.42776203966005666
48253,0.037188208616780044
48254,0.17964071856287425
48255,0.09319125880440672
48256,0.037188208616780044
48257,0.09319125880440672
48258,0.09319125880440672
48259,0.6805251641137856
48260,0.037188208616780044
48261,0.09319125880440672
48262,0.4111776447105788
48263,0.13432835820895522
48264,0.037188208616780044
48265,0.2184936614466816
48266,0.17964071856287425
48267,0.2184936614466816
48268,0.7655172413793103
48269,0.13432835820895522
48270,0.4111776447105788
48271,0.037188208616780044
48272,0.2184936614466816
48273,0.09319125880440672
48274,0.48520710059171596
48275,0.4787234042553192
48276,0.2184936614466816
48277,0.09319125880440672
48278,0.42776203966005666
48279,0.037188208616780044
48280,0.09319125880440672
48281,0.42776203966005666
48282,0.17964071856287425
48283,0.09319125880440672
48284,0.42776203966005666
48285,0.2184936614466816
48286,0.038461538461538464
48287,0.09319125880440672
48288,0.6104928457869634
48289,0.037188208616780044
48290,0.42776203966005666
48291,0.4698275862068966
48292,0.09319125880440672
48293,0.037188208616780044
48294,0.7655172413793103
48295,0.2184936614466816
48296,0.4111776447105788
48297,0.2184936614466816
48298,0.09319125880440672
48299,0.17964071856287425
48300,0.09319125880440672
48301,0.09319125880440672
48302,0.09319125880440672
48303,0.13432835820895522
48304,0.037188208616780044
48305,0.11239193083573487
48306,0.037188208616780044
48307,0.037188208616780044
48308,0.09319125880440672
48309,0.4698275862068966
48310,0.09319125880440672
48311,0.09156193895870736
48312,0.09319125880440672
48313,0.2184936614466816
48314,0.037188208616780044
48315,0.09319125880440672
48316,0.09319125880440672
48317,0.0189873417721519
48318,0.26552462526766596
48319,0.037188208616780044
48320,0.6104928457869634
48321,0.037188208616780044
48322,0.037188208616780044
48323,0.037188208616780044
48324,0.09319125880440672
48325,0.037188208616780044
48326,0.7655172413793103
48327,0.17391304347826086
48328,0.09319125880440672
48329,0.17964071856287425
48330,0.09319125880440672
48331,0.42776203966005666
48332,0.0189873417721519
48333,0.4111776447105788
48334,0.037188208616780044
48335,0.4111776447105788
48336,0.2184936614466816
48337,0.17964071856287425
48338,0.037188208616780044
48339,0.037188208616780044
48340,0.17964071856287425
48341,0.7655172413793103
48342,0.037188208616780044
48343,0.6104928457869634
48344,0.17964071856287425
48345,0.2184936614466816
48346,0.2184936614466816
48347,0.037188208616780044
48348,0.037188208616780044
48349,0.09319125880440672
48350,0.4111776447105788
48351,0.17964071856287425
48352,0.2184936614466816
48353,0.12796208530805686
48354,0.09319125880440672
48355,0.037188208616780044
48356,0.09319125880440672
48357,0.09319125880440672
48358,0.3958333333333333
48359,0.09319125880440672
48360,0.6805251641137856
48361,0.2184936614466816
48362,0.13432835820895522
48363,0.09156193895870736
48364,0.17964071856287425
48365,0.6805251641137856
48366,0.09319125880440672
48367,0.4698275862068966
48368,0.09319125880440672
48369,0.4111776447105788
48370,0.13432835820895522
48371,0.09319125880440672
48372,0.26552462526766596
48373,0.4698275862068966
48374,0.09319125880440672
48375,0.09319125880440672
48376,0.037188208616780044
48377,0.09319125880440672
48378,0.17964071856287425
48379,0.12796208530805686
48380,0.09156193895870736
48381,0.09319125880440672
48382,0.6104928457869634
48383,0.037188208616780044
48384,0.09319125880440672
48385,0.11239193083573487
48386,0.037188208616780044
48387,0.2184936614466816
48388,0.09319125880440672
48389,0.09319125880440672
48390,0.037188208616780044
48391,0.0189873417721519
48392,0.4111776447105788
48393,0.7655172413793103
48394,0.4797297297297297
48395,0.09319125880440672
48396,0.8938547486033519
48397,0.4797297297297297
48398,0.037188208616780044
48399,0.4111776447105788
48400,0.09319125880440672
48401,0.038461538461538464
48402,0.4698275862068966
48403,0.09156193895870736
48404,0.037188208616780044
48405,0.09319125880440672
48406,0.5738636363636364
48407,0.09319125880440672
48408,0.13432835820895522
48409,0.09319125880440672
48410,0.2184936614466816
48411,0.037188208616780044
48412,0.037188208616780044
48413,0.037188208616780044
48414,0.09319125880440672
48415,0.42776203966005666
48416,0.09319125880440672
48417,0.037188208616780044
48418,0.17964071856287425
48419,0.7521739130434782
48420,0.12796208530805686
48421,0.09319125880440672
48422,0.4698275862068966
48423,0.12796208530805686
48424,0.09156193895870736
48425,0.037188208616780044
48426,0.037188208616780044
48427,0.037188208616780044
48428,0.037188208616780044
48429,0.13432835820895522
48430,0.037188208616780044
48431,0.09319125880440672
48432,0.09319125880440672
48433,0.037188208616780044
48434,0.7655172413793103
48435,0.13432835820895522
48436,0.037188208616780044
48437,0.42776203966005666
48438,0.4698275862068966
48439,0.037188208616780044
48440,0.2184936614466816
48441,0.13432835820895522
48442,0.26552462526766596
48443,0.09319125880440672
48444,0.4698275862068966
48445,0.037188208616780044
48446,0.09319125880440672
48447,0.09319125880440672
48448,0.037188208616780044
48449,0.42776203966005666
48450,0.2184936614466816
48451,0.42776203966005666
48452,0.037188208616780044
48453,0.09319125880440672
48454,0.26552462526766596
48455,0.17964071856287425
48456,0.09319125880440672
48457,0.17391304347826086
48458,0.13432835820895522
48459,0.037188208616780044
48460,0.037188208616780044
48461,0.037188208616780044
48462,0.17964071856287425
48463,0.17964071856287425
48464,0.037188208616780044
48465,0.09156193895870736
48466,0.037188208616780044
48467,0.09319125880440672
48468,0.09156193895870736
48469,0.2184936614466816
48470,0.09319125880440672
48471,0.4111776447105788
48472,0.42776203966005666
48473,0.4698275862068966
48474,0.09319125880440672
48475,0.17964071856287425
48476,0.09319125880440672
48477,0.6805251641137856
48478,0.0189873417721519
48479,0.037188208616780044
48480,0.037188208616780044
48481,0.037188208616780044
48482,0.037188208616780044
48483,0.2184936614466816
48484,0.037188208616780044
48485,0.5738636363636364
48486,0.09319125880440672
48487,0.09156193895870736
48488,0.09156193895870736
48489,0.4111776447105788
48490,0.2184936614466816
48491,0.4111776447105788
48492,0.4111776447105788
48493,0.037188208616780044
48494,0.037188208616780044
48495,0.037188208616780044
48496,0.037188208616780044
48497,0.2184936614466816
48498,0.037188208616780044
48499,0.037188208616780044
48500,0.13432835820895522
48501,0.27807486631016043
48502,0.09319125880440672
48503,0.09319125880440672
48504,0.09319125880440672
48505,0.09319125880440672
48506,0.42776203966005666
48507,0.11239193083573487
48508,0.6104928457869634
48509,0.4111776447105788
48510,0.17964071856287425
48511,0.09319125880440672
48512,0.09319125880440672
48513,0.13432835820895522
48514,0.09319125880440672
48515,0.17964071856287425
48516,0.037188208616780044
48517,0.037188208616780044
48518,0.42776203966005666
48519,0.09156193895870736
48520,0.09319125880440672
48521,0.09319125880440672
48522,0.4698275862068966
48523,0.09319125880440672
48524,0.8938547486033519
48525,0.4111776447105788
48526,0.4111776447105788
48527,0.42776203966005666
48528,0.09319125880440672
48529,0.17964071856287425
48530,0.13432835820895522
48531,0.6805251641137856
48532,0.09319125880440672
48533,0.5738636363636364
48534,0.037188208616780044
48535,0.09319125880440672
48536,0.6805251641137856
48537,0.09319125880440672
48538,0.037188208616780044
48539,0.09319125880440672
48540,0.17964071856287425
48541,0.037188208616780044
48542,0.09319125880440672
48543,0.09319125880440672
48544,0.0189873417721519
48545,0.7655172413793103
48546,0.2184936614466816
48547,0.037188208616780044
48548,0.09319125880440672
48549,0.13432835820895522
48550,0.09319125880440672
48551,0.037188208616780044
48552,0.17964071856287425
48553,0.0189873417721519
48554,0.09319125880440672
48555,0.42776203966005666
48556,0.037188208616780044
48557,0.6104928457869634
48558,0.037188208616780044
48559,0.037188208616780044
48560,0.42776203966005666
48561,0.038461538461538464
48562,0.09319125880440672
48563,0.42776203966005666
48564,0.037188208616780044
48565,0.4111776447105788
48566,0.17964071856287425
48567,0.4111776447105788
48568,0.09319125880440672
48569,0.037188208616780044
48570,0.038461538461538464
48571,0.42776203966005666
48572,0.6104928457869634
48573,0.09319125880440672
48574,0.2184936614466816
48575,0.0189873417721519
48576,0.0189873417721519
48577,0.4797297297297297
48578,0.7655172413793103
48579,0.4111776447105788
48580,0.09319125880440672
48581,0.09319125880440672
48582,0.037188208616780044
48583,0.037188208616780044
48584,0.6104928457869634
48585,0.038461538461538464
48586,0.27807486631016043
48587,0.26552462526766596
48588,0.09319125880440672
48589,0.4111776447105788
48590,0.037188208616780044
48591,0.09319125880440672
48592,0.4111776447105788
48593,0.13432835820895522
48594,0.17964071856287425
48595,0.09319125880440672
48596,0.037188208616780044
48597,0.17964071856287425
48598,0.09319125880440672
48599,0.6104928457869634
48600,0.6805251641137856
48601,0.037188208616780044
48602,0.6104928457869634
48603,0.037188208616780044
48604,0.42776203966005666
48605,0.09319125880440672
48606,0.7655172413793103
48607,0.4797297297297297
48608,0.09319125880440672
48609,0.037188208616780044
48610,0.09319125880440672
48611,0.42776203966005666
48612,0.2184936614466816
48613,0.4797297297297297
48614,0.09156193895870736
48615,0.2184936614466816
48616,0.5738636363636364
48617,0.6104928457869634
48618,0.09156193895870736
48619,0.4111776447105788
48620,0.7655172413793103
48621,0.09319125880440672
48622,0.037188208616780044
48623,0.12796208530805686
48624,0.42776203966005666
48625,0.037188208616780044
48626,0.037188208616780044
48627,0.09319125880440672
48628,0.09319125880440672
48629,0.037188208616780044
48630,0.037188208616780044
48631,0.17964071856287425
48632,0.13432835820895522
48633,0.037188208616780044
48634,0.09319125880440672
48635,0.0189873417721519
48636,0.037188208616780044
48637,0.5738636363636364
48638,0.09319125880440672
48639,0.09319125880440672
48640,0.12796208530805686
48641,0.26552462526766596
48642,0.4111776447105788
48643,0.42776203966005666
48644,0.17964071856287425
48645,0.038461538461538464
48646,0.2184936614466816
48647,0.037188208616780044
48648,0.2184936614466816
48649,0.037188208616780044
48650,0.4111776447105788
48651,0.11239193083573487
48652,0.6104928457869634
48653,0.037188208616780044
48654,0.09319125880440672
48655,0.037188208616780044
48656,0.4111776447105788
48657,0.17964071856287425
48658,0.17964071856287425
48659,0.09319125880440672
48660,0.037188208616780044
48661,0.09319125880440672
48662,0.09319125880440672
48663,0.42776203966005666
48664,0.037188208616780044
48665,0.09319125880440672
48666,0.037188208616780044
48667,0.037188208616780044
48668,0.037188208616780044
48669,0.11239193083573487
48670,0.2184936614466816
48671,0.2184936614466816
48672,0.17964071856287425
48673,0.037188208616780044
48674,0.2184936614466816
48675,0.09319125880440672
48676,0.27807486631016043
48677,0.09319125880440672
48678,0.0189873417721519
48679,0.6104928457869634
48680,0.4111776447105788
48681,0.09319125880440672
48682,0.2184936614466816
48683,0.0189873417721519
48684,0.09319125880440672
48685,0.09319125880440672
48686,0.09319125880440672
48687,0.6104928457869634
48688,0.09319125880440672
48689,0.037188208616780044
48690,0.13432835820895522
48691,0.2184936614466816
48692,0.09156193895870736
48693,0.27807486631016043
48694,0.038461538461538464
48695,0.09319125880440672
48696,0.09319125880440672
48697,0.4797297297297297
48698,0.13432835820895522
48699,0.3958333333333333
48700,0.6805251641137856
48701,0.7521739130434782
48702,0.037188208616780044
48703,0.6104928457869634
48704,0.2184936614466816
48705,0.13432835820895522
48706,0.09319125880440672
48707,0.037188208616780044
48708,0.09319125880440672
48709,0.037188208616780044
48710,0.09319125880440672
48711,0.17964071856287425
48712,0.17964071856287425
48713,0.13432835820895522
48714,0.2184936614466816
48715,0.09319125880440672
48716,0.2184936614466816
48717,0.4698275862068966
48718,0.09319125880440672
48719,0.6104928457869634
48720,0.037188208616780044
48721,0.5738636363636364
48722,0.7655172413793103
48723,0.037188208616780044
48724,0.037188208616780044
48725,0.037188208616780044
48726,0.5738636363636364
48727,0.09319125880440672
48728,0.26552462526766596
48729,0.26552462526766596
48730,0.48520710059171596
48731,0.09156193895870736
48732,0.42776203966005666
48733,0.2184936614466816
48734,0.037188208616780044
48735,0.7655172413793103
48736,0.037188208616780044
48737,0.3958333333333333
48738,0.09319125880440672
48739,0.17964071856287425
48740,0.038461538461538464
48741,0.13432835820895522
48742,0.037188208616780044
48743,0.037188208616780044
48744,0.037188208616780044
48745,0.13432835820895522
48746,0.09319125880440672
48747,0.2184936614466816
48748,0.09319125880440672
48749,0.7655172413793103
48750,0.09156193895870736
48751,0.037188208616780044
48752,0.09319125880440672
48753,0.037188208616780044
48754,0.17964071856287425
48755,0.6805251641137856
48756,0.09319125880440672
48757,0.037188208616780044
48758,0.4111776447105788
48759,0.17964071856287425
48760,0.17964071856287425
48761,0.24324324324324326
48762,0.7655172413793103
48763,0.6805251641137856
48764,0.037188208616780044
48765,0.7655172413793103
48766,0.4787234042553192
48767,0.09319125880440672
48768,0.09319125880440672
48769,0.037188208616780044
48770,0.2184936614466816
48771,0.037188208616780044
48772,0.6805251641137856
48773,0.037188208616780044
48774,0.037188208616780044
48775,0.17964071856287425
48776,0.09319125880440672
48777,0.4
48778,0.037188208616780044
48779,0.09319125880440672
48780,0.09319125880440672
48781,0.09156193895870736
48782,0.09319125880440672
48783,0.037188208616780044
48784,0.09319125880440672
48785,0.4797297297297297
48786,0.09319125880440672
48787,0.09319125880440672
48788,0.037188208616780044
48789,0.037188208616780044
48790,0.09319125880440672
48791,0.3763440860215054
48792,0.09319125880440672
48793,0.09319125880440672
48794,0.037188208616780044
48795,0.7655172413793103
48796,0.037188208616780044
48797,0.48520710059171596
48798,0.09319125880440672
48799,0.09319125880440672
48800,0.09319125880440672
48801,0.09319125880440672
48802,0.037188208616780044
48803,0.037188208616780044
48804,0.09319125880440672
48805,0.3763440860215054
48806,0.11239193083573487
48807,0.037188208616780044
48808,0.7655172413793103
48809,0.09319125880440672
48810,0.4111776447105788
48811,0.09319125880440672
48812,0.037188208616780044
48813,0.09319125880440672
48814,0.6104928457869634
48815,0.4787234042553192
48816,0.3958333333333333
48817,0.12796208530805686
48818,0.4797297297297297
48819,0.2184936614466816
48820,0.0189873417721519
48821,0.037188208616780044
48822,0.0189873417721519
48823,0.4111776447105788
48824,0.6104928457869634
48825,0.037188208616780044
48826,0.42776203966005666
48827,0.26552462526766596
48828,0.09156193895870736
48829,0.09319125880440672
48830,0.2184936614466816
48831,0.4111776447105788
48832,0.09319125880440672
48833,0.17391304347826086
48834,0.17391304347826086
48835,0.09319125880440672
48836,0.09319125880440672
48837,0.09319125880440672
48838,0.7521739130434782
48839,0.13432835820895522
48840,0.13432835820895522
48841,0.09319125880440672
48842,0.12796208530805686
48843,0.09319125880440672
48844,0.8103448275862069
48845,0.037188208616780044
48846,0.037188208616780044
48847,0.037188208616780044
48848,0.037188208616780044
48849,0.037188208616780044
48850,0.17391304347826086
48851,0.27807486631016043
48852,0.09319125880440672
48853,0.42776203966005666
48854,0.4111776447105788
48855,0.6805251641137856
48856,0.2184936614466816
48857,0.2184936614466816
48858,0.8938547486033519
48859,0.2184936614466816
48860,0.09319125880440672
48861,0.037188208616780044
48862,0.4797297297297297
48863,0.6104928457869634
48864,0.09319125880440672
48865,0.09319125880440672
48866,0.09319125880440672
48867,0.037188208616780044
48868,0.0189873417721519
48869,0.037188208616780044
48870,0.09319125880440672
48871,0.037188208616780044
48872,0.42776203966005666
48873,0.09319125880440672
48874,0.037188208616780044
48875,0.2184936614466816
48876,0.0189873417721519
48877,0.09319125880440672
48878,0.09319125880440672
48879,0.4797297297297297
48880,0.09319125880440672
48881,0.2184936614466816
48882,0.4111776447105788
48883,0.2184936614466816
48884,0.037188208616780044
48885,0.037188208616780044
48886,0.26552462526766596
48887,0.17964071856287425
48888,0.17964071856287425
48889,0.09319125880440672
48890,0.0189873417721519
48891,0.09156193895870736
48892,0.038461538461538464
48893,0.4111776447105788
48894,0.48520710059171596
48895,0.09319125880440672
48896,0.7655172413793103
48897,0.17964071856287425
48898,0.038461538461538464
48899,0.09319125880440672
48900,0.17964071856287425
48901,0.09319125880440672
48902,0.09319125880440672
48903,0.5738636363636364
48904,0.17964071856287425
48905,0.7655172413793103
48906,0.0189873417721519
48907,0.4698275862068966
48908,0.09319125880440672
48909,0.037188208616780044
48910,0.09319125880440672
48911,0.038461538461538464
48912,0.13432835820895522
48913,0.11239193083573487
48914,0.037188208616780044
48915,0.09156193895870736
48916,0.6104928457869634
48917,0.037188208616780044
48918,0.17964071856287425
48919,0.09319125880440672
48920,0.13432835820895522
48921,0.7655172413793103
48922,0.037188208616780044
48923,0.037188208616780044
48924,0.037188208616780044
48925,0.09156193895870736
48926,0.3958333333333333
48927,0.17391304347826086
48928,0.17391304347826086
48929,0.42776203966005666
48930,0.3763440860215054
48931,0.09319125880440672
48932,0.037188208616780044
48933,0.7655172413793103
48934,0.0189873417721519
48935,0.17964071856287425
48936,0.09319125880440672
48937,0.11239193083573487
48938,0.09319125880440672
48939,0.09319125880440672
48940,0.09319125880440672
48941,0.42776203966005666
48942,0.09319125880440672
48943,0.037188208616780044
48944,0.17964071856287425
48945,0.6805251641137856
48946,0.6805251641137856
48947,0.7521739130434782
48948,0.13432835820895522
48949,0.17964071856287425
48950,0.09156193895870736
48951,0.037188208616780044
48952,0.0189873417721519
48953,0.037188208616780044
48954,0.4787234042553192
48955,0.037188208616780044
48956,0.2184936614466816
48957,0.09319125880440672
48958,0.037188208616780044
48959,0.037188208616780044
48960,0.09319125880440672
48961,0.09319125880440672
48962,0.13432835820895522
48963,0.09319125880440672
48964,0.09319125880440672
48965,0.09319125880440672
48966,0.13432835820895522
48967,0.6805251641137856
48968,0.7655172413793103
48969,0.037188208616780044
48970,0.2184936614466816
48971,0.09319125880440672
48972,0.2184936614466816
48973,0.2184936614466816
48974,0.037188208616780044
48975,0.17964071856287425
48976,0.27807486631016043
48977,0.17391304347826086
48978,0.26552462526766596
48979,0.2184936614466816
48980,0.09319125880440672
48981,0.4111776447105788
48982,0.09319125880440672
48983,0.09319125880440672
48984,0.6104928457869634
48985,0.4111776447105788
48986,0.2184936614466816
48987,0.037188208616780044
48988,0.037188208616780044
48989,0.17964071856287425
48990,0.037188208616780044
48991,0.17964071856287425
48992,0.11239193083573487
48993,0.3763440860215054
48994,0.4111776447105788
48995,0.09319125880440672
48996,0.09156193895870736
48997,0.09319125880440672
48998,0.09319125880440672
48999,0.13432835820895522
49000,0.4111776447105788
49001,0.4698275862068966
49002,0.09319125880440672
49003,0.09319125880440672
49004,0.17964071856287425
49005,0.17964071856287425
49006,0.09319125880440672
49007,0.0189873417721519
49008,0.09319125880440672
49009,0.17964071856287425
49010,0.09319125880440672
49011,0.09319125880440672
49012,0.2184936614466816
49013,0.037188208616780044
49014,0.09319125880440672
49015,0.17964071856287425
49016,0.09319125880440672
49017,0.2184936614466816
49018,0.2184936614466816
49019,0.6805251641137856
49020,0.2184936614466816
49021,0.037188208616780044
49022,0.09319125880440672
49023,0.11239193083573487
49024,0.09319125880440672
49025,0.09319125880440672
49026,0.17964071856287425
49027,0.42776203966005666
49028,0.13432835820895522
49029,0.6805251641137856
49030,0.2184936614466816
49031,0.8938547486033519
49032,0.09319125880440672
49033,0.09319125880440672
49034,0.037188208616780044
49035,0.42776203966005666
49036,0.09319125880440672
49037,0.09319125880440672
49038,0.037188208616780044
49039,0.42776203966005666
49040,0.09319125880440672
49041,0.2184936614466816
49042,0.11239193083573487
49043,0.037188208616780044
49044,0.037188208616780044
49045,0.037188208616780044
49046,0.11239193083573487
49047,0.7655172413793103
49048,0.037188208616780044
49049,0.037188208616780044
49050,0.037188208616780044
49051,0.037188208616780044
49052,0.09319125880440672
49053,0.09319125880440672
49054,0.4111776447105788
49055,0.09319125880440672
49056,0.26552462526766596
49057,0.42776203966005666
49058,0.7655172413793103
49059,0.09319125880440672
49060,0.09319125880440672
49061,0.7655172413793103
49062,0.09319125880440672
49063,0.7655172413793103
49064,0.6805251641137856
49065,0.7655172413793103
49066,0.09319125880440672
49067,0.038461538461538464
49068,0.6104928457869634
49069,0.037188208616780044
49070,0.09319125880440672
49071,0.7655172413793103
49072,0.09319125880440672
49073,0.09319125880440672
49074,0.09319125880440672
49075,0.09319125880440672
49076,0.037188208616780044
49077,0.17964071856287425
49078,0.09319125880440672
49079,0.037188208616780044
49080,0.17964071856287425
49081,0.7521739130434782
49082,0.09319125880440672
49083,0.037188208616780044
49084,0.11239193083573487
49085,0.037188208616780044
49086,0.09319125880440672
49087,0.4698275862068966
49088,0.4111776447105788
49089,0.7655172413793103
49090,0.2184936614466816
49091,0.2184936614466816
49092,0.11239193083573487
49093,0.037188208616780044
49094,0.7655172413793103
49095,0.09156193895870736
49096,0.037188208616780044
49097,0.17964071856287425
49098,0.037188208616780044
49099,0.17964071856287425
49100,0.26552462526766596
49101,0.038461538461538464
49102,0.09319125880440672
49103,0.09319125880440672
49104,0.09319125880440672
49105,0.4111776447105788
49106,0.037188208616780044
49107,0.09319125880440672
49108,0.037188208616780044
49109,0.0189873417721519
49110,0.09319125880440672
49111,0.09319125880440672
49112,0.6805251641137856
49113,0.09319125880440672
49114,0.09319125880440672
49115,0.09319125880440672
49116,0.48520710059171596
49117,0.0189873417721519
49118,0.09319125880440672
49119,0.4111776447105788
49120,0.037188208616780044
49121,0.037188208616780044
49122,0.037188208616780044
49123,0.6104928457869634
49124,0.3763440860215054
49125,0.037188208616780044
49126,0.09319125880440672
49127,0.09319125880440672
49128,0.2184936614466816
49129,0.09319125880440672
49130,0.4111776447105788
49131,0.4111776447105788
49132,0.037188208616780044
49133,0.037188208616780044
49134,0.037188208616780044
49135,0.037188208616780044
49136,0.17391304347826086
49137,0.037188208616780044
49138,0.09319125880440672
49139,0.0189873417721519
49140,0.11239193083573487
49141,0.17391304347826086
49142,0.09319125880440672
49143,0.2184936614466816
49144,0.8938547486033519
49145,0.037188208616780044
49146,0.037188208616780044
49147,0.09319125880440672
49148,0.7655172413793103
49149,0.4111776447105788
49150,0.0189873417721519
49151,0.09319125880440672
49152,0.2184936614466816
49153,0.2184936614466816
49154,0.13432835820895522
49155,0.17964071856287425
49156,0.4111776447105788
49157,0.2184936614466816
49158,0.6805251641137856
49159,0.4787234042553192
49160,0.17964071856287425
49161,0.037188208616780044
49162,0.037188208616780044
49163,0.13432835820895522
49164,0.09319125880440672
49165,0.037188208616780044
49166,0.037188208616780044
49167,0.037188208616780044
49168,0.09319125880440672
49169,0.09319125880440672
49170,0.26552462526766596
49171,0.6104928457869634
49172,0.13432835820895522
49173,0.4797297297297297
49174,0.42776203966005666
49175,0.17964071856287425
49176,0.037188208616780044
49177,0.6104928457869634
49178,0.09319125880440672
49179,0.6805251641137856
49180,0.7655172413793103
49181,0.42776203966005666
49182,0.09319125880440672
49183,0.09319125880440672
49184,0.037188208616780044
49185,0.27807486631016043
49186,0.037188208616780044
49187,0.037188208616780044
49188,0.4698275862068966
49189,0.09319125880440672
49190,0.037188208616780044
49191,0.2184936614466816
49192,0.4111776447105788
49193,0.037188208616780044
49194,0.13432835820895522
49195,0.09319125880440672
49196,0.13432835820895522
49197,0.09319125880440672
49198,0.17964071856287425
49199,0.037188208616780044
49200,0.09319125880440672
49201,0.42776203966005666
49202,0.037188208616780044
49203,0.4787234042553192
49204,0.0189873417721519
49205,0.09319125880440672
49206,0.09156193895870736
49207,0.7655172413793103
49208,0.42776203966005666
49209,0.037188208616780044
49210,0.17964071856287425
49211,0.2184936614466816
49212,0.4111776447105788
49213,0.2184936614466816
49214,0.09156193895870736
49215,0.2184936614466816
49216,0.24324324324324326
49217,0.4
49218,0.4111776447105788
49219,0.2184936614466816
49220,0.037188208616780044
49221,0.037188208616780044
49222,0.4111776447105788
49223,0.2184936614466816
49224,0.26552462526766596
49225,0.6104928457869634
49226,0.09319125880440672
49227,0.09156193895870736
49228,0.4698275862068966
49229,0.037188208616780044
49230,0.6805251641137856
49231,0.7655172413793103
49232,0.4111776447105788
49233,0.09319125880440672
49234,0.2184936614466816
49235,0.26552462526766596
49236,0.09319125880440672
49237,0.6104928457869634
49238,0.26552462526766596
49239,0.4
49240,0.17964071856287425
49241,0.17964071856287425
49242,0.2184936614466816
49243,0.17391304347826086
49244,0.09319125880440672
49245,0.7655172413793103
49246,0.7655172413793103
49247,0.8938547486033519
49248,0.037188208616780044
49249,0.42776203966005666
49250,0.09319125880440672
49251,0.09319125880440672
49252,0.09319125880440672
49253,0.037188208616780044
49254,0.6104928457869634
49255,0.2184936614466816
49256,0.09319125880440672
49257,0.0189873417721519
49258,0.26552462526766596
49259,0.42776203966005666
49260,0.4698275862068966
49261,0.09319125880440672
49262,0.09319125880440672
49263,0.037188208616780044
49264,0.038461538461538464
49265,0.42776203966005666
49266,0.13432835820895522
49267,0.4111776447105788
49268,0.038461538461538464
49269,0.037188208616780044
49270,0.037188208616780044
49271,0.2184936614466816
49272,0.17964071856287425
49273,0.4111776447105788
49274,0.2184936614466816
49275,0.09319125880440672
49276,0.17964071856287425
49277,0.09319125880440672
49278,0.6104928457869634
49279,0.2184936614466816
49280,0.09319125880440672
49281,0.17391304347826086
49282,0.09319125880440672
49283,0.17964071856287425
49284,0.037188208616780044
49285,0.09319125880440672
49286,0.09319125880440672
49287,0.4787234042553192
49288,0.037188208616780044
49289,0.2184936614466816
49290,0.6104928457869634
49291,0.4111776447105788
49292,0.09319125880440672
49293,0.09319125880440672
49294,0.0189873417721519
49295,0.27807486631016043
49296,0.037188208616780044
49297,0.037188208616780044
49298,0.09156193895870736
49299,0.09319125880440672
49300,0.09319125880440672
49301,0.037188208616780044
49302,0.037188208616780044
49303,0.09319125880440672
49304,0.037188208616780044
49305,0.09319125880440672
49306,0.09319125880440672
49307,0.09319125880440672
49308,0.0189873417721519
49309,0.2184936614466816
49310,0.037188208616780044
49311,0.037188208616780044
49312,0.09319125880440672
49313,0.09319125880440672
49314,0.17964071856287425
49315,0.037188208616780044
49316,0.4698275862068966
49317,0.09319125880440672
49318,0.12796208530805686
49319,0.037188208616780044
49320,0.13432835820895522
49321,0.09319125880440672
49322,0.037188208616780044
49323,0.24324324324324326
49324,0.2184936614466816
49325,0.2184936614466816
49326,0.037188208616780044
49327,0.13432835820895522
49328,0.09319125880440672
49329,0.17964071856287425
49330,0.13432835820895522
49331,0.12796208530805686
49332,0.0189873417721519
49333,0.037188208616780044
49334,0.09156193895870736
49335,0.42776203966005666
49336,0.09319125880440672
49337,0.3958333333333333
49338,0.037188208616780044
49339,0.17964071856287425
49340,0.2184936614466816
49341,0.037188208616780044
49342,0.09319125880440672
49343,0.037188208616780044
49344,0.09319125880440672
49345,0.7655172413793103
49346,0.4698275862068966
49347,0.09319125880440672
49348,0.17964071856287425
49349,0.037188208616780044
49350,0.037188208616780044
49351,0.037188208616780044
49352,0.09319125880440672
49353,0.09319125880440672
49354,0.0189873417721519
49355,0.09319125880440672
49356,0.037188208616780044
49357,0.17964071856287425
49358,0.09319125880440672
49359,0.17964071856287425
49360,0.037188208616780044
49361,0.13432835820895522
49362,0.037188208616780044
49363,0.17964071856287425
49364,0.09319125880440672
49365,0.4
49366,0.7655172413793103
49367,0.09319125880440672
49368,0.42776203966005666
49369,0.037188208616780044
49370,0.6805251641137856
49371,0.17391304347826086
49372,0.09319125880440672
49373,0.13432835820895522
49374,0.037188208616780044
49375,0.11239193083573487
49376,0.037188208616780044
49377,0.037188208616780044
49378,0.2184936614466816
49379,0.037188208616780044
49380,0.7655172413793103
49381,0.4111776447105788
49382,0.037188208616780044
49383,0.26552462526766596
49384,0.037188208616780044
49385,0.09319125880440672
49386,0.037188208616780044
49387,0.09319125880440672
49388,0.2184936614466816
49389,0.09319125880440672
49390,0.09319125880440672
49391,0.09319125880440672
49392,0.09319125880440672
49393,0.09319125880440672
49394,0.17964071856287425
49395,0.26552462526766596
49396,0.2184936614466816
49397,0.4111776447105788
49398,0.13432835820895522
49399,0.12796208530805686
49400,0.037188208616780044
49401,0.17964071856287425
49402,0.42776203966005666
49403,0.6805251641137856
49404,0.11239193083573487
49405,0.09319125880440672
49406,0.17391304347826086
49407,0.037188208616780044
49408,0.037188208616780044
49409,0.09319125880440672
49410,0.13432835820895522
49411,0.17964071856287425
49412,0.4111776447105788
49413,0.09319125880440672
49414,0.17391304347826086
49415,0.09156193895870736
49416,0.6104928457869634
49417,0.09319125880440672
49418,0.4111776447105788
49419,0.13432835820895522
49420,0.037188208616780044
49421,0.09319125880440672
49422,0.3958333333333333
49423,0.11239193083573487
49424,0.037188208616780044
49425,0.12796208530805686
49426,0.17964071856287425
49427,0.09319125880440672
49428,0.037188208616780044
49429,0.4698275862068966
49430,0.037188208616780044
49431,0.17964071856287425
49432,0.09319125880440672
49433,0.6805251641137856
49434,0.2184936614466816
49435,0.17964071856287425
49436,0.13432835820895522
49437,0.4111776447105788
49438,0.09319125880440672
49439,0.12796208530805686
49440,0.09319125880440672
49441,0.4111776447105788
49442,0.037188208616780044
49443,0.17964071856287425
49444,0.4111776447105788
49445,0.09319125880440672
49446,0.037188208616780044
49447,0.7655172413793103
49448,0.6805251641137856
49449,0.4698275862068966
49450,0.037188208616780044
49451,0.2184936614466816
49452,0.2184936614466816
49453,0.17964071856287425
49454,0.4797297297297297
49455,0.17964071856287425
49456,0.09319125880440672
49457,0.4698275862068966
49458,0.09319125880440672
49459,0.09156193895870736
49460,0.2184936614466816
49461,0.7655172413793103
49462,0.09319125880440672
49463,0.4797297297297297
49464,0.09319125880440672
49465,0.2184936614466816
49466,0.09319125880440672
49467,0.038461538461538464
49468,0.8938547486033519
49469,0.09319125880440672
49470,0.09319125880440672
49471,0.037188208616780044
49472,0.09319125880440672
49473,0.6805251641137856
49474,0.09319125880440672
49475,0.4111776447105788
49476,0.037188208616780044
49477,0.09319125880440672
49478,0.27807486631016043
49479,0.17964071856287425
49480,0.4111776447105788
49481,0.037188208616780044
49482,0.09319125880440672
49483,0.09319125880440672
49484,0.037188208616780044
49485,0.2184936614466816
49486,0.27807486631016043
49487,0.09319125880440672
49488,0.3763440860215054
49489,0.037188208616780044
49490,0.2184936614466816
49491,0.2184936614466816
49492,0.09319125880440672
49493,0.2184936614466816
49494,0.0189873417721519
49495,0.4111776447105788
49496,0.037188208616780044
49497,0.037188208616780044
49498,0.037188208616780044
49499,0.037188208616780044
49500,0.09319125880440672
49501,0.037188208616780044
49502,0.7655172413793103
49503,0.13432835820895522
49504,0.09156193895870736
49505,0.037188208616780044
49506,0.09156193895870736
49507,0.09319125880440672
49508,0.037188208616780044
49509,0.09319125880440672
49510,0.09319125880440672
49511,0.42776203966005666
49512,0.4111776447105788
49513,0.09319125880440672
49514,0.09319125880440672
49515,0.09156193895870736
49516,0.6104928457869634
49517,0.13432835820895522
49518,0.037188208616780044
49519,0.42776203966005666
49520,0.12796208530805686
49521,0.42776203966005666
49522,0.42776203966005666
49523,0.037188208616780044
49524,0.09319125880440672
49525,0.0189873417721519
49526,0.6104928457869634
49527,0.09319125880440672
49528,0.09319125880440672
49529,0.12796208530805686
49530,0.48520710059171596
49531,0.17964071856287425
49532,0.037188208616780044
49533,0.26552462526766596
49534,0.09319125880440672
49535,0.09319125880440672
49536,0.12796208530805686
49537,0.6805251641137856
49538,0.09319125880440672
49539,0.17964071856287425
49540,0.09319125880440672
49541,0.037188208616780044
49542,0.09156193895870736
49543,0.26552462526766596
49544,0.09319125880440672
49545,0.11239193083573487
49546,0.17391304347826086
49547,0.11239193083573487
49548,0.6104928457869634
49549,0.09319125880440672
49550,0.09319125880440672
49551,0.4111776447105788
49552,0.037188208616780044
49553,0.13432835820895522
49554,0.8938547486033519
49555,0.09319125880440672
49556,0.13432835820895522
49557,0.2184936614466816
49558,0.2184936614466816
49559,0.037188208616780044
49560,0.037188208616780044
49561,0.13432835820895522
49562,0.7655172413793103
49563,0.4111776447105788
49564,0.13432835820895522
49565,0.0189873417721519
49566,0.09319125880440672
49567,0.2184936614466816
49568,0.4698275862068966
49569,0.09319125880440672
49570,0.2184936614466816
49571,0.037188208616780044
49572,0.037188208616780044
49573,0.037188208616780044
49574,0.27807486631016043
49575,0.13432835820895522
49576,0.09319125880440672
49577,0.2184936614466816
49578,0.4698275862068966
49579,0.037188208616780044
49580,0.6104928457869634
49581,0.09319125880440672
49582,0.4698275862068966
49583,0.7655172413793103
49584,0.037188208616780044
49585,0.13432835820895522
49586,0.09319125880440672
49587,0.5738636363636364
49588,0.09319125880440672
49589,0.7655172413793103
49590,0.09319125880440672
49591,0.4111776447105788
49592,0.037188208616780044
49593,0.09319125880440672
49594,0.037188208616780044
49595,0.037188208616780044
49596,0.037188208616780044
49597,0.09156193895870736
49598,0.0189873417721519
49599,0.11239193083573487
49600,0.7655172413793103
49601,0.037188208616780044
49602,0.09319125880440672
49603,0.13432835820895522
49604,0.2184936614466816
49605,0.09156193895870736
49606,0.037188208616780044
49607,0.037188208616780044
49608,0.037188208616780044
49609,0.037188208616780044
49610,0.09319125880440672
49611,0.09319125880440672
49612,0.037188208616780044
49613,0.4111776447105788
49614,0.4111776447105788
49615,0.11239193083573487
49616,0.2184936614466816
49617,0.26552462526766596
49618,0.7521739130434782
49619,0.09156193895870736
49620,0.09319125880440672
49621,0.037188208616780044
49622,0.037188208616780044
49623,0.2184936614466816
49624,0.0189873417721519
49625,0.17964071856287425
49626,0.038461538461538464
49627,0.2184936614466816
49628,0.17964071856287425
49629,0.2184936614466816
49630,0.037188208616780044
49631,0.26552462526766596
49632,0.09319125880440672
49633,0.037188208616780044
49634,0.09319125880440672
49635,0.4111776447105788
49636,0.09319125880440672
49637,0.2184936614466816
49638,0.09319125880440672
49639,0.09319125880440672
49640,0.6104928457869634
49641,0.2184936614466816
49642,0.12796208530805686
49643,0.17964071856287425
49644,0.2184936614466816
49645,0.6104928457869634
49646,0.09319125880440672
49647,0.42776203966005666
49648,0.09319125880440672
49649,0.09319125880440672
49650,0.037188208616780044
49651,0.0189873417721519
49652,0.4111776447105788
49653,0.09319125880440672
49654,0.037188208616780044
49655,0.037188208616780044
49656,0.09319125880440672
49657,0.09319125880440672
49658,0.09319125880440672
49659,0.4111776447105788
49660,0.4111776447105788
49661,0.09319125880440672
49662,0.037188208616780044
49663,0.26552462526766596
49664,0.09319125880440672
49665,0.6805251641137856
49666,0.037188208616780044
49667,0.0189873417721519
49668,0.0189873417721519
49669,0.037188208616780044
49670,0.09319125880440672
49671,0.2184936614466816
49672,0.09319125880440672
49673,0.037188208616780044
49674,0.037188208616780044
49675,0.42776203966005666
49676,0.17964071856287425
49677,0.09319125880440672
49678,0.42776203966005666
49679,0.09319125880440672
49680,0.5738636363636364
49681,0.4111776447105788
49682,0.4111776447105788
49683,0.6805251641137856
49684,0.7655172413793103
49685,0.0189873417721519
49686,0.037188208616780044
49687,0.7655172413793103
49688,0.037188208616780044
49689,0.09319125880440672
49690,0.09319125880440672
49691,0.037188208616780044
49692,0.4111776447105788
49693,0.13432835820895522
49694,0.09319125880440672
49695,0.4111776447105788
49696,0.09319125880440672
49697,0.037188208616780044
49698,0.09319125880440672
49699,0.17391304347826086
49700,0.7655172413793103
49701,0.09319125880440672
49702,0.17964071856287425
49703,0.037188208616780044
49704,0.0189873417721519
49705,0.42776203966005666
49706,0.038461538461538464
49707,0.037188208616780044
49708,0.037188208616780044
49709,0.037188208616780044
49710,0.09319125880440672
49711,0.3958333333333333
49712,0.037188208616780044
49713,0.6104928457869634
49714,0.42776203966005666
49715,0.2184936614466816
49716,0.09319125880440672
49717,0.6805251641137856
49718,0.11239193083573487
49719,0.7655172413793103
49720,0.2184936614466816
49721,0.09319125880440672
49722,0.037188208616780044
49723,0.0189873417721519
49724,0.7655172413793103
49725,0.09319125880440672
49726,0.037188208616780044
49727,0.17964071856287425
49728,0.037188208616780044
49729,0.037188208616780044
49730,0.7655172413793103
49731,0.037188208616780044
49732,0.17964071856287425
49733,0.2184936614466816
49734,0.09319125880440672
49735,0.09319125880440672
49736,0.09319125880440672
49737,0.09319125880440672
49738,0.09319125880440672
49739,0.09319125880440672
49740,0.037188208616780044
49741,0.037188208616780044
49742,0.09319125880440672
49743,0.42776203966005666
49744,0.13432835820895522
49745,0.037188208616780044
49746,0.09319125880440672
49747,0.09319125880440672
49748,0.26552462526766596
49749,0.09319125880440672
49750,0.4111776447105788
49751,0.2184936614466816
49752,0.037188208616780044
49753,0.09319125880440672
49754,0.037188208616780044
49755,0.09319125880440672
49756,0.038461538461538464
49757,0.09319125880440672
49758,0.12796208530805686
49759,0.4111776447105788
49760,0.4111776447105788
49761,0.037188208616780044
49762,0.09319125880440672
49763,0.2184936614466816
49764,0.6104928457869634
49765,0.037188208616780044
49766,0.4797297297297297
49767,0.09319125880440672
49768,0.09319125880440672
49769,0.09319125880440672
49770,0.4797297297297297
49771,0.8938547486033519
49772,0.09319125880440672
49773,0.09319125880440672
49774,0.037188208616780044
49775,0.037188208616780044
49776,0.09319125880440672
49777,0.6104928457869634
49778,0.09319125880440672
49779,0.26552462526766596
49780,0.037188208616780044
49781,0.037188208616780044
49782,0.09319125880440672
49783,0.09319125880440672
49784,0.2184936614466816
49785,0.09319125880440672
49786,0.037188208616780044
49787,0.13432835820895522
49788,0.13432835820895522
49789,0.17964071856287425
49790,0.037188208616780044
49791,0.7655172413793103
49792,0.17964071856287425
49793,0.2184936614466816
49794,0.6805251641137856
49795,0.037188208616780044
49796,0.09319125880440672
49797,0.26552462526766596
49798,0.42776203966005666
49799,0.17964071856287425
49800,0.037188208616780044
49801,0.6104928457869634
49802,0.3763440860215054
49803,0.09156193895870736
49804,0.7655172413793103
49805,0.09319125880440672
49806,0.037188208616780044
49807,0.037188208616780044
49808,0.7655172413793103
49809,0.09319125880440672
49810,0.09319125880440672
49811,0.2184936614466816
49812,0.42776203966005666
49813,0.09319125880440672
49814,0.09319125880440672
49815,0.09319125880440672
49816,0.038461538461538464
49817,0.09319125880440672
49818,0.4787234042553192
49819,0.09319125880440672
49820,0.7655172413793103
49821,0.7655172413793103
49822,0.09319125880440672
49823,0.2184936614466816
49824,0.09319125880440672
49825,0.09319125880440672
49826,0.4111776447105788
49827,0.6104928457869634
49828,0.2184936614466816
49829,0.3763440860215054
49830,0.17964071856287425
49831,0.6104928457869634
49832,0.2184936614466816
49833,0.09319125880440672
49834,0.17964071856287425
49835,0.037188208616780044
49836,0.09319125880440672
49837,0.037188208616780044
49838,0.4
49839,0.42776203966005666
49840,0.17391304347826086
49841,0.13432835820895522
49842,0.037188208616780044
49843,0.09319125880440672
49844,0.17964071856287425
49845,0.4698275862068966
49846,0.09319125880440672
49847,0.4111776447105788
49848,0.0189873417721519
49849,0.09319125880440672
49850,0.2184936614466816
49851,0.0189873417721519
49852,0.09319125880440672
49853,0.2184936614466816
49854,0.2184936614466816
49855,0.6805251641137856
49856,0.09319125880440672
49857,0.2184936614466816
49858,0.0189873417721519
49859,0.7655172413793103
49860,0.037188208616780044
49861,0.17964071856287425
49862,0.4111776447105788
49863,0.2184936614466816
49864,0.17964071856287425
49865,0.42776203966005666
49866,0.42776203966005666
49867,0.09319125880440672
49868,0.17964071856287425
49869,0.17964071856287425
49870,0.09319125880440672
49871,0.12796208530805686
49872,0.09156193895870736
49873,0.09319125880440672
49874,0.09319125880440672
49875,0.0189873417721519
49876,0.6805251641137856
49877,0.26552462526766596
49878,0.037188208616780044
49879,0.037188208616780044
49880,0.037188208616780044
49881,0.42776203966005666
49882,0.42776203966005666
49883,0.037188208616780044
49884,0.4111776447105788
49885,0.4111776447105788
49886,0.13432835820895522
49887,0.7655172413793103
49888,0.037188208616780044
49889,0.09319125880440672
49890,0.3958333333333333
49891,0.09156193895870736
49892,0.037188208616780044
49893,0.8103448275862069
49894,0.2184936614466816
49895,0.09319125880440672
49896,0.09319125880440672
49897,0.037188208616780044
49898,0.037188208616780044
49899,0.6104928457869634
49900,0.09319125880440672
49901,0.2184936614466816
49902,0.09319125880440672
49903,0.09319125880440672
49904,0.2184936614466816
49905,0.7655172413793103
49906,0.12796208530805686
49907,0.09319125880440672
49908,0.037188208616780044
49909,0.09319125880440672
49910,0.09319125880440672
49911,0.09319125880440672
49912,0.037188208616780044
49913,0.037188208616780044
49914,0.037188208616780044
49915,0.037188208616780044
49916,0.09319125880440672
49917,0.8938547486033519
49918,0.09319125880440672
49919,0.037188208616780044
49920,0.7655172413793103
49921,0.4111776447105788
49922,0.7655172413793103
49923,0.09319125880440672
49924,0.09319125880440672
49925,0.09319125880440672
49926,0.6805251641137856
49927,0.037188208616780044
49928,0.26552462526766596
49929,0.037188208616780044
49930,0.09319125880440672
49931,0.48520710059171596
49932,0.0189873417721519
49933,0.4698275862068966
49934,0.037188208616780044
49935,0.11239193083573487
49936,0.27807486631016043
49937,0.09319125880440672
49938,0.7655172413793103
49939,0.037188208616780044
49940,0.8938547486033519
49941,0.7655172413793103
49942,0.09319125880440672
49943,0.42776203966005666
49944,0.7521739130434782
49945,0.09319125880440672
49946,0.09319125880440672
49947,0.42776203966005666
49948,0.037188208616780044
49949,0.8938547486033519
49950,0.09319125880440672
49951,0.037188208616780044
49952,0.5738636363636364
49953,0.13432835820895522
49954,0.09319125880440672
49955,0.6104928457869634
49956,0.037188208616780044
49957,0.09319125880440672
49958,0.09156193895870736
49959,0.09319125880440672
49960,0.2184936614466816
49961,0.037188208616780044
49962,0.0189873417721519
49963,0.6104928457869634
49964,0.09319125880440672
49965,0.09319125880440672
49966,0.17964071856287425
49967,0.17964071856287425
49968,0.037188208616780044
49969,0.2184936614466816
49970,0.17964071856287425
49971,0.09319125880440672
49972,0.037188208616780044
49973,0.037188208616780044
49974,0.2184936614466816
49975,0.17391304347826086
49976,0.4111776447105788
49977,0.4111776447105788
49978,0.17964071856287425
49979,0.6104928457869634
49980,0.09319125880440672
49981,0.17964071856287425
49982,0.17964071856287425
49983,0.037188208616780044
49984,0.17964071856287425
49985,0.11239193083573487
49986,0.6805251641137856
49987,0.4111776447105788
49988,0.7655172413793103
49989,0.037188208616780044
49990,0.09319125880440672
49991,0.42776203966005666
49992,0.09156193895870736
49993,0.17964071856287425
49994,0.037188208616780044
49995,0.037188208616780044
49996,0.42776203966005666
49997,0.037188208616780044
49998,0.12796208530805686
49999,0.17964071856287425
50000,0.09319125880440672
50001,0.037188208616780044
50002,0.5738636363636364
50003,0.037188208616780044
50004,0.4111776447105788
50005,0.42776203966005666
50006,0.27807486631016043
50007,0.037188208616780044
50008,0.09319125880440672
50009,0.037188208616780044
50010,0.42776203966005666
50011,0.037188208616780044
50012,0.26552462526766596
50013,0.42776203966005666
50014,0.17391304347826086
50015,0.42776203966005666
50016,0.09319125880440672
50017,0.2184936614466816
50018,0.4111776447105788
50019,0.2184936614466816
50020,0.037188208616780044
50021,0.09319125880440672
50022,0.17964071856287425
50023,0.6805251641137856
50024,0.7655172413793103
50025,0.09319125880440672
50026,0.037188208616780044
50027,0.09319125880440672
50028,0.09319125880440672
50029,0.42776203966005666
50030,0.037188208616780044
50031,0.09319125880440672
50032,0.037188208616780044
50033,0.09319125880440672
50034,0.037188208616780044
50035,0.11239193083573487
50036,0.09319125880440672
50037,0.17964071856287425
50038,0.17964071856287425
50039,0.09319125880440672
50040,0.17964071856287425
50041,0.037188208616780044
50042,0.09319125880440672
50043,0.037188208616780044
50044,0.4111776447105788
50045,0.4797297297297297
50046,0.0189873417721519
50047,0.2184936614466816
50048,0.09319125880440672
50049,0.6805251641137856
50050,0.42776203966005666
50051,0.26552462526766596
50052,0.09319125880440672
50053,0.037188208616780044
50054,0.4797297297297297
50055,0.2184936614466816
50056,0.037188208616780044
50057,0.2184936614466816
50058,0.13432835820895522
50059,0.09319125880440672
50060,0.09319125880440672
50061,0.09319125880440672
50062,0.037188208616780044
50063,0.037188208616780044
50064,0.09156193895870736
50065,0.037188208616780044
50066,0.4698275862068966
50067,0.2184936614466816
50068,0.4111776447105788
50069,0.09319125880440672
50070,0.0189873417721519
50071,0.037188208616780044
50072,0.7655172413793103
50073,0.26552462526766596
50074,0.09319125880440672
50075,0.7655172413793103
50076,0.6104928457869634
50077,0.42776203966005666
50078,0.09319125880440672
50079,0.0189873417721519
50080,0.2184936614466816
50081,0.7655172413793103
50082,0.4111776447105788
50083,0.26552462526766596
50084,0.09319125880440672
50085,0.4111776447105788
50086,0.09319125880440672
50087,0.17964071856287425
50088,0.037188208616780044
50089,0.48520710059171596
50090,0.037188208616780044
50091,0.09319125880440672
50092,0.037188208616780044
50093,0.5738636363636364
50094,0.4797297297297297
50095,0.26552462526766596
50096,0.037188208616780044
50097,0.17964071856287425
50098,0.17964071856287425
50099,0.6805251641137856
50100,0.037188208616780044
50101,0.09156193895870736
50102,0.09156193895870736
50103,0.48520710059171596
50104,0.037188208616780044
50105,0.037188208616780044
50106,0.09319125880440672
50107,0.037188208616780044
50108,0.09319125880440672
50109,0.037188208616780044
50110,0.7655172413793103
50111,0.4111776447105788
50112,0.42776203966005666
50113,0.037188208616780044
50114,0.037188208616780044
50115,0.17964071856287425
50116,0.8103448275862069
50117,0.17964071856287425
50118,0.037188208616780044
50119,0.09319125880440672
50120,0.037188208616780044
50121,0.09319125880440672
50122,0.6104928457869634
50123,0.037188208616780044
50124,0.09319125880440672
50125,0.6805251641137856
50126,0.09319125880440672
50127,0.6104928457869634
50128,0.038461538461538464
50129,0.17964071856287425
50130,0.037188208616780044
50131,0.6805251641137856
50132,0.8938547486033519
50133,0.09319125880440672
50134,0.037188208616780044
50135,0.037188208616780044
50136,0.2184936614466816
50137,0.4698275862068966
50138,0.09319125880440672
50139,0.037188208616780044
50140,0.09319125880440672
50141,0.037188208616780044
50142,0.17964071856287425
50143,0.7521739130434782
50144,0.4111776447105788
50145,0.037188208616780044
50146,0.42776203966005666
50147,0.17964071856287425
50148,0.26552462526766596
50149,0.037188208616780044
50150,0.037188208616780044
50151,0.0189873417721519
50152,0.037188208616780044
50153,0.2184936614466816
50154,0.09319125880440672
50155,0.09319125880440672
50156,0.037188208616780044
50157,0.038461538461538464
50158,0.7655172413793103
50159,0.038461538461538464
50160,0.037188208616780044
50161,0.09319125880440672
50162,0.09319125880440672
50163,0.037188208616780044
50164,0.13432835820895522
50165,0.037188208616780044
50166,0.09319125880440672
50167,0.2184936614466816
50168,0.09319125880440672
50169,0.13432835820895522
50170,0.09319125880440672
50171,0.11239193083573487
50172,0.09319125880440672
50173,0.17964071856287425
50174,0.09319125880440672
50175,0.09319125880440672
50176,0.037188208616780044
50177,0.4787234042553192
50178,0.037188208616780044
50179,0.09319125880440672
50180,0.0189873417721519
50181,0.09319125880440672
50182,0.2184936614466816
50183,0.7655172413793103
50184,0.037188208616780044
50185,0.7655172413793103
50186,0.09319125880440672
50187,0.7655172413793103
50188,0.09156193895870736
50189,0.2184936614466816
50190,0.09319125880440672
50191,0.6805251641137856
50192,0.037188208616780044
50193,0.09319125880440672
50194,0.037188208616780044
50195,0.17964071856287425
50196,0.0189873417721519
50197,0.4111776447105788
50198,0.4698275862068966
50199,0.09319125880440672
50200,0.4111776447105788
50201,0.09156193895870736
50202,0.26552462526766596
50203,0.17964071856287425
50204,0.037188208616780044
50205,0.7655172413793103
50206,0.6805251641137856
50207,0.09319125880440672
50208,0.037188208616780044
50209,0.12796208530805686
50210,0.17964071856287425
50211,0.42776203966005666
50212,0.4698275862068966
50213,0.09319125880440672
50214,0.4111776447105788
50215,0.09319125880440672
50216,0.4797297297297297
50217,0.037188208616780044
50218,0.17964071856287425
50219,0.037188208616780044
50220,0.09319125880440672
50221,0.037188208616780044
50222,0.2184936614466816
50223,0.09319125880440672
50224,0.17964071856287425
50225,0.4111776447105788
50226,0.09319125880440672
50227,0.27807486631016043
50228,0.09319125880440672
50229,0.17964071856287425
50230,0.09319125880440672
50231,0.5738636363636364
50232,0.0189873417721519
50233,0.6104928457869634
50234,0.2184936614466816
50235,0.09319125880440672
50236,0.037188208616780044
50237,0.09319125880440672
50238,0.48520710059171596
50239,0.2184936614466816
50240,0.037188208616780044
50241,0.037188208616780044
50242,0.4111776447105788
50243,0.09319125880440672
50244,0.09319125880440672
50245,0.037188208616780044
50246,0.4787234042553192
50247,0.48520710059171596
50248,0.17964071856287425
50249,0.09319125880440672
50250,0.4698275862068966
50251,0.037188208616780044
50252,0.037188208616780044
50253,0.09319125880440672
50254,0.038461538461538464
50255,0.09319125880440672
50256,0.09319125880440672
50257,0.4111776447105788
50258,0.037188208616780044
50259,0.037188208616780044
50260,0.037188208616780044
50261,0.7655172413793103
50262,0.037188208616780044
50263,0.037188208616780044
50264,0.037188208616780044
50265,0.7655172413793103
50266,0.17964071856287425
50267,0.037188208616780044
50268,0.09319125880440672
50269,0.09319125880440672
50270,0.2184936614466816
50271,0.0189873417721519
50272,0.09319125880440672
50273,0.037188208616780044
50274,0.17964071856287425
50275,0.037188208616780044
50276,0.037188208616780044
50277,0.038461538461538464
50278,0.6805251641137856
50279,0.09319125880440672
50280,0.09319125880440672
50281,0.037188208616780044
50282,0.0189873417721519
50283,0.6805251641137856
50284,0.09319125880440672
50285,0.17964071856287425
50286,0.037188208616780044
50287,0.4111776447105788
50288,0.037188208616780044
50289,0.4698275862068966
50290,0.09319125880440672
50291,0.5738636363636364
50292,0.09156193895870736
50293,0.13432835820895522
50294,0.09319125880440672
50295,0.27807486631016043
50296,0.6805251641137856
50297,0.037188208616780044
50298,0.09319125880440672
50299,0.09319125880440672
50300,0.09319125880440672
50301,0.09319125880440672
50302,0.7655172413793103
50303,0.6104928457869634
50304,0.3958333333333333
50305,0.09319125880440672
50306,0.09319125880440672
50307,0.037188208616780044
50308,0.09319125880440672
50309,0.09319125880440672
50310,0.8103448275862069
50311,0.7655172413793103
50312,0.13432835820895522
50313,0.17964071856287425
50314,0.7655172413793103
50315,0.09319125880440672
50316,0.3958333333333333
50317,0.09319125880440672
50318,0.0189873417721519
50319,0.037188208616780044
50320,0.037188208616780044
50321,0.17964071856287425
50322,0.09319125880440672
50323,0.4797297297297297
50324,0.13432835820895522
50325,0.09319125880440672
50326,0.037188208616780044
50327,0.09319125880440672
50328,0.037188208616780044
50329,0.17964071856287425
50330,0.4111776447105788
50331,0.17964071856287425
50332,0.17964071856287425
50333,0.8938547486033519
50334,0.037188208616780044
50335,0.7655172413793103
50336,0.09319125880440672
50337,0.09319125880440672
50338,0.42776203966005666
50339,0.037188208616780044
50340,0.17964071856287425
50341,0.09319125880440672
50342,0.2184936614466816
50343,0.48520710059171596
50344,0.09319125880440672
50345,0.48520710059171596
50346,0.09156193895870736
50347,0.09156193895870736
50348,0.13432835820895522
50349,0.0189873417721519
50350,0.037188208616780044
50351,0.09319125880440672
50352,0.42776203966005666
50353,0.09319125880440672
50354,0.6104928457869634
50355,0.037188208616780044
50356,0.6104928457869634
50357,0.09319125880440672
50358,0.09319125880440672
50359,0.09319125880440672
50360,0.037188208616780044
50361,0.09319125880440672
50362,0.8938547486033519
50363,0.13432835820895522
50364,0.6805251641137856
50365,0.13432835820895522
50366,0.4111776447105788
50367,0.037188208616780044
50368,0.037188208616780044
50369,0.17964071856287425
50370,0.4111776447105788
50371,0.2184936614466816
50372,0.037188208616780044
50373,0.037188208616780044
50374,0.09319125880440672
50375,0.2184936614466816
50376,0.09319125880440672
50377,0.42776203966005666
50378,0.037188208616780044
50379,0.09319125880440672
50380,0.2184936614466816
50381,0.09319125880440672
50382,0.09319125880440672
50383,0.17964071856287425
50384,0.09319125880440672
50385,0.037188208616780044
50386,0.8938547486033519
50387,0.09319125880440672
50388,0.0189873417721519
50389,0.037188208616780044
50390,0.09319125880440672
50391,0.09319125880440672
50392,0.09319125880440672
50393,0.09319125880440672
50394,0.4698275862068966
50395,0.7655172413793103
50396,0.037188208616780044
50397,0.26552462526766596
50398,0.09319125880440672
50399,0.038461538461538464
50400,0.0189873417721519
50401,0.4111776447105788
50402,0.037188208616780044
50403,0.09319125880440672
50404,0.09319125880440672
50405,0.48520710059171596
50406,0.4111776447105788
50407,0.037188208616780044
50408,0.2184936614466816
50409,0.09319125880440672
50410,0.037188208616780044
50411,0.7521739130434782
50412,0.2184936614466816
50413,0.13432835820895522
50414,0.09319125880440672
50415,0.17964071856287425
50416,0.037188208616780044
50417,0.09319125880440672
50418,0.4698275862068966
50419,0.09319125880440672
50420,0.09319125880440672
50421,0.037188208616780044
50422,0.09319125880440672
50423,0.26552462526766596
50424,0.7521739130434782
50425,0.09319125880440672
50426,0.037188208616780044
50427,0.037188208616780044
50428,0.6104928457869634
50429,0.037188208616780044
50430,0.0189873417721519
50431,0.09319125880440672
50432,0.09319125880440672
50433,0.2184936614466816
50434,0.037188208616780044
50435,0.7655172413793103
50436,0.09319125880440672
50437,0.09319125880440672
50438,0.4111776447105788
50439,0.42776203966005666
50440,0.26552462526766596
50441,0.6805251641137856
50442,0.037188208616780044
50443,0.42776203966005666
50444,0.4797297297297297
50445,0.6104928457869634
50446,0.2184936614466816
50447,0.09319125880440672
50448,0.4111776447105788
50449,0.7521739130434782
50450,0.5738636363636364
50451,0.24324324324324326
50452,0.037188208616780044
50453,0.6805251641137856
50454,0.09319125880440672
50455,0.4797297297297297
50456,0.09319125880440672
50457,0.09319125880440672
50458,0.2184936614466816
50459,0.4111776447105788
50460,0.09319125880440672
50461,0.5738636363636364
50462,0.2184936614466816
50463,0.09319125880440672
50464,0.0189873417721519
50465,0.037188208616780044
50466,0.09319125880440672
50467,0.5738636363636364
50468,0.037188208616780044
50469,0.42776203966005666
50470,0.037188208616780044
50471,0.6104928457869634
50472,0.2184936614466816
50473,0.4797297297297297
50474,0.8938547486033519
50475,0.038461538461538464
50476,0.037188208616780044
50477,0.09319125880440672
50478,0.037188208616780044
50479,0.11239193083573487
50480,0.2184936614466816
50481,0.26552462526766596
50482,0.27807486631016043
50483,0.037188208616780044
50484,0.09319125880440672
50485,0.037188208616780044
50486,0.09319125880440672
50487,0.037188208616780044
50488,0.17964071856287425
50489,0.2184936614466816
50490,0.037188208616780044
50491,0.037188208616780044
50492,0.037188208616780044
50493,0.09319125880440672
50494,0.17964071856287425
50495,0.24324324324324326
50496,0.17964071856287425
50497,0.17964071856287425
50498,0.037188208616780044
50499,0.09319125880440672
50500,0.7655172413793103
50501,0.037188208616780044
50502,0.09319125880440672
50503,0.037188208616780044
50504,0.3958333333333333
50505,0.037188208616780044
50506,0.09319125880440672
50507,0.2184936614466816
50508,0.037188208616780044
50509,0.7655172413793103
50510,0.037188208616780044
50511,0.037188208616780044
50512,0.037188208616780044
50513,0.4111776447105788
50514,0.5738636363636364
50515,0.037188208616780044
50516,0.3763440860215054
50517,0.037188208616780044
50518,0.09319125880440672
50519,0.09156193895870736
50520,0.09156193895870736
50521,0.6104928457869634
50522,0.6805251641137856
50523,0.2184936614466816
50524,0.09319125880440672
50525,0.09319125880440672
50526,0.037188208616780044
50527,0.09319125880440672
50528,0.037188208616780044
50529,0.037188208616780044
50530,0.17964071856287425
50531,0.4111776447105788
50532,0.11239193083573487
50533,0.09319125880440672
50534,0.11239193083573487
50535,0.09156193895870736
50536,0.037188208616780044
50537,0.17964071856287425
50538,0.09319125880440672
50539,0.09319125880440672
50540,0.09319125880440672
50541,0.09319125880440672
50542,0.3958333333333333
50543,0.6104928457869634
50544,0.09319125880440672
50545,0.17964071856287425
50546,0.2184936614466816
50547,0.09319125880440672
50548,0.8938547486033519
50549,0.26552462526766596
50550,0.17964071856287425
50551,0.037188208616780044
50552,0.7521739130434782
50553,0.037188208616780044
50554,0.09319125880440672
50555,0.7655172413793103
50556,0.09319125880440672
50557,0.09319125880440672
50558,0.037188208616780044
50559,0.7521739130434782
50560,0.3958333333333333
50561,0.037188208616780044
50562,0.037188208616780044
50563,0.17964071856287425
50564,0.4
50565,0.4111776447105788
50566,0.09156193895870736
50567,0.8938547486033519
50568,0.037188208616780044
50569,0.037188208616780044
50570,0.4111776447105788
50571,0.13432835820895522
50572,0.2184936614466816
50573,0.037188208616780044
50574,0.13432835820895522
50575,0.037188208616780044
50576,0.09319125880440672
50577,0.09319125880440672
50578,0.09319125880440672
50579,0.037188208616780044
50580,0.17964071856287425
50581,0.42776203966005666
50582,0.037188208616780044
50583,0.13432835820895522
50584,0.09156193895870736
50585,0.09319125880440672
50586,0.2184936614466816
50587,0.0189873417721519
50588,0.6805251641137856
50589,0.11239193083573487
50590,0.7655172413793103
50591,0.09319125880440672
50592,0.3958333333333333
50593,0.13432835820895522
50594,0.09156193895870736
50595,0.037188208616780044
50596,0.17964071856287425
50597,0.17964071856287425
50598,0.037188208616780044
50599,0.2184936614466816
50600,0.5738636363636364
50601,0.12796208530805686
50602,0.8938547486033519
50603,0.037188208616780044
50604,0.42776203966005666
50605,0.4111776447105788
50606,0.11239193083573487
50607,0.42776203966005666
50608,0.13432835820895522
50609,0.2184936614466816
50610,0.13432835820895522
50611,0.09319125880440672
50612,0.037188208616780044
50613,0.09319125880440672
50614,0.09319125880440672
50615,0.09319125880440672
50616,0.17964071856287425
50617,0.26552462526766596
50618,0.17964071856287425
50619,0.17391304347826086
50620,0.09319125880440672
50621,0.13432835820895522
50622,0.037188208616780044
50623,0.09319125880440672
50624,0.26552462526766596
50625,0.13432835820895522
50626,0.2184936614466816
50627,0.037188208616780044
50628,0.17391304347826086
50629,0.17964071856287425
50630,0.037188208616780044
50631,0.2184936614466816
50632,0.4698275862068966
50633,0.09319125880440672
50634,0.4111776447105788
50635,0.4111776447105788
50636,0.037188208616780044
50637,0.037188208616780044
50638,0.42776203966005666
50639,0.42776203966005666
50640,0.09319125880440672
50641,0.037188208616780044
50642,0.09319125880440672
50643,0.42776203966005666
50644,0.09319125880440672
50645,0.09319125880440672
50646,0.2184936614466816
50647,0.09319125880440672
50648,0.09319125880440672
50649,0.09319125880440672
50650,0.0189873417721519
50651,0.17964071856287425
50652,0.17391304347826086
50653,0.4797297297297297
50654,0.038461538461538464
50655,0.7655172413793103
50656,0.037188208616780044
50657,0.037188208616780044
50658,0.037188208616780044
50659,0.09319125880440672
50660,0.5738636363636364
50661,0.7521739130434782
50662,0.09319125880440672
50663,0.7655172413793103
50664,0.09319125880440672
50665,0.4698275862068966
50666,0.6805251641137856
50667,0.7655172413793103
50668,0.13432835820895522
50669,0.17391304347826086
50670,0.2184936614466816
50671,0.09319125880440672
50672,0.09319125880440672
50673,0.037188208616780044
50674,0.037188208616780044
50675,0.12796208530805686
50676,0.17964071856287425
50677,0.4797297297297297
50678,0.09319125880440672
50679,0.26552462526766596
50680,0.2184936614466816
50681,0.037188208616780044
50682,0.4111776447105788
50683,0.17964071856287425
50684,0.037188208616780044
50685,0.4111776447105788
50686,0.17964071856287425
50687,0.037188208616780044
50688,0.7655172413793103
50689,0.09319125880440672
50690,0.7655172413793103
50691,0.6805251641137856
50692,0.09156193895870736
50693,0.2184936614466816
50694,0.09319125880440672
50695,0.09319125880440672
50696,0.037188208616780044
50697,0.09319125880440672
50698,0.17964071856287425
50699,0.09319125880440672
50700,0.037188208616780044
50701,0.26552462526766596
50702,0.038461538461538464
50703,0.09319125880440672
50704,0.4787234042553192
50705,0.09319125880440672
50706,0.09319125880440672
50707,0.13432835820895522
50708,0.6104928457869634
50709,0.037188208616780044
50710,0.4111776447105788
50711,0.09319125880440672
50712,0.09319125880440672
50713,0.037188208616780044
50714,0.7521739130434782
50715,0.09319125880440672
50716,0.7655172413793103
50717,0.2184936614466816
50718,0.6104928457869634
50719,0.09319125880440672
50720,0.7655172413793103
50721,0.09319125880440672
50722,0.13432835820895522
50723,0.09319125880440672
50724,0.3763440860215054
50725,0.09319125880440672
50726,0.037188208616780044
50727,0.037188208616780044
50728,0.2184936614466816
50729,0.037188208616780044
50730,0.09319125880440672
50731,0.09319125880440672
50732,0.09319125880440672
50733,0.2184936614466816
50734,0.2184936614466816
50735,0.09319125880440672
50736,0.037188208616780044
50737,0.11239193083573487
50738,0.17964071856287425
50739,0.09156193895870736
50740,0.038461538461538464
50741,0.09319125880440672
50742,0.2184936614466816
50743,0.4698275862068966
50744,0.09319125880440672
50745,0.11239193083573487
50746,0.2184936614466816
50747,0.037188208616780044
50748,0.09319125880440672
50749,0.09319125880440672
50750,0.037188208616780044
50751,0.037188208616780044
50752,0.09156193895870736
50753,0.27807486631016043
50754,0.11239193083573487
50755,0.038461538461538464
50756,0.7655172413793103
50757,0.6805251641137856
50758,0.26552462526766596
50759,0.09319125880440672
50760,0.037188208616780044
50761,0.6104928457869634
50762,0.037188208616780044
50763,0.11239193083573487
50764,0.09319125880440672
50765,0.037188208616780044
50766,0.037188208616780044
50767,0.17964071856287425
50768,0.09319125880440672
50769,0.26552462526766596
50770,0.2184936614466816
50771,0.037188208616780044
50772,0.4111776447105788
50773,0.6805251641137856
50774,0.12796208530805686
50775,0.17391304347826086
50776,0.6104928457869634
50777,0.3958333333333333
50778,0.09319125880440672
50779,0.4797297297297297
50780,0.27807486631016043
50781,0.09319125880440672
50782,0.7655172413793103
50783,0.12796208530805686
50784,0.037188208616780044
50785,0.6805251641137856
50786,0.09319125880440672
50787,0.037188208616780044
50788,0.037188208616780044
50789,0.42776203966005666
50790,0.13432835820895522
50791,0.42776203966005666
50792,0.2184936614466816
50793,0.2184936614466816
50794,0.09319125880440672
50795,0.09156193895870736
50796,0.11239193083573487
50797,0.2184936614466816
50798,0.2184936614466816
50799,0.17964071856287425
50800,0.09156193895870736
50801,0.09319125880440672
50802,0.09319125880440672
50803,0.037188208616780044
50804,0.6104928457869634
50805,0.037188208616780044
50806,0.09156193895870736
50807,0.17964071856287425
50808,0.09319125880440672
50809,0.09319125880440672
50810,0.09319125880440672
50811,0.6805251641137856
50812,0.09319125880440672
50813,0.09319125880440672
50814,0.26552462526766596
50815,0.4111776447105788
50816,0.7655172413793103
50817,0.2184936614466816
50818,0.13432835820895522
50819,0.4698275862068966
50820,0.4111776447105788
50821,0.09319125880440672
50822,0.2184936614466816
50823,0.037188208616780044
50824,0.09319125880440672
50825,0.42776203966005666
50826,0.09319125880440672
50827,0.09319125880440672
50828,0.2184936614466816
50829,0.09319125880440672
50830,0.17964071856287425
50831,0.037188208616780044
50832,0.13432835820895522
50833,0.037188208616780044
50834,0.4111776447105788
50835,0.26552462526766596
50836,0.0189873417721519
50837,0.037188208616780044
50838,0.17964071856287425
50839,0.09319125880440672
50840,0.037188208616780044
50841,0.3763440860215054
50842,0.037188208616780044
50843,0.0189873417721519
50844,0.037188208616780044
50845,0.037188208616780044
50846,0.037188208616780044
50847,0.26552462526766596
50848,0.7655172413793103
50849,0.17964071856287425
50850,0.26552462526766596
50851,0.037188208616780044
50852,0.2184936614466816
50853,0.037188208616780044
50854,0.09319125880440672
50855,0.037188208616780044
50856,0.48520710059171596
50857,0.09319125880440672
50858,0.037188208616780044
50859,0.17391304347826086
50860,0.09319125880440672
50861,0.09319125880440672
50862,0.4698275862068966
50863,0.037188208616780044
50864,0.09319125880440672
50865,0.4111776447105788
50866,0.09156193895870736
50867,0.6104928457869634
50868,0.13432835820895522
50869,0.09319125880440672
50870,0.09319125880440672
50871,0.037188208616780044
50872,0.037188208616780044
50873,0.4698275862068966
50874,0.6104928457869634
50875,0.4797297297297297
50876,0.037188208616780044
50877,0.7655172413793103
50878,0.42776203966005666
50879,0.037188208616780044
50880,0.09319125880440672
50881,0.037188208616780044
50882,0.7655172413793103
50883,0.2184936614466816
50884,0.037188208616780044
50885,0.42776203966005666
50886,0.11239193083573487
50887,0.09319125880440672
50888,0.13432835820895522
50889,0.7655172413793103
50890,0.09319125880440672
50891,0.17964071856287425
50892,0.5738636363636364
50893,0.0189873417721519
50894,0.09319125880440672
50895,0.037188208616780044
50896,0.09319125880440672
50897,0.4787234042553192
50898,0.2184936614466816
50899,0.037188208616780044
50900,0.2184936614466816
50901,0.17391304347826086
50902,0.7655172413793103
50903,0.037188208616780044
50904,0.6104928457869634
50905,0.4111776447105788
50906,0.037188208616780044
50907,0.2184936614466816
50908,0.09319125880440672
50909,0.4111776447105788
50910,0.09156193895870736
50911,0.09319125880440672
50912,0.48520710059171596
50913,0.037188208616780044
50914,0.037188208616780044
50915,0.09319125880440672
50916,0.09319125880440672
50917,0.037188208616780044
50918,0.09319125880440672
50919,0.2184936614466816
50920,0.09319125880440672
50921,0.09319125880440672
50922,0.5738636363636364
50923,0.2184936614466816
50924,0.09319125880440672
50925,0.09319125880440672
50926,0.6104928457869634
50927,0.09319125880440672
50928,0.09319125880440672
50929,0.037188208616780044
50930,0.12796208530805686
50931,0.037188208616780044
50932,0.42776203966005666
50933,0.09319125880440672
50934,0.17964071856287425
50935,0.037188208616780044
50936,0.09319125880440672
50937,0.0189873417721519
50938,0.42776203966005666
50939,0.6805251641137856
50940,0.037188208616780044
50941,0.037188208616780044
50942,0.09319125880440672
50943,0.5738636363636364
50944,0.037188208616780044
50945,0.037188208616780044
50946,0.4111776447105788
50947,0.09319125880440672
50948,0.09319125880440672
50949,0.7655172413793103
50950,0.6104928457869634
50951,0.037188208616780044
50952,0.037188208616780044
50953,0.12796208530805686
50954,0.17964071856287425
50955,0.09319125880440672
50956,0.037188208616780044
50957,0.6104928457869634
50958,0.4698275862068966
50959,0.09319125880440672
50960,0.2184936614466816
50961,0.17964071856287425
50962,0.26552462526766596
50963,0.2184936614466816
50964,0.037188208616780044
50965,0.09319125880440672
50966,0.13432835820895522
50967,0.7655172413793103
50968,0.26552462526766596
50969,0.26552462526766596
50970,0.6104928457869634
50971,0.2184936614466816
50972,0.4111776447105788
50973,0.09319125880440672
50974,0.26552462526766596
50975,0.17964071856287425
50976,0.09156193895870736
50977,0.09319125880440672
50978,0.09319125880440672
50979,0.8938547486033519
50980,0.037188208616780044
50981,0.17391304347826086
50982,0.037188208616780044
50983,0.037188208616780044
50984,0.17964071856287425
50985,0.037188208616780044
50986,0.6104928457869634
50987,0.09319125880440672
50988,0.2184936614466816
50989,0.13432835820895522
50990,0.17964071856287425
50991,0.037188208616780044
50992,0.037188208616780044
50993,0.09319125880440672
50994,0.0189873417721519
50995,0.037188208616780044
50996,0.09319125880440672
50997,0.17964071856287425
50998,0.42776203966005666
50999,0.4787234042553192
51000,0.09319125880440672
51001,0.09319125880440672
51002,0.0189873417721519
51003,0.6805251641137856
51004,0.037188208616780044
51005,0.037188208616780044
51006,0.037188208616780044
51007,0.2184936614466816
51008,0.037188208616780044
51009,0.7655172413793103
51010,0.09319125880440672
51011,0.13432835820895522
51012,0.09319125880440672
51013,0.8938547486033519
51014,0.09319125880440672
51015,0.6805251641137856
51016,0.09319125880440672
51017,0.037188208616780044
51018,0.2184936614466816
51019,0.4111776447105788
51020,0.13432835820895522
51021,0.09319125880440672
51022,0.037188208616780044
51023,0.09156193895870736
51024,0.26552462526766596
51025,0.037188208616780044
51026,0.037188208616780044
51027,0.09319125880440672
51028,0.0189873417721519
51029,0.09319125880440672
51030,0.4111776447105788
51031,0.17964071856287425
51032,0.09319125880440672
51033,0.09319125880440672
51034,0.037188208616780044
51035,0.17964071856287425
51036,0.26552462526766596
51037,0.2184936614466816
51038,0.037188208616780044
51039,0.09319125880440672
51040,0.17391304347826086
51041,0.09319125880440672
51042,0.17964071856287425
51043,0.09319125880440672
51044,0.4111776447105788
51045,0.2184936614466816
51046,0.2184936614466816
51047,0.09319125880440672
51048,0.8938547486033519
51049,0.09156193895870736
51050,0.037188208616780044
51051,0.037188208616780044
51052,0.8938547486033519
51053,0.037188208616780044
51054,0.09319125880440672
51055,0.7655172413793103
51056,0.17964071856287425
51057,0.17964071856287425
51058,0.7655172413793103
51059,0.26552462526766596
51060,0.2184936614466816
51061,0.48520710059171596
51062,0.037188208616780044
51063,0.09319125880440672
51064,0.4111776447105788
51065,0.17964071856287425
51066,0.24324324324324326
51067,0.09319125880440672
51068,0.037188208616780044
51069,0.0189873417721519
51070,0.7521739130434782
51071,0.6805251641137856
51072,0.09319125880440672
51073,0.037188208616780044
51074,0.2184936614466816
51075,0.09319125880440672
51076,0.037188208616780044
51077,0.09319125880440672
51078,0.037188208616780044
51079,0.2184936614466816
51080,0.48520710059171596
51081,0.4111776447105788
51082,0.037188208616780044
51083,0.24324324324324326
51084,0.09319125880440672
51085,0.037188208616780044
51086,0.42776203966005666
51087,0.09319125880440672
51088,0.09319125880440672
51089,0.4787234042553192
51090,0.09156193895870736
51091,0.6104928457869634
51092,0.09319125880440672
51093,0.17391304347826086
51094,0.17964071856287425
51095,0.6805251641137856
51096,0.09319125880440672
51097,0.2184936614466816
51098,0.13432835820895522
51099,0.037188208616780044
51100,0.09319125880440672
51101,0.09319125880440672
51102,0.2184936614466816
51103,0.6805251641137856
51104,0.4698275862068966
51105,0.09319125880440672
51106,0.27807486631016043
51107,0.09319125880440672
51108,0.037188208616780044
51109,0.3763440860215054
51110,0.2184936614466816
51111,0.4787234042553192
51112,0.7655172413793103
51113,0.7655172413793103
51114,0.2184936614466816
51115,0.5738636363636364
51116,0.09319125880440672
51117,0.09319125880440672
51118,0.037188208616780044
51119,0.8938547486033519
51120,0.09319125880440672
51121,0.0189873417721519
51122,0.09319125880440672
51123,0.09319125880440672
51124,0.037188208616780044
51125,0.17964071856287425
51126,0.09319125880440672
51127,0.09156193895870736
51128,0.037188208616780044
51129,0.037188208616780044
51130,0.037188208616780044
51131,0.7521739130434782
51132,0.09319125880440672
51133,0.42776203966005666
51134,0.4111776447105788
51135,0.0189873417721519
51136,0.26552462526766596
51137,0.09319125880440672
51138,0.7655172413793103
51139,0.2184936614466816
51140,0.09319125880440672
51141,0.037188208616780044
51142,0.7655172413793103
51143,0.27807486631016043
51144,0.09319125880440672
51145,0.037188208616780044
51146,0.4111776447105788
51147,0.26552462526766596
51148,0.2184936614466816
51149,0.037188208616780044
51150,0.4111776447105788
51151,0.09319125880440672
51152,0.17964071856287425
51153,0.037188208616780044
51154,0.037188208616780044
51155,0.037188208616780044
51156,0.6805251641137856
51157,0.09319125880440672
51158,0.6104928457869634
51159,0.09156193895870736
51160,0.8938547486033519
51161,0.4
51162,0.09319125880440672
51163,0.037188208616780044
51164,0.4111776447105788
51165,0.09319125880440672
51166,0.17964071856287425
51167,0.6104928457869634
51168,0.09319125880440672
51169,0.13432835820895522
51170,0.2184936614466816
51171,0.037188208616780044
51172,0.13432835820895522
51173,0.2184936614466816
51174,0.2184936614466816
51175,0.2184936614466816
51176,0.037188208616780044
51177,0.17964071856287425
51178,0.4787234042553192
51179,0.42776203966005666
51180,0.037188208616780044
51181,0.4797297297297297
51182,0.09319125880440672
51183,0.09319125880440672
51184,0.13432835820895522
51185,0.037188208616780044
51186,0.17964071856287425
51187,0.09319125880440672
51188,0.42776203966005666
51189,0.8103448275862069
51190,0.037188208616780044
51191,0.09319125880440672
51192,0.4797297297297297
51193,0.4111776447105788
51194,0.09319125880440672
51195,0.27807486631016043
51196,0.13432835820895522
51197,0.17964071856287425
51198,0.17964071856287425
51199,0.037188208616780044
51200,0.037188208616780044
51201,0.09319125880440672
51202,0.17391304347826086
51203,0.48520710059171596
51204,0.037188208616780044
51205,0.09319125880440672
51206,0.09319125880440672
51207,0.17964071856287425
51208,0.4111776447105788
51209,0.09319125880440672
51210,0.4111776447105788
51211,0.4111776447105788
51212,0.09319125880440672
51213,0.0189873417721519
51214,0.037188208616780044
51215,0.6104928457869634
51216,0.42776203966005666
51217,0.6104928457869634
51218,0.4111776447105788
51219,0.037188208616780044
51220,0.2184936614466816
51221,0.09319125880440672
51222,0.27807486631016043
51223,0.037188208616780044
51224,0.09319125880440672
51225,0.09319125880440672
51226,0.6104928457869634
51227,0.6805251641137856
51228,0.09319125880440672
51229,0.4698275862068966
51230,0.09319125880440672
51231,0.13432835820895522
51232,0.2184936614466816
51233,0.09319125880440672
51234,0.09319125880440672
51235,0.2184936614466816
51236,0.037188208616780044
51237,0.09319125880440672
51238,0.17964071856287425
51239,0.26552462526766596
51240,0.7655172413793103
51241,0.09319125880440672
51242,0.037188208616780044
51243,0.09319125880440672
51244,0.09156193895870736
51245,0.037188208616780044
51246,0.09319125880440672
51247,0.11239193083573487
51248,0.2184936614466816
51249,0.7655172413793103
51250,0.42776203966005666
51251,0.09319125880440672
51252,0.037188208616780044
51253,0.037188208616780044
51254,0.26552462526766596
51255,0.0189873417721519
51256,0.4111776447105788
51257,0.4111776447105788
51258,0.037188208616780044
51259,0.09319125880440672
51260,0.09319125880440672
51261,0.09319125880440672
51262,0.037188208616780044
51263,0.0189873417721519
51264,0.037188208616780044
51265,0.42776203966005666
51266,0.09319125880440672
51267,0.09319125880440672
51268,0.0189873417721519
51269,0.09319125880440672
51270,0.09319125880440672
51271,0.037188208616780044
51272,0.037188208616780044
51273,0.5738636363636364
51274,0.09156193895870736
51275,0.09319125880440672
51276,0.17964071856287425
51277,0.17964071856287425
51278,0.037188208616780044
51279,0.09319125880440672
51280,0.13432835820895522
51281,0.3763440860215054
51282,0.7521739130434782
51283,0.09319125880440672
51284,0.6805251641137856
51285,0.17964071856287425
51286,0.09319125880440672
51287,0.09319125880440672
51288,0.4111776447105788
51289,0.6805251641137856
51290,0.09156193895870736
51291,0.7655172413793103
51292,0.17964071856287425
51293,0.09319125880440672
51294,0.037188208616780044
51295,0.2184936614466816
51296,0.037188208616780044
51297,0.7655172413793103
51298,0.4111776447105788
51299,0.037188208616780044
51300,0.4111776447105788
51301,0.037188208616780044
51302,0.17391304347826086
51303,0.09319125880440672
51304,0.2184936614466816
51305,0.2184936614466816
51306,0.6805251641137856
51307,0.42776203966005666
51308,0.27807486631016043
51309,0.037188208616780044
51310,0.09319125880440672
51311,0.09319125880440672
51312,0.42776203966005666
51313,0.09319125880440672
51314,0.0189873417721519
51315,0.17964071856287425
51316,0.09319125880440672
51317,0.4797297297297297
51318,0.09319125880440672
51319,0.26552462526766596
51320,0.09319125880440672
51321,0.42776203966005666
51322,0.037188208616780044
51323,0.5738636363636364
51324,0.09319125880440672
51325,0.037188208616780044
51326,0.17964071856287425
51327,0.17964071856287425
51328,0.037188208616780044
51329,0.2184936614466816
51330,0.26552462526766596
51331,0.0189873417721519
51332,0.037188208616780044
51333,0.09319125880440672
51334,0.09319125880440672
51335,0.037188208616780044
51336,0.09319125880440672
51337,0.7655172413793103
51338,0.09319125880440672
51339,0.037188208616780044
51340,0.42776203966005666
51341,0.09319125880440672
51342,0.2184936614466816
51343,0.5738636363636364
51344,0.037188208616780044
51345,0.0189873417721519
51346,0.4111776447105788
51347,0.17964071856287425
51348,0.0189873417721519
51349,0.0189873417721519
51350,0.037188208616780044
51351,0.17964071856287425
51352,0.037188208616780044
51353,0.09319125880440672
51354,0.037188208616780044
51355,0.037188208616780044
51356,0.6805251641137856
51357,0.09319125880440672
51358,0.037188208616780044
51359,0.037188208616780044
51360,0.037188208616780044
51361,0.09319125880440672
51362,0.09319125880440672
51363,0.2184936614466816
51364,0.037188208616780044
51365,0.09319125880440672
51366,0.09319125880440672
51367,0.09319125880440672
51368,0.2184936614466816
51369,0.037188208616780044
51370,0.037188208616780044
51371,0.5738636363636364
51372,0.037188208616780044
51373,0.2184936614466816
51374,0.2184936614466816
51375,0.24324324324324326
51376,0.038461538461538464
51377,0.09319125880440672
51378,0.48520710059171596
51379,0.09319125880440672
51380,0.09319125880440672
51381,0.26552462526766596
51382,0.2184936614466816
51383,0.17964071856287425
51384,0.17964071856287425
51385,0.09319125880440672
51386,0.09319125880440672
51387,0.037188208616780044
51388,0.09319125880440672
51389,0.037188208616780044
51390,0.17964071856287425
51391,0.09319125880440672
51392,0.09319125880440672
51393,0.09319125880440672
51394,0.27807486631016043
51395,0.2184936614466816
51396,0.037188208616780044
51397,0.13432835820895522
51398,0.42776203966005666
51399,0.42776203966005666
51400,0.42776203966005666
51401,0.038461538461538464
51402,0.27807486631016043
51403,0.09156193895870736
51404,0.09319125880440672
51405,0.11239193083573487
51406,0.2184936614466816
51407,0.4111776447105788
51408,0.7655172413793103
51409,0.037188208616780044
51410,0.17964071856287425
51411,0.09319125880440672
51412,0.09319125880440672
51413,0.13432835820895522
51414,0.17964071856287425
51415,0.13432835820895522
51416,0.42776203966005666
51417,0.13432835820895522
51418,0.09319125880440672
51419,0.09319125880440672
51420,0.09319125880440672
51421,0.09319125880440672
51422,0.17964071856287425
51423,0.037188208616780044
51424,0.27807486631016043
51425,0.09319125880440672
51426,0.0189873417721519
51427,0.17964071856287425
51428,0.09319125880440672
51429,0.26552462526766596
51430,0.09319125880440672
51431,0.09319125880440672
51432,0.17964071856287425
51433,0.09319125880440672
51434,0.09319125880440672
51435,0.2184936614466816
51436,0.037188208616780044
51437,0.4787234042553192
51438,0.4111776447105788
51439,0.2184936614466816
51440,0.09319125880440672
51441,0.6104928457869634
51442,0.037188208616780044
51443,0.09319125880440672
51444,0.037188208616780044
51445,0.17964071856287425
51446,0.09319125880440672
51447,0.09319125880440672
51448,0.6805251641137856
51449,0.09319125880440672
51450,0.09319125880440672
51451,0.2184936614466816
51452,0.09319125880440672
51453,0.037188208616780044
51454,0.17964071856287425
51455,0.48520710059171596
51456,0.13432835820895522
51457,0.09319125880440672
51458,0.09319125880440672
51459,0.2184936614466816
51460,0.17391304347826086
51461,0.17964071856287425
51462,0.6104928457869634
51463,0.6805251641137856
51464,0.5738636363636364
51465,0.09319125880440672
51466,0.09319125880440672
51467,0.7655172413793103
51468,0.2184936614466816
51469,0.037188208616780044
51470,0.09319125880440672
51471,0.037188208616780044
51472,0.037188208616780044
51473,0.7655172413793103
51474,0.48520710059171596
51475,0.037188208616780044
51476,0.037188208616780044
51477,0.17964071856287425
51478,0.11239193083573487
51479,0.6104928457869634
51480,0.4111776447105788
51481,0.09319125880440672
51482,0.037188208616780044
51483,0.037188208616780044
51484,0.09319125880440672
51485,0.037188208616780044
51486,0.09319125880440672
51487,0.09319125880440672
51488,0.0189873417721519
51489,0.12796208530805686
51490,0.037188208616780044
51491,0.09319125880440672
51492,0.42776203966005666
51493,0.17391304347826086
51494,0.42776203966005666
51495,0.037188208616780044
51496,0.09156193895870736
51497,0.4
51498,0.4111776447105788
51499,0.09319125880440672
51500,0.4111776447105788
51501,0.09319125880440672
51502,0.12796208530805686
51503,0.037188208616780044
51504,0.09319125880440672
51505,0.037188208616780044
51506,0.037188208616780044
51507,0.037188208616780044
51508,0.037188208616780044
51509,0.037188208616780044
51510,0.17964071856287425
51511,0.0189873417721519
51512,0.17964071856287425
51513,0.6805251641137856
51514,0.09319125880440672
51515,0.17964071856287425
51516,0.13432835820895522
51517,0.42776203966005666
51518,0.6805251641137856
51519,0.11239193083573487
51520,0.09319125880440672
51521,0.27807486631016043
51522,0.42776203966005666
51523,0.4111776447105788
51524,0.037188208616780044
51525,0.09319125880440672
51526,0.5738636363636364
51527,0.4787234042553192
51528,0.27807486631016043
51529,0.09156193895870736
51530,0.09319125880440672
51531,0.037188208616780044
51532,0.42776203966005666
51533,0.037188208616780044
51534,0.24324324324324326
51535,0.2184936614466816
51536,0.6805251641137856
51537,0.17964071856287425
51538,0.09319125880440672
51539,0.09319125880440672
51540,0.0189873417721519
51541,0.17964071856287425
51542,0.037188208616780044
51543,0.09319125880440672
51544,0.037188208616780044
51545,0.037188208616780044
51546,0.27807486631016043
51547,0.7655172413793103
51548,0.037188208616780044
51549,0.09319125880440672
51550,0.09319125880440672
51551,0.6104928457869634
51552,0.037188208616780044
51553,0.2184936614466816
51554,0.17964071856287425
51555,0.09319125880440672
51556,0.7521739130434782
51557,0.037188208616780044
51558,0.038461538461538464
51559,0.09319125880440672
51560,0.09319125880440672
51561,0.09319125880440672
51562,0.17964071856287425
51563,0.3958333333333333
51564,0.037188208616780044
51565,0.09319125880440672
51566,0.037188208616780044
51567,0.13432835820895522
51568,0.7655172413793103
51569,0.0189873417721519
51570,0.6104928457869634
51571,0.4111776447105788
51572,0.037188208616780044
51573,0.09319125880440672
51574,0.11239193083573487
51575,0.09319125880440672
51576,0.2184936614466816
51577,0.037188208616780044
51578,0.4787234042553192
51579,0.4787234042553192
51580,0.037188208616780044
51581,0.037188208616780044
51582,0.037188208616780044
51583,0.17964071856287425
51584,0.2184936614466816
51585,0.09156193895870736
51586,0.7655172413793103
51587,0.2184936614466816
51588,0.11239193083573487
51589,0.42776203966005666
51590,0.09319125880440672
51591,0.037188208616780044
51592,0.4111776447105788
51593,0.26552462526766596
51594,0.037188208616780044
51595,0.42776203966005666
51596,0.09319125880440672
51597,0.6104928457869634
51598,0.09319125880440672
51599,0.3958333333333333
51600,0.4111776447105788
51601,0.09319125880440672
51602,0.037188208616780044
51603,0.037188208616780044
51604,0.7655172413793103
51605,0.2184936614466816
51606,0.09319125880440672
51607,0.7655172413793103
51608,0.09319125880440672
51609,0.4698275862068966
51610,0.037188208616780044
51611,0.4111776447105788
51612,0.4111776447105788
51613,0.7521739130434782
51614,0.037188208616780044
51615,0.4111776447105788
51616,0.037188208616780044
51617,0.09319125880440672
51618,0.09319125880440672
51619,0.038461538461538464
51620,0.09319125880440672
51621,0.09319125880440672
51622,0.6104928457869634
51623,0.037188208616780044
51624,0.09319125880440672
51625,0.2184936614466816
51626,0.17964071856287425
51627,0.8938547486033519
51628,0.037188208616780044
51629,0.09319125880440672
51630,0.2184936614466816
51631,0.09319125880440672
51632,0.17391304347826086
51633,0.2184936614466816
51634,0.037188208616780044
51635,0.0189873417721519
51636,0.26552462526766596
51637,0.09319125880440672
51638,0.037188208616780044
51639,0.17964071856287425
51640,0.4111776447105788
51641,0.7655172413793103
51642,0.4797297297297297
51643,0.037188208616780044
51644,0.4698275862068966
51645,0.24324324324324326
51646,0.09319125880440672
51647,0.037188208616780044
51648,0.26552462526766596
51649,0.037188208616780044
51650,0.42776203966005666
51651,0.4111776447105788
51652,0.038461538461538464
51653,0.037188208616780044
51654,0.4698275862068966
51655,0.6104928457869634
51656,0.09319125880440672
51657,0.09319125880440672
51658,0.037188208616780044
51659,0.09319125880440672
51660,0.13432835820895522
51661,0.09319125880440672
51662,0.09319125880440672
51663,0.4111776447105788
51664,0.038461538461538464
51665,0.09319125880440672
51666,0.42776203966005666
51667,0.7655172413793103
51668,0.8938547486033519
51669,0.2184936614466816
51670,0.4111776447105788
51671,0.17964071856287425
51672,0.42776203966005666
51673,0.09156193895870736
51674,0.4111776447105788
51675,0.09319125880440672
51676,0.6805251641137856
51677,0.09319125880440672
51678,0.6104928457869634
51679,0.038461538461538464
51680,0.17964071856287425
51681,0.037188208616780044
51682,0.037188208616780044
51683,0.09319125880440672
51684,0.6805251641137856
51685,0.09156193895870736
51686,0.037188208616780044
51687,0.11239193083573487
51688,0.42776203966005666
51689,0.2184936614466816
51690,0.09319125880440672
51691,0.09319125880440672
51692,0.037188208616780044
51693,0.09319125880440672
51694,0.09319125880440672
51695,0.037188208616780044
51696,0.037188208616780044
51697,0.037188208616780044
51698,0.2184936614466816
51699,0.037188208616780044
51700,0.4111776447105788
51701,0.42776203966005666
51702,0.13432835820895522
51703,0.7655172413793103
51704,0.09319125880440672
51705,0.09319125880440672
51706,0.0189873417721519
51707,0.12796208530805686
51708,0.09319125880440672
51709,0.09319125880440672
51710,0.12796208530805686
51711,0.2184936614466816
51712,0.09319125880440672
51713,0.037188208616780044
51714,0.09319125880440672
51715,0.037188208616780044
51716,0.09319125880440672
51717,0.7521739130434782
51718,0.09319125880440672
51719,0.037188208616780044
51720,0.6104928457869634
51721,0.17964071856287425
51722,0.7655172413793103
51723,0.7521739130434782
51724,0.6104928457869634
51725,0.09319125880440672
51726,0.2184936614466816
51727,0.6104928457869634
51728,0.09319125880440672
51729,0.6104928457869634
51730,0.09319125880440672
51731,0.09319125880440672
51732,0.09319125880440672
51733,0.42776203966005666
51734,0.09319125880440672
51735,0.09319125880440672
51736,0.4111776447105788
51737,0.2184936614466816
51738,0.037188208616780044
51739,0.4698275862068966
51740,0.037188208616780044
51741,0.09319125880440672
51742,0.09319125880440672
51743,0.09319125880440672
51744,0.0189873417721519
51745,0.7521739130434782
51746,0.09319125880440672
51747,0.4698275862068966
51748,0.09319125880440672
51749,0.13432835820895522
51750,0.2184936614466816
51751,0.037188208616780044
51752,0.09319125880440672
51753,0.09319125880440672
51754,0.6805251641137856
51755,0.037188208616780044
51756,0.037188208616780044
51757,0.42776203966005666
51758,0.4111776447105788
51759,0.038461538461538464
51760,0.09319125880440672
51761,0.11239193083573487
51762,0.7655172413793103
51763,0.037188208616780044
51764,0.037188208616780044
51765,0.42776203966005666
51766,0.037188208616780044
51767,0.2184936614466816
51768,0.037188208616780044
51769,0.6104928457869634
51770,0.7655172413793103
51771,0.037188208616780044
51772,0.7655172413793103
51773,0.4111776447105788
51774,0.4111776447105788
51775,0.2184936614466816
51776,0.09319125880440672
51777,0.09319125880440672
51778,0.7655172413793103
51779,0.17964071856287425
51780,0.09319125880440672
51781,0.037188208616780044
51782,0.17964071856287425
51783,0.037188208616780044
51784,0.09319125880440672
51785,0.037188208616780044
51786,0.09319125880440672
51787,0.037188208616780044
51788,0.2184936614466816
51789,0.4797297297297297
51790,0.3958333333333333
51791,0.13432835820895522
51792,0.09319125880440672
51793,0.13432835820895522
51794,0.4797297297297297
51795,0.09319125880440672
51796,0.17964071856287425
51797,0.037188208616780044
51798,0.6104928457869634
51799,0.037188208616780044
51800,0.12796208530805686
51801,0.09319125880440672
51802,0.037188208616780044
51803,0.3958333333333333
51804,0.27807486631016043
51805,0.09319125880440672
51806,0.0189873417721519
51807,0.09319125880440672
51808,0.13432835820895522
51809,0.09156193895870736
51810,0.2184936614466816
51811,0.3763440860215054
51812,0.037188208616780044
51813,0.09319125880440672
51814,0.09319125880440672
51815,0.09319125880440672
51816,0.27807486631016043
51817,0.037188208616780044
51818,0.17391304347826086
51819,0.11239193083573487
51820,0.09156193895870736
51821,0.037188208616780044
51822,0.2184936614466816
51823,0.037188208616780044
51824,0.09319125880440672
51825,0.037188208616780044
51826,0.09319125880440672
51827,0.09319125880440672
51828,0.13432835820895522
51829,0.037188208616780044
51830,0.6104928457869634
51831,0.09319125880440672
51832,0.037188208616780044
51833,0.13432835820895522
51834,0.2184936614466816
51835,0.037188208616780044
51836,0.4111776447105788
51837,0.17391304347826086
51838,0.09319125880440672
51839,0.42776203966005666
51840,0.2184936614466816
51841,0.037188208616780044
51842,0.13432835820895522
51843,0.6805251641137856
51844,0.09319125880440672
51845,0.037188208616780044
51846,0.037188208616780044
51847,0.09319125880440672
51848,0.037188208616780044
51849,0.037188208616780044
51850,0.17964071856287425
51851,0.09319125880440672
51852,0.26552462526766596
51853,0.037188208616780044
51854,0.6104928457869634
51855,0.09319125880440672
51856,0.2184936614466816
51857,0.09319125880440672
51858,0.6104928457869634
51859,0.4111776447105788
51860,0.09319125880440672
51861,0.6104928457869634
51862,0.09319125880440672
51863,0.09319125880440672
51864,0.7655172413793103
51865,0.09319125880440672
51866,0.6104928457869634
51867,0.09319125880440672
51868,0.13432835820895522
51869,0.037188208616780044
51870,0.17964071856287425
51871,0.09319125880440672
51872,0.4111776447105788
51873,0.09319125880440672
51874,0.037188208616780044
51875,0.09319125880440672
51876,0.037188208616780044
51877,0.4111776447105788
51878,0.4111776447105788
51879,0.09319125880440672
51880,0.13432835820895522
51881,0.037188208616780044
51882,0.09319125880440672
51883,0.4111776447105788
51884,0.13432835820895522
51885,0.09319125880440672
51886,0.48520710059171596
51887,0.09319125880440672
51888,0.037188208616780044
51889,0.09319125880440672
51890,0.09319125880440672
51891,0.6104928457869634
51892,0.2184936614466816
51893,0.7655172413793103
51894,0.037188208616780044
51895,0.037188208616780044
51896,0.037188208616780044
51897,0.09319125880440672
51898,0.7521739130434782
51899,0.038461538461538464
51900,0.09319125880440672
51901,0.6805251641137856
51902,0.17391304347826086
51903,0.3763440860215054
51904,0.037188208616780044
51905,0.2184936614466816
51906,0.26552462526766596
51907,0.09319125880440672
51908,0.17964071856287425
51909,0.5738636363636364
51910,0.09319125880440672
51911,0.17964071856287425
51912,0.5738636363636364
51913,0.09319125880440672
51914,0.13432835820895522
51915,0.037188208616780044
51916,0.8103448275862069
51917,0.27807486631016043
51918,0.4111776447105788
51919,0.4111776447105788
51920,0.0189873417721519
51921,0.09156193895870736
51922,0.037188208616780044
51923,0.09319125880440672
51924,0.09319125880440672
51925,0.09319125880440672
51926,0.037188208616780044
51927,0.037188208616780044
51928,0.2184936614466816
51929,0.09319125880440672
51930,0.09319125880440672
51931,0.09319125880440672
51932,0.037188208616780044
51933,0.4111776447105788
51934,0.6805251641137856
51935,0.09319125880440672
51936,0.2184936614466816
51937,0.48520710059171596
51938,0.09319125880440672
51939,0.09319125880440672
51940,0.42776203966005666
51941,0.09319125880440672
51942,0.09319125880440672
51943,0.42776203966005666
51944,0.037188208616780044
51945,0.09319125880440672
51946,0.037188208616780044
51947,0.09319125880440672
51948,0.17964071856287425
51949,0.09319125880440672
51950,0.09319125880440672
51951,0.0189873417721519
51952,0.09319125880440672
51953,0.09319125880440672
51954,0.8938547486033519
51955,0.4111776447105788
51956,0.09319125880440672
51957,0.0189873417721519
51958,0.13432835820895522
51959,0.8938547486033519
51960,0.037188208616780044
51961,0.09319125880440672
51962,0.09319125880440672
51963,0.037188208616780044
51964,0.037188208616780044
51965,0.17964071856287425
51966,0.037188208616780044
51967,0.09319125880440672
51968,0.7655172413793103
51969,0.09319125880440672
51970,0.6104928457869634
51971,0.09319125880440672
51972,0.42776203966005666
51973,0.17391304347826086
51974,0.6104928457869634
51975,0.0189873417721519
51976,0.09156193895870736
51977,0.6104928457869634
51978,0.4797297297297297
51979,0.09156193895870736
51980,0.12796208530805686
51981,0.09319125880440672
51982,0.8103448275862069
51983,0.13432835820895522
51984,0.2184936614466816
51985,0.11239193083573487
51986,0.09319125880440672
51987,0.037188208616780044
51988,0.09319125880440672
51989,0.037188208616780044
51990,0.09319125880440672
51991,0.09319125880440672
51992,0.09319125880440672
51993,0.4
51994,0.037188208616780044
51995,0.037188208616780044
51996,0.09319125880440672
51997,0.09319125880440672
51998,0.26552462526766596
51999,0.09319125880440672
52000,0.09319125880440672
52001,0.09319125880440672
52002,0.27807486631016043
52003,0.6104928457869634
52004,0.037188208616780044
52005,0.0189873417721519
52006,0.2184936614466816
52007,0.09319125880440672
52008,0.038461538461538464
52009,0.037188208616780044
52010,0.7655172413793103
52011,0.09319125880440672
52012,0.4111776447105788
52013,0.09319125880440672
52014,0.09319125880440672
52015,0.037188208616780044
52016,0.09319125880440672
52017,0.09319125880440672
52018,0.13432835820895522
52019,0.17964071856287425
52020,0.09319125880440672
52021,0.09319125880440672
52022,0.09156193895870736
52023,0.09319125880440672
52024,0.2184936614466816
52025,0.6104928457869634
52026,0.0189873417721519
52027,0.09319125880440672
52028,0.037188208616780044
52029,0.037188208616780044
52030,0.09319125880440672
52031,0.09319125880440672
52032,0.4111776447105788
52033,0.09319125880440672
52034,0.2184936614466816
52035,0.09319125880440672
52036,0.2184936614466816
52037,0.037188208616780044
52038,0.17964071856287425
52039,0.09319125880440672
52040,0.7521739130434782
52041,0.037188208616780044
52042,0.17964071856287425
52043,0.09319125880440672
52044,0.09319125880440672
52045,0.09319125880440672
52046,0.4111776447105788
52047,0.42776203966005666
52048,0.17964071856287425
52049,0.4111776447105788
52050,0.09156193895870736
52051,0.17391304347826086
52052,0.037188208616780044
52053,0.0189873417721519
52054,0.8938547486033519
52055,0.037188208616780044
52056,0.037188208616780044
52057,0.09319125880440672
52058,0.4787234042553192
52059,0.42776203966005666
52060,0.09319125880440672
52061,0.0189873417721519
52062,0.2184936614466816
52063,0.09319125880440672
52064,0.4698275862068966
52065,0.17964071856287425
52066,0.09319125880440672
52067,0.037188208616780044
52068,0.4797297297297297
52069,0.09319125880440672
52070,0.8938547486033519
52071,0.13432835820895522
52072,0.5738636363636364
52073,0.09319125880440672
52074,0.42776203966005666
52075,0.09319125880440672
52076,0.09319125880440672
52077,0.09319125880440672
52078,0.09319125880440672
52079,0.13432835820895522
52080,0.09319125880440672
52081,0.09319125880440672
52082,0.8938547486033519
52083,0.09319125880440672
52084,0.6104928457869634
52085,0.037188208616780044
52086,0.4698275862068966
52087,0.09319125880440672
52088,0.037188208616780044
52089,0.42776203966005666
52090,0.09319125880440672
52091,0.09319125880440672
52092,0.09319125880440672
52093,0.0189873417721519
52094,0.7655172413793103
52095,0.037188208616780044
52096,0.037188208616780044
52097,0.26552462526766596
52098,0.09319125880440672
52099,0.4698275862068966
52100,0.09319125880440672
52101,0.4111776447105788
52102,0.09319125880440672
52103,0.09319125880440672
52104,0.09319125880440672
52105,0.037188208616780044
52106,0.09156193895870736
52107,0.3958333333333333
52108,0.09319125880440672
52109,0.09319125880440672
52110,0.24324324324324326
52111,0.09319125880440672
52112,0.037188208616780044
52113,0.037188208616780044
52114,0.037188208616780044
52115,0.037188208616780044
52116,0.09156193895870736
52117,0.09156193895870736
52118,0.037188208616780044
52119,0.037188208616780044
52120,0.09156193895870736
52121,0.037188208616780044
52122,0.09319125880440672
52123,0.17964071856287425
52124,0.09319125880440672
52125,0.4111776447105788
52126,0.09319125880440672
52127,0.17964071856287425
52128,0.11239193083573487
52129,0.09156193895870736
52130,0.09319125880440672
52131,0.2184936614466816
52132,0.09319125880440672
52133,0.0189873417721519
52134,0.09319125880440672
52135,0.09319125880440672
52136,0.037188208616780044
52137,0.13432835820895522
52138,0.7655172413793103
52139,0.09319125880440672
52140,0.09319125880440672
52141,0.09319125880440672
52142,0.27807486631016043
52143,0.09319125880440672
52144,0.09319125880440672
52145,0.6805251641137856
52146,0.09319125880440672
52147,0.4111776447105788
52148,0.09319125880440672
52149,0.037188208616780044
52150,0.42776203966005666
52151,0.09319125880440672
52152,0.037188208616780044
52153,0.24324324324324326
52154,0.09319125880440672
52155,0.09319125880440672
52156,0.037188208616780044
52157,0.3958333333333333
52158,0.4797297297297297
52159,0.7655172413793103
52160,0.42776203966005666
52161,0.037188208616780044
52162,0.42776203966005666
52163,0.17964071856287425
52164,0.4111776447105788
52165,0.037188208616780044
52166,0.4111776447105788
52167,0.27807486631016043
52168,0.09319125880440672
52169,0.09319125880440672
52170,0.037188208616780044
52171,0.2184936614466816
52172,0.2184936614466816
52173,0.037188208616780044
52174,0.6104928457869634
52175,0.09319125880440672
52176,0.4797297297297297
52177,0.42776203966005666
52178,0.6104928457869634
52179,0.4111776447105788
52180,0.09319125880440672
52181,0.0189873417721519
52182,0.037188208616780044
52183,0.6104928457869634
52184,0.42776203966005666
52185,0.037188208616780044
52186,0.4111776447105788
52187,0.09319125880440672
52188,0.037188208616780044
52189,0.037188208616780044
52190,0.037188208616780044
52191,0.09319125880440672
52192,0.7521739130434782
52193,0.2184936614466816
52194,0.4698275862068966
52195,0.26552462526766596
52196,0.12796208530805686
52197,0.48520710059171596
52198,0.037188208616780044
52199,0.037188208616780044
52200,0.09319125880440672
52201,0.09319125880440672
52202,0.037188208616780044
52203,0.09319125880440672
52204,0.09319125880440672
52205,0.037188208616780044
52206,0.09319125880440672
52207,0.037188208616780044
52208,0.037188208616780044
52209,0.2184936614466816
52210,0.09319125880440672
52211,0.6805251641137856
52212,0.13432835820895522
52213,0.037188208616780044
52214,0.7655172413793103
52215,0.13432835820895522
52216,0.037188208616780044
52217,0.037188208616780044
52218,0.09319125880440672
52219,0.037188208616780044
52220,0.037188208616780044
52221,0.037188208616780044
52222,0.09156193895870736
52223,0.17964071856287425
52224,0.4111776447105788
52225,0.2184936614466816
52226,0.038461538461538464
52227,0.48520710059171596
52228,0.037188208616780044
52229,0.09319125880440672
52230,0.4111776447105788
52231,0.037188208616780044
52232,0.09319125880440672
52233,0.42776203966005666
52234,0.09319125880440672
52235,0.42776203966005666
52236,0.09156193895870736
52237,0.037188208616780044
52238,0.2184936614466816
52239,0.4797297297297297
52240,0.2184936614466816
52241,0.11239193083573487
52242,0.09319125880440672
52243,0.09319125880440672
52244,0.4111776447105788
52245,0.09319125880440672
52246,0.6805251641137856
52247,0.4
52248,0.7655172413793103
52249,0.09156193895870736
52250,0.5738636363636364
52251,0.17964071856287425
52252,0.09319125880440672
52253,0.09319125880440672
52254,0.09319125880440672
52255,0.4111776447105788
52256,0.2184936614466816
52257,0.2184936614466816
52258,0.09319125880440672
52259,0.09319125880440672
52260,0.09319125880440672
52261,0.17391304347826086
52262,0.037188208616780044
52263,0.09319125880440672
52264,0.17964071856287425
52265,0.09319125880440672
52266,0.5738636363636364
52267,0.13432835820895522
52268,0.09319125880440672
52269,0.037188208616780044
52270,0.037188208616780044
52271,0.4111776447105788
52272,0.037188208616780044
52273,0.42776203966005666
52274,0.11239193083573487
52275,0.09319125880440672
52276,0.038461538461538464
52277,0.09319125880440672
52278,0.09319125880440672
52279,0.037188208616780044
52280,0.7655172413793103
52281,0.037188208616780044
52282,0.4111776447105788
52283,0.17964071856287425
52284,0.09156193895870736
52285,0.09319125880440672
52286,0.17964071856287425
52287,0.037188208616780044
52288,0.4698275862068966
52289,0.037188208616780044
52290,0.6104928457869634
52291,0.17964071856287425
52292,0.2184936614466816
52293,0.09319125880440672
52294,0.037188208616780044
52295,0.6805251641137856
52296,0.09319125880440672
52297,0.037188208616780044
52298,0.09319125880440672
52299,0.09319125880440672
52300,0.17964071856287425
52301,0.17964071856287425
52302,0.2184936614466816
52303,0.13432835820895522
52304,0.037188208616780044
52305,0.09319125880440672
52306,0.4111776447105788
52307,0.09319125880440672
52308,0.17964071856287425
52309,0.48520710059171596
52310,0.6805251641137856
52311,0.09156193895870736
52312,0.13432835820895522
52313,0.09319125880440672
52314,0.037188208616780044
52315,0.6805251641137856
52316,0.038461538461538464
52317,0.09319125880440672
52318,0.037188208616780044
52319,0.13432835820895522
52320,0.26552462526766596
52321,0.09156193895870736
52322,0.09319125880440672
52323,0.09319125880440672
52324,0.09319125880440672
52325,0.6104928457869634
52326,0.09319125880440672
52327,0.037188208616780044
52328,0.037188208616780044
52329,0.13432835820895522
52330,0.09319125880440672
52331,0.4111776447105788
52332,0.2184936614466816
52333,0.09319125880440672
52334,0.6805251641137856
52335,0.09319125880440672
52336,0.42776203966005666
52337,0.42776203966005666
52338,0.0189873417721519
52339,0.4111776447105788
52340,0.038461538461538464
52341,0.037188208616780044
52342,0.09319125880440672
52343,0.09319125880440672
52344,0.6805251641137856
52345,0.42776203966005666
52346,0.48520710059171596
52347,0.09319125880440672
52348,0.09319125880440672
52349,0.2184936614466816
52350,0.2184936614466816
52351,0.037188208616780044
52352,0.09319125880440672
52353,0.42776203966005666
52354,0.09319125880440672
52355,0.037188208616780044
52356,0.2184936614466816
52357,0.037188208616780044
52358,0.0189873417721519
52359,0.09319125880440672
52360,0.42776203966005666
52361,0.09319125880440672
52362,0.037188208616780044
52363,0.09319125880440672
52364,0.037188208616780044
52365,0.17964071856287425
52366,0.037188208616780044
52367,0.17964071856287425
52368,0.4797297297297297
52369,0.17964071856287425
52370,0.09319125880440672
52371,0.6104928457869634
52372,0.037188208616780044
52373,0.09319125880440672
52374,0.2184936614466816
52375,0.09319125880440672
52376,0.2184936614466816
52377,0.09319125880440672
52378,0.037188208616780044
52379,0.09319125880440672
52380,0.09319125880440672
52381,0.037188208616780044
52382,0.5738636363636364
52383,0.037188208616780044
52384,0.6104928457869634
52385,0.42776203966005666
52386,0.037188208616780044
52387,0.2184936614466816
52388,0.42776203966005666
52389,0.09319125880440672
52390,0.09319125880440672
52391,0.09319125880440672
52392,0.17964071856287425
52393,0.26552462526766596
52394,0.4797297297297297
52395,0.037188208616780044
52396,0.037188208616780044
52397,0.6104928457869634
52398,0.037188208616780044
52399,0.09319125880440672
52400,0.037188208616780044
52401,0.09319125880440672
52402,0.17391304347826086
52403,0.4111776447105788
52404,0.2184936614466816
52405,0.27807486631016043
52406,0.09319125880440672
52407,0.17391304347826086
52408,0.037188208616780044
52409,0.037188208616780044
52410,0.4111776447105788
52411,0.09319125880440672
52412,0.037188208616780044
52413,0.17964071856287425
52414,0.09319125880440672
52415,0.09319125880440672
52416,0.037188208616780044
52417,0.09319125880440672
52418,0.4111776447105788
52419,0.09319125880440672
52420,0.037188208616780044
52421,0.3958333333333333
52422,0.13432835820895522
52423,0.4797297297297297
52424,0.0189873417721519
52425,0.0189873417721519
52426,0.26552462526766596
52427,0.4111776447105788
52428,0.26552462526766596
52429,0.5738636363636364
52430,0.09319125880440672
52431,0.6104928457869634
52432,0.09319125880440672
52433,0.09319125880440672
52434,0.6104928457869634
52435,0.4111776447105788
52436,0.27807486631016043
52437,0.09319125880440672
52438,0.17391304347826086
52439,0.037188208616780044
52440,0.0189873417721519
52441,0.09319125880440672
52442,0.037188208616780044
52443,0.037188208616780044
52444,0.6805251641137856
52445,0.0189873417721519
52446,0.42776203966005666
52447,0.09319125880440672
52448,0.13432835820895522
52449,0.4698275862068966
52450,0.09319125880440672
52451,0.7655172413793103
52452,0.26552462526766596
52453,0.0189873417721519
52454,0.27807486631016043
52455,0.8938547486033519
52456,0.6805251641137856
52457,0.0189873417721519
52458,0.13432835820895522
52459,0.2184936614466816
52460,0.037188208616780044
52461,0.6104928457869634
52462,0.09319125880440672
52463,0.037188208616780044
52464,0.037188208616780044
52465,0.6805251641137856
52466,0.09319125880440672
52467,0.2184936614466816
52468,0.4111776447105788
52469,0.09319125880440672
52470,0.17964071856287425
52471,0.17391304347826086
52472,0.037188208616780044
52473,0.4111776447105788
52474,0.42776203966005666
52475,0.7655172413793103
52476,0.09319125880440672
52477,0.037188208616780044
52478,0.037188208616780044
52479,0.037188208616780044
52480,0.17964071856287425
52481,0.6805251641137856
52482,0.09156193895870736
52483,0.4797297297297297
52484,0.4111776447105788
52485,0.09319125880440672
52486,0.09156193895870736
52487,0.09319125880440672
52488,0.4111776447105788
52489,0.4698275862068966
52490,0.42776203966005666
52491,0.8103448275862069
52492,0.0189873417721519
52493,0.2184936614466816
52494,0.8103448275862069
52495,0.037188208616780044
52496,0.6104928457869634
52497,0.17391304347826086
52498,0.037188208616780044
52499,0.17964071856287425
52500,0.09156193895870736
52501,0.09319125880440672
52502,0.26552462526766596
52503,0.09319125880440672
52504,0.09319125880440672
52505,0.037188208616780044
52506,0.09319125880440672
52507,0.037188208616780044
52508,0.7655172413793103
52509,0.09319125880440672
52510,0.0189873417721519
52511,0.4797297297297297
52512,0.09319125880440672
52513,0.037188208616780044
52514,0.7655172413793103
52515,0.037188208616780044
52516,0.037188208616780044
52517,0.09319125880440672
52518,0.17391304347826086
52519,0.17391304347826086
52520,0.42776203966005666
52521,0.037188208616780044
52522,0.037188208616780044
52523,0.09319125880440672
52524,0.2184936614466816
52525,0.6104928457869634
52526,0.09319125880440672
52527,0.7521739130434782
52528,0.09319125880440672
52529,0.17964071856287425
52530,0.037188208616780044
52531,0.4698275862068966
52532,0.26552462526766596
52533,0.11239193083573487
52534,0.037188208616780044
52535,0.4797297297297297
52536,0.17964071856287425
52537,0.2184936614466816
52538,0.09319125880440672
52539,0.037188208616780044
52540,0.09319125880440672
52541,0.09319125880440672
52542,0.12796208530805686
52543,0.0189873417721519
52544,0.17964071856287425
52545,0.13432835820895522
52546,0.7655172413793103
52547,0.09319125880440672
52548,0.09319125880440672
52549,0.2184936614466816
52550,0.09319125880440672
52551,0.09319125880440672
52552,0.09319125880440672
52553,0.038461538461538464
52554,0.7655172413793103
52555,0.037188208616780044
52556,0.13432835820895522
52557,0.09319125880440672
52558,0.12796208530805686
52559,0.037188208616780044
52560,0.11239193083573487
52561,0.13432835820895522
52562,0.037188208616780044
52563,0.6805251641137856
52564,0.037188208616780044
52565,0.037188208616780044
52566,0.09319125880440672
52567,0.17964071856287425
52568,0.09319125880440672
52569,0.48520710059171596
52570,0.09319125880440672
52571,0.4111776447105788
52572,0.17964071856287425
52573,0.037188208616780044
52574,0.09319125880440672
52575,0.6104928457869634
52576,0.037188208616780044
52577,0.09319125880440672
52578,0.6104928457869634
52579,0.4787234042553192
52580,0.09319125880440672
52581,0.7655172413793103
52582,0.09319125880440672
52583,0.09319125880440672
52584,0.17964071856287425
52585,0.09319125880440672
52586,0.12796208530805686
52587,0.12796208530805686
52588,0.037188208616780044
52589,0.037188208616780044
52590,0.037188208616780044
52591,0.0189873417721519
52592,0.4
52593,0.037188208616780044
52594,0.037188208616780044
52595,0.12796208530805686
52596,0.09319125880440672
52597,0.12796208530805686
52598,0.5738636363636364
52599,0.3958333333333333
52600,0.09319125880440672
52601,0.09319125880440672
52602,0.09319125880440672
52603,0.0189873417721519
52604,0.26552462526766596
52605,0.037188208616780044
52606,0.17964071856287425
52607,0.09319125880440672
52608,0.037188208616780044
52609,0.037188208616780044
52610,0.6805251641137856
52611,0.17964071856287425
52612,0.13432835820895522
52613,0.09319125880440672
52614,0.26552462526766596
52615,0.037188208616780044
52616,0.17964071856287425
52617,0.17964071856287425
52618,0.09319125880440672
52619,0.037188208616780044
52620,0.2184936614466816
52621,0.2184936614466816
52622,0.037188208616780044
52623,0.2184936614466816
52624,0.4111776447105788
52625,0.037188208616780044
52626,0.6104928457869634
52627,0.09319125880440672
52628,0.037188208616780044
52629,0.037188208616780044
52630,0.48520710059171596
52631,0.6104928457869634
52632,0.037188208616780044
52633,0.09156193895870736
52634,0.11239193083573487
52635,0.037188208616780044
52636,0.09156193895870736
52637,0.2184936614466816
52638,0.09156193895870736
52639,0.09156193895870736
52640,0.17964071856287425
52641,0.2184936614466816
52642,0.48520710059171596
52643,0.27807486631016043
52644,0.0189873417721519
52645,0.2184936614466816
52646,0.09319125880440672
52647,0.26552462526766596
52648,0.17964071856287425
52649,0.17964071856287425
52650,0.037188208616780044
52651,0.09319125880440672
52652,0.037188208616780044
52653,0.09319125880440672
52654,0.17964071856287425
52655,0.7655172413793103
52656,0.09319125880440672
52657,0.09319125880440672
52658,0.17964071856287425
52659,0.13432835820895522
52660,0.6104928457869634
52661,0.0189873417721519
52662,0.2184936614466816
52663,0.09156193895870736
52664,0.13432835820895522
52665,0.27807486631016043
52666,0.09319125880440672
52667,0.037188208616780044
52668,0.038461538461538464
52669,0.09319125880440672
52670,0.09319125880440672
52671,0.2184936614466816
52672,0.037188208616780044
52673,0.09319125880440672
52674,0.2184936614466816
52675,0.09319125880440672
52676,0.09319125880440672
52677,0.42776203966005666
52678,0.6104928457869634
52679,0.037188208616780044
52680,0.0189873417721519
52681,0.4111776447105788
52682,0.09319125880440672
52683,0.09319125880440672
52684,0.2184936614466816
52685,0.037188208616780044
52686,0.037188208616780044
52687,0.09319125880440672
52688,0.0189873417721519
52689,0.09319125880440672
52690,0.6104928457869634
52691,0.3958333333333333
52692,0.09319125880440672
52693,0.2184936614466816
52694,0.038461538461538464
52695,0.7521739130434782
52696,0.27807486631016043
52697,0.09319125880440672
52698,0.17964071856287425
52699,0.11239193083573487
52700,0.2184936614466816
52701,0.12796208530805686
52702,0.4787234042553192
52703,0.6805251641137856
52704,0.3958333333333333
52705,0.09319125880440672
52706,0.09319125880440672
52707,0.7655172413793103
52708,0.2184936614466816
52709,0.0189873417721519
52710,0.037188208616780044
52711,0.037188208616780044
52712,0.0189873417721519
52713,0.11239193083573487
52714,0.09319125880440672
52715,0.037188208616780044
52716,0.7655172413793103
52717,0.037188208616780044
52718,0.7655172413793103
52719,0.09319125880440672
52720,0.4797297297297297
52721,0.09156193895870736
52722,0.0189873417721519
52723,0.0189873417721519
52724,0.09319125880440672
52725,0.037188208616780044
52726,0.4
52727,0.7655172413793103
52728,0.09319125880440672
52729,0.17964071856287425
52730,0.09319125880440672
52731,0.09319125880440672
52732,0.4111776447105788
52733,0.2184936614466816
52734,0.09319125880440672
52735,0.09319125880440672
52736,0.6805251641137856
52737,0.17964071856287425
52738,0.4111776447105788
52739,0.09319125880440672
52740,0.09319125880440672
52741,0.037188208616780044
52742,0.42776203966005666
52743,0.4111776447105788
52744,0.037188208616780044
52745,0.8938547486033519
52746,0.09319125880440672
52747,0.0189873417721519
52748,0.0189873417721519
52749,0.6805251641137856
52750,0.4111776447105788
52751,0.09319125880440672
52752,0.037188208616780044
52753,0.48520710059171596
52754,0.037188208616780044
52755,0.17964071856287425
52756,0.037188208616780044
52757,0.09319125880440672
52758,0.4698275862068966
52759,0.09319125880440672
52760,0.2184936614466816
52761,0.17964071856287425
52762,0.4698275862068966
52763,0.09319125880440672
52764,0.09319125880440672
52765,0.09319125880440672
52766,0.8938547486033519
52767,0.13432835820895522
52768,0.26552462526766596
52769,0.09319125880440672
52770,0.037188208616780044
52771,0.11239193083573487
52772,0.2184936614466816
52773,0.037188208616780044
52774,0.48520710059171596
52775,0.09319125880440672
52776,0.09319125880440672
52777,0.037188208616780044
52778,0.09319125880440672
52779,0.7655172413793103
52780,0.09319125880440672
52781,0.09319125880440672
52782,0.4111776447105788
52783,0.26552462526766596
52784,0.24324324324324326
52785,0.8938547486033519
52786,0.0189873417721519
52787,0.038461538461538464
52788,0.3958333333333333
52789,0.7655172413793103
52790,0.5738636363636364
52791,0.037188208616780044
52792,0.4698275862068966
52793,0.09319125880440672
52794,0.13432835820895522
52795,0.42776203966005666
52796,0.6805251641137856
52797,0.09319125880440672
52798,0.2184936614466816
52799,0.037188208616780044
52800,0.3763440860215054
52801,0.5738636363636364
52802,0.037188208616780044
52803,0.27807486631016043
52804,0.09319125880440672
52805,0.037188208616780044
52806,0.13432835820895522
52807,0.09319125880440672
52808,0.13432835820895522
52809,0.2184936614466816
52810,0.037188208616780044
52811,0.037188208616780044
52812,0.037188208616780044
52813,0.09319125880440672
52814,0.09319125880440672
52815,0.5738636363636364
52816,0.7655172413793103
52817,0.5738636363636364
52818,0.2184936614466816
52819,0.037188208616780044
52820,0.037188208616780044
52821,0.037188208616780044
52822,0.11239193083573487
52823,0.09156193895870736
52824,0.037188208616780044
52825,0.7655172413793103
52826,0.037188208616780044
52827,0.09319125880440672
52828,0.0189873417721519
52829,0.4111776447105788
52830,0.8938547486033519
52831,0.8938547486033519
52832,0.2184936614466816
52833,0.48520710059171596
52834,0.037188208616780044
52835,0.6104928457869634
52836,0.09319125880440672
52837,0.6104928457869634
52838,0.09319125880440672
52839,0.17964071856287425
52840,0.09319125880440672
52841,0.037188208616780044
52842,0.09319125880440672
52843,0.09319125880440672
52844,0.4698275862068966
52845,0.12796208530805686
52846,0.4698275862068966
52847,0.037188208616780044
52848,0.037188208616780044
52849,0.17391304347826086
52850,0.09319125880440672
52851,0.2184936614466816
52852,0.42776203966005666
52853,0.26552462526766596
52854,0.4111776447105788
52855,0.037188208616780044
52856,0.17964071856287425
52857,0.09319125880440672
52858,0.4698275862068966
52859,0.17964071856287425
52860,0.2184936614466816
52861,0.037188208616780044
52862,0.09319125880440672
52863,0.26552462526766596
52864,0.037188208616780044
52865,0.09319125880440672
52866,0.6104928457869634
52867,0.037188208616780044
52868,0.4797297297297297
52869,0.2184936614466816
52870,0.6104928457869634
52871,0.037188208616780044
52872,0.037188208616780044
52873,0.2184936614466816
52874,0.17964071856287425
52875,0.17964071856287425
52876,0.09319125880440672
52877,0.037188208616780044
52878,0.4797297297297297
52879,0.2184936614466816
52880,0.038461538461538464
52881,0.2184936614466816
52882,0.11239193083573487
52883,0.09319125880440672
52884,0.0189873417721519
52885,0.0189873417721519
52886,0.037188208616780044
52887,0.09319125880440672
52888,0.037188208616780044
52889,0.4111776447105788
52890,0.4111776447105788
52891,0.0189873417721519
52892,0.12796208530805686
52893,0.6104928457869634
52894,0.48520710059171596
52895,0.037188208616780044
52896,0.09319125880440672
52897,0.037188208616780044
52898,0.42776203966005666
52899,0.2184936614466816
52900,0.09319125880440672
52901,0.6104928457869634
52902,0.17964071856287425
52903,0.6805251641137856
52904,0.037188208616780044
52905,0.09319125880440672
52906,0.037188208616780044
52907,0.2184936614466816
52908,0.037188208616780044
52909,0.6104928457869634
52910,0.11239193083573487
52911,0.09319125880440672
52912,0.0189873417721519
52913,0.09319125880440672
52914,0.17964071856287425
52915,0.17964071856287425
52916,0.26552462526766596
52917,0.09319125880440672
52918,0.13432835820895522
52919,0.6805251641137856
52920,0.42776203966005666
52921,0.4787234042553192
52922,0.13432835820895522
52923,0.09319125880440672
52924,0.6104928457869634
52925,0.09319125880440672
52926,0.17391304347826086
52927,0.037188208616780044
52928,0.037188208616780044
52929,0.4797297297297297
52930,0.4
52931,0.09319125880440672
52932,0.09319125880440672
52933,0.09319125880440672
52934,0.6104928457869634
52935,0.7655172413793103
52936,0.4111776447105788
52937,0.13432835820895522
52938,0.09319125880440672
52939,0.037188208616780044
52940,0.09319125880440672
52941,0.09319125880440672
52942,0.09319125880440672
52943,0.8938547486033519
52944,0.037188208616780044
52945,0.13432835820895522
52946,0.17391304347826086
52947,0.09319125880440672
52948,0.26552462526766596
52949,0.037188208616780044
52950,0.4111776447105788
52951,0.2184936614466816
52952,0.037188208616780044
52953,0.26552462526766596
52954,0.09319125880440672
52955,0.037188208616780044
52956,0.2184936614466816
52957,0.26552462526766596
52958,0.037188208616780044
52959,0.17964071856287425
52960,0.09319125880440672
52961,0.4111776447105788
52962,0.6104928457869634
52963,0.09319125880440672
52964,0.4698275862068966
52965,0.09319125880440672
52966,0.0189873417721519
52967,0.09319125880440672
52968,0.037188208616780044
52969,0.2184936614466816
52970,0.09319125880440672
52971,0.26552462526766596
52972,0.037188208616780044
52973,0.13432835820895522
52974,0.7521739130434782
52975,0.09319125880440672
52976,0.037188208616780044
52977,0.42776203966005666
52978,0.038461538461538464
52979,0.037188208616780044
52980,0.09319125880440672
52981,0.4111776447105788
52982,0.037188208616780044
52983,0.27807486631016043
52984,0.17964071856287425
52985,0.13432835820895522
52986,0.7655172413793103
52987,0.4797297297297297
52988,0.12796208530805686
52989,0.17964071856287425
52990,0.037188208616780044
52991,0.037188208616780044
52992,0.037188208616780044
52993,0.2184936614466816
52994,0.09319125880440672
52995,0.17964071856287425
52996,0.0189873417721519
52997,0.09319125880440672
52998,0.2184936614466816
52999,0.12796208530805686
53000,0.3763440860215054
53001,0.037188208616780044
53002,0.09156193895870736
53003,0.09319125880440672
53004,0.09319125880440672
53005,0.13432835820895522
53006,0.09319125880440672
53007,0.17964071856287425
53008,0.09319125880440672
53009,0.037188208616780044
53010,0.2184936614466816
53011,0.0189873417721519
53012,0.09319125880440672
53013,0.09319125880440672
53014,0.13432835820895522
53015,0.09319125880440672
53016,0.037188208616780044
53017,0.17964071856287425
53018,0.17391304347826086
53019,0.2184936614466816
53020,0.17964071856287425
53021,0.6805251641137856
53022,0.4111776447105788
53023,0.037188208616780044
53024,0.7521739130434782
53025,0.037188208616780044
53026,0.038461538461538464
53027,0.037188208616780044
53028,0.09319125880440672
53029,0.09156193895870736
53030,0.26552462526766596
53031,0.17964071856287425
53032,0.09319125880440672
53033,0.0189873417721519
53034,0.037188208616780044
53035,0.09156193895870736
53036,0.4787234042553192
53037,0.09319125880440672
53038,0.09319125880440672
53039,0.09319125880440672
53040,0.037188208616780044
53041,0.17964071856287425
53042,0.037188208616780044
53043,0.09319125880440672
53044,0.09319125880440672
53045,0.09319125880440672
53046,0.037188208616780044
53047,0.09319125880440672
53048,0.037188208616780044
53049,0.42776203966005666
53050,0.7655172413793103
53051,0.09319125880440672
53052,0.4111776447105788
53053,0.4111776447105788
53054,0.4111776447105788
53055,0.037188208616780044
53056,0.13432835820895522
53057,0.09319125880440672
53058,0.037188208616780044
53059,0.4111776447105788
53060,0.0189873417721519
53061,0.7655172413793103
53062,0.09319125880440672
53063,0.17964071856287425
53064,0.0189873417721519
53065,0.5738636363636364
53066,0.037188208616780044
53067,0.42776203966005666
53068,0.037188208616780044
53069,0.4698275862068966
53070,0.09156193895870736
53071,0.09319125880440672
53072,0.09319125880440672
53073,0.037188208616780044
53074,0.09319125880440672
53075,0.037188208616780044
53076,0.0189873417721519
53077,0.17964071856287425
53078,0.4787234042553192
53079,0.09319125880440672
53080,0.17964071856287425
53081,0.17964071856287425
53082,0.09319125880440672
53083,0.3763440860215054
53084,0.037188208616780044
53085,0.7655172413793103
53086,0.09319125880440672
53087,0.11239193083573487
53088,0.17964071856287425
53089,0.2184936614466816
53090,0.09156193895870736
53091,0.7655172413793103
53092,0.13432835820895522
53093,0.3763440860215054
53094,0.7655172413793103
53095,0.13432835820895522
53096,0.26552462526766596
53097,0.7655172413793103
53098,0.037188208616780044
53099,0.4787234042553192
53100,0.13432835820895522
53101,0.4111776447105788
53102,0.6104928457869634
53103,0.09319125880440672
53104,0.4111776447105788
53105,0.09319125880440672
53106,0.17391304347826086
53107,0.09319125880440672
53108,0.037188208616780044
53109,0.09319125880440672
53110,0.7521739130434782
53111,0.6805251641137856
53112,0.09319125880440672
53113,0.2184936614466816
53114,0.037188208616780044
53115,0.037188208616780044
53116,0.11239193083573487
53117,0.09319125880440672
53118,0.09319125880440672
53119,0.09156193895870736
53120,0.038461538461538464
53121,0.17391304347826086
53122,0.09319125880440672
53123,0.27807486631016043
53124,0.2184936614466816
53125,0.4111776447105788
53126,0.037188208616780044
53127,0.037188208616780044
53128,0.4111776447105788
53129,0.09319125880440672
53130,0.17964071856287425
53131,0.4111776447105788
53132,0.037188208616780044
53133,0.17964071856287425
53134,0.26552462526766596
53135,0.4787234042553192
53136,0.037188208616780044
53137,0.037188208616780044
53138,0.17964071856287425
53139,0.09319125880440672
53140,0.09319125880440672
53141,0.09319125880440672
53142,0.037188208616780044
53143,0.037188208616780044
53144,0.3763440860215054
53145,0.09319125880440672
53146,0.4111776447105788
53147,0.12796208530805686
53148,0.2184936614466816
53149,0.09319125880440672
53150,0.09319125880440672
53151,0.2184936614466816
53152,0.09319125880440672
53153,0.038461538461538464
53154,0.3958333333333333
53155,0.037188208616780044
53156,0.7655172413793103
53157,0.17964071856287425
53158,0.09319125880440672
53159,0.09319125880440672
53160,0.2184936614466816
53161,0.09319125880440672
53162,0.11239193083573487
53163,0.42776203966005666
53164,0.037188208616780044
53165,0.037188208616780044
53166,0.17391304347826086
53167,0.42776203966005666
53168,0.6104928457869634
53169,0.09319125880440672
53170,0.037188208616780044
53171,0.09319125880440672
53172,0.42776203966005666
53173,0.09319125880440672
53174,0.09319125880440672
53175,0.6805251641137856
53176,0.09319125880440672
53177,0.038461538461538464
53178,0.09319125880440672
53179,0.037188208616780044
53180,0.09319125880440672
53181,0.13432835820895522
53182,0.17964071856287425
53183,0.4797297297297297
53184,0.2184936614466816
53185,0.037188208616780044
53186,0.037188208616780044
53187,0.037188208616780044
53188,0.4111776447105788
53189,0.17964071856287425
53190,0.037188208616780044
53191,0.2184936614466816
53192,0.17964071856287425
53193,0.09319125880440672
53194,0.037188208616780044
53195,0.4111776447105788
53196,0.037188208616780044
53197,0.7655172413793103
53198,0.2184936614466816
53199,0.09319125880440672
53200,0.6805251641137856
53201,0.17964071856287425
53202,0.037188208616780044
53203,0.17391304347826086
53204,0.037188208616780044
53205,0.038461538461538464
53206,0.2184936614466816
53207,0.42776203966005666
53208,0.6805251641137856
53209,0.17964071856287425
53210,0.8103448275862069
53211,0.037188208616780044
53212,0.09319125880440672
53213,0.09319125880440672
53214,0.09319125880440672
53215,0.09319125880440672
53216,0.2184936614466816
53217,0.4111776447105788
53218,0.09319125880440672
53219,0.26552462526766596
53220,0.037188208616780044
53221,0.037188208616780044
53222,0.7655172413793103
53223,0.09319125880440672
53224,0.037188208616780044
53225,0.037188208616780044
53226,0.3958333333333333
53227,0.09319125880440672
53228,0.09319125880440672
53229,0.09319125880440672
53230,0.17964071856287425
53231,0.037188208616780044
53232,0.09319125880440672
53233,0.09156193895870736
53234,0.037188208616780044
53235,0.17964071856287425
53236,0.13432835820895522
53237,0.6104928457869634
53238,0.09319125880440672
53239,0.09319125880440672
53240,0.037188208616780044
53241,0.6805251641137856
53242,0.09319125880440672
53243,0.27807486631016043
53244,0.09319125880440672
53245,0.037188208616780044
53246,0.4698275862068966
53247,0.8103448275862069
53248,0.037188208616780044
53249,0.09319125880440672
53250,0.3763440860215054
53251,0.037188208616780044
53252,0.09319125880440672
53253,0.13432835820895522
53254,0.17964071856287425
53255,0.037188208616780044
53256,0.09319125880440672
53257,0.11239193083573487
53258,0.09319125880440672
53259,0.09319125880440672
53260,0.037188208616780044
53261,0.09319125880440672
53262,0.17964071856287425
53263,0.2184936614466816
53264,0.4797297297297297
53265,0.09319125880440672
53266,0.037188208616780044
53267,0.09319125880440672
53268,0.5738636363636364
53269,0.42776203966005666
53270,0.037188208616780044
53271,0.037188208616780044
53272,0.2184936614466816
53273,0.4111776447105788
53274,0.09319125880440672
53275,0.037188208616780044
53276,0.09319125880440672
53277,0.2184936614466816
53278,0.09319125880440672
53279,0.17964071856287425
53280,0.09319125880440672
53281,0.09319125880440672
53282,0.17964071856287425
53283,0.037188208616780044
53284,0.037188208616780044
53285,0.037188208616780044
53286,0.4111776447105788
53287,0.09156193895870736
53288,0.037188208616780044
53289,0.0189873417721519
53290,0.2184936614466816
53291,0.09319125880440672
53292,0.4111776447105788
53293,0.42776203966005666
53294,0.09319125880440672
53295,0.09319125880440672
53296,0.037188208616780044
53297,0.2184936614466816
53298,0.17964071856287425
53299,0.09319125880440672
53300,0.26552462526766596
53301,0.17964071856287425
53302,0.09319125880440672
53303,0.037188208616780044
53304,0.4111776447105788
53305,0.6805251641137856
53306,0.6805251641137856
53307,0.42776203966005666
53308,0.6104928457869634
53309,0.09319125880440672
53310,0.09319125880440672
53311,0.037188208616780044
53312,0.09319125880440672
53313,0.4111776447105788
53314,0.26552462526766596
53315,0.27807486631016043
53316,0.4111776447105788
53317,0.038461538461538464
53318,0.037188208616780044
53319,0.09319125880440672
53320,0.48520710059171596
53321,0.09319125880440672
53322,0.0189873417721519
53323,0.09319125880440672
53324,0.42776203966005666
53325,0.09319125880440672
53326,0.09319125880440672
53327,0.037188208616780044
53328,0.0189873417721519
53329,0.42776203966005666
53330,0.4
53331,0.6805251641137856
53332,0.7655172413793103
53333,0.037188208616780044
53334,0.09319125880440672
53335,0.11239193083573487
53336,0.2184936614466816
53337,0.037188208616780044
53338,0.48520710059171596
53339,0.17964071856287425
53340,0.27807486631016043
53341,0.17964071856287425
53342,0.037188208616780044
53343,0.09319125880440672
53344,0.037188208616780044
53345,0.17964071856287425
53346,0.037188208616780044
53347,0.17964071856287425
53348,0.2184936614466816
53349,0.09319125880440672
53350,0.2184936614466816
53351,0.0189873417721519
53352,0.09319125880440672
53353,0.037188208616780044
53354,0.09319125880440672
53355,0.037188208616780044
53356,0.4698275862068966
53357,0.0189873417721519
53358,0.037188208616780044
53359,0.2184936614466816
53360,0.09319125880440672
53361,0.0189873417721519
53362,0.48520710059171596
53363,0.6104928457869634
53364,0.0189873417721519
53365,0.09319125880440672
53366,0.13432835820895522
53367,0.42776203966005666
53368,0.7655172413793103
53369,0.2184936614466816
53370,0.13432835820895522
53371,0.09319125880440672
53372,0.037188208616780044
53373,0.2184936614466816
53374,0.11239193083573487
53375,0.09319125880440672
53376,0.09319125880440672
53377,0.17964071856287425
53378,0.17964071856287425
53379,0.13432835820895522
53380,0.6104928457869634
53381,0.42776203966005666
53382,0.13432835820895522
53383,0.2184936614466816
53384,0.12796208530805686
53385,0.4797297297297297
53386,0.7655172413793103
53387,0.09319125880440672
53388,0.09319125880440672
53389,0.8938547486033519
53390,0.09319125880440672
53391,0.42776203966005666
53392,0.13432835820895522
53393,0.09319125880440672
53394,0.8938547486033519
53395,0.09319125880440672
53396,0.4111776447105788
53397,0.3958333333333333
53398,0.09319125880440672
53399,0.12796208530805686
53400,0.42776203966005666
53401,0.09319125880440672
53402,0.13432835820895522
53403,0.2184936614466816
53404,0.09319125880440672
53405,0.09319125880440672
53406,0.17964071856287425
53407,0.037188208616780044
53408,0.11239193083573487
53409,0.037188208616780044
53410,0.4111776447105788
53411,0.11239193083573487
53412,0.09319125880440672
53413,0.0189873417721519
53414,0.6805251641137856
