respondent_id,h1n1_vaccine
26707,0.13739581457421182
26708,0.04232994649063851
26709,0.4880193303217774
26710,0.4675377535172014
26711,0.22293660458133052
26712,0.44263862154368033
26713,0.4141219498203859
26714,0.11112061445410468
26715,0.041950183714629156
26716,0.1161914116857785
26717,0.07678698890240679
26718,0.21632509555411347
26719,0.10341319771080532
26720,0.07919001101618671
26721,0.48530411952170205
26722,0.05528506400681793
26723,0.6215652666479372
26724,0.09633182740599917
26725,0.053040726944046504
26726,0.07933069980467233
26727,0.2824349473926517
26728,0.19215773688907387
26729,0.08328309555726984
26730,0.07505159241048893
26731,0.043955424807655775
26732,0.17795473239444354
26733,0.8120602176075778
26734,0.5729305651427117
26735,0.12501654077358548
26736,0.07464262720523636
26737,0.035048861658292685
26738,0.597704271771008
26739,0.0744432772748546
26740,0.19283240863875617
26741,0.25007666958635405
26742,0.08503618721760953
26743,0.06217619573359372
26744,0.10019164868122821
26745,0.2060033716471209
26746,0.1519457650926639
26747,0.08512381569605515
26748,0.16046155251139857
26749,0.09690544036152675
26750,0.588791801291731
26751,0.3453931071985139
26752,0.05799172863810269
26753,0.14637953260498549
26754,0.17966293155572896
26755,0.10166760258273685
26756,0.035346963033512854
26757,0.475108993042058
26758,0.44844490149898036
26759,0.05479301946318031
26760,0.049439346733420715
26761,0.3074138618718733
26762,0.14990007051218365
26763,0.6926861868876469
26764,0.7710898358163919
26765,0.2368056751674078
26766,0.16562143903898574
26767,0.7109170014489352
26768,0.08988383408055406
26769,0.14146399266657977
26770,0.16589541702047148
26771,0.07284890504996243
26772,0.08251957216919932
26773,0.09254574514308023
26774,0.08284225019427507
26775,0.09382712584802258
26776,0.39564729730766085
26777,0.11339546974449807
26778,0.17300243205380386
26779,0.11657699732756657
26780,0.2967129794090781
26781,0.14958541515729215
26782,0.06612252761698151
26783,0.07433194078039093
26784,0.2616990311953003
26785,0.3739325978180728
26786,0.16194418124293872
26787,0.12262617379836405
26788,0.10969038717503488
26789,0.05019551921544076
26790,0.07160601245935655
26791,0.07170424147075023
26792,0.2255457386181141
26793,0.14142593745297186
26794,0.7539318513143363
26795,0.134237186247774
26796,0.0317541430034374
26797,0.14999493506448167
26798,0.3117758413553087
26799,0.268755499172339
26800,0.08331919340282049
26801,0.22694751800447074
26802,0.06665770381095616
26803,0.09076678225342796
26804,0.05552169263859241
26805,0.07790421893779002
26806,0.09877061796859903
26807,0.46810724557902206
26808,0.21254295008216575
26809,0.47170038323826086
26810,0.060149390195608894
26811,0.06750944019058092
26812,0.14024805576904315
26813,0.35699216053406024
26814,0.05700294139085271
26815,0.035402252527669716
26816,0.13018236653128418
26817,0.12517824454699022
26818,0.0885987239922354
26819,0.30536585713776027
26820,0.09425071771417586
26821,0.10984280418650345
26822,0.20169333593758396
26823,0.23006434570293421
26824,0.06608523540285946
26825,0.3560130597316316
26826,0.1233931050218362
26827,0.07062699720307349
26828,0.1595298598910145
26829,0.5931789444062555
26830,0.08297098358685055
26831,0.20221841696852044
26832,0.233943361140228
26833,0.0633933362454778
26834,0.3129915204925017
26835,0.5072655887606703
26836,0.1567080154927164
26837,0.1601414241021886
26838,0.089365336506299
26839,0.2425897787895365
26840,0.06678854214708548
26841,0.390401526837076
26842,0.056220053232302655
26843,0.0658165904268924
26844,0.08564475600280769
26845,0.10706433089154895
26846,0.10323920345046805
26847,0.3266633625154229
26848,0.10811740250971685
26849,0.26084217502814183
26850,0.5506486440276057
26851,0.04179863762906806
26852,0.04412397138061148
26853,0.39929424416265075
26854,0.05549140058785832
26855,0.5024316882276245
26856,0.16177793448558486
26857,0.346864157900075
26858,0.1469988431683027
26859,0.07397098820415102
26860,0.22683571767467778
26861,0.04864402753545922
26862,0.08382885911812558
26863,0.22140786410241725
26864,0.38588847762308015
26865,0.02977431047653455
26866,0.16249357027730377
26867,0.0721523322013391
26868,0.5935143668537715
26869,0.07315049189099665
26870,0.5625261262562772
26871,0.05592096775299986
26872,0.21440490032557988
26873,0.21400157393879018
26874,0.091425939451583
26875,0.5966806444687165
26876,0.09390394651873965
26877,0.1094703984927619
26878,0.18144230748840362
26879,0.03924906857224689
26880,0.11390844056601468
26881,0.035305269886299624
26882,0.04339033313768501
26883,0.09277019427745285
26884,0.16177093538303905
26885,0.21068549139688067
26886,0.11249029079440777
26887,0.5216396239442007
26888,0.8589241770735689
26889,0.06734811070110817
26890,0.2017297314645929
26891,0.5358599733633741
26892,0.21527963955269955
26893,0.05219831715645858
26894,0.15506172263448506
26895,0.09938794140073706
26896,0.04594697496057671
26897,0.06232802342209464
26898,0.20480866945288814
26899,0.06879062031792946
26900,0.08571180032056812
26901,0.06803543278655244
26902,0.20853800870969952
26903,0.24175348621088427
26904,0.07541502614098622
26905,0.4620197058893308
26906,0.062006849303413665
26907,0.040863259690138085
26908,0.12142311260013479
26909,0.12299547720730243
26910,0.22200807707652848
26911,0.06853833071326866
26912,0.3960382863157522
26913,0.6857929702766403
26914,0.08157903300238371
26915,0.26992624041968816
26916,0.07374767262489489
26917,0.06783539183296813
26918,0.7218288826461138
26919,0.2254729649618116
26920,0.06177609168022434
26921,0.15166000913927827
26922,0.0806684693641158
26923,0.1195988932234805
26924,0.6995717879956961
26925,0.12608748892804922
26926,0.3749168804621593
26927,0.3357128820091833
26928,0.13050092166822855
26929,0.07371820258832724
26930,0.6420340373709481
26931,0.08990393086855089
26932,0.10738607448939864
26933,0.07946607501145547
26934,0.5045556888260666
26935,0.16526434807439774
26936,0.3249277592139308
26937,0.2488786381215082
26938,0.08516910556600875
26939,0.04439858464577248
26940,0.10103786070511625
26941,0.08184435713609763
26942,0.43718457212954803
26943,0.21887323487565036
26944,0.07014677071365515
26945,0.09998225045944542
26946,0.16233083097313003
26947,0.13689448262449266
26948,0.04235450983609833
26949,0.04792491195061511
26950,0.09617840787254671
26951,0.05828300728568782
26952,0.6998056960779925
26953,0.6684786314968608
26954,0.05831346721229362
26955,0.18287027171993592
26956,0.11985670659438506
26957,0.0805599905278285
26958,0.18015256761025888
26959,0.07261925516854717
26960,0.035528615379194474
26961,0.20147756060554528
26962,0.1995963299006889
26963,0.20655883356093507
26964,0.10322780393797477
26965,0.778722671081896
26966,0.05849241828867358
26967,0.0951087108230106
26968,0.0859714517487544
26969,0.09758650300494558
26970,0.52900215714296
26971,0.05657151968706669
26972,0.03714027788486033
26973,0.08691287094126765
26974,0.18984269119341374
26975,0.09309733298944022
26976,0.7591181704465949
26977,0.08352433152721427
26978,0.05632003875864321
26979,0.48914119805288164
26980,0.06169060208788558
26981,0.2205917486282452
26982,0.5841010318673903
26983,0.1260196876353841
26984,0.07845212306494753
26985,0.06934513729369494
26986,0.07844452125193671
26987,0.07376520340128177
26988,0.049323416201635925
26989,0.2613871574145171
26990,0.03617468884644329
26991,0.33391340244158374
26992,0.32860353197493625
26993,0.1178516857773251
26994,0.14300372985881768
26995,0.2770060379285517
26996,0.29877709551577497
26997,0.06677817574450318
26998,0.06951513580594461
26999,0.4038909968887023
27000,0.09430508772983931
27001,0.08491129196330484
27002,0.061125502656920204
27003,0.033063095839375174
27004,0.11680485747508468
27005,0.39775706767887437
27006,0.7029091505931718
27007,0.039939932435210546
27008,0.19868917322181134
27009,0.08332923605037662
27010,0.08182629321453333
27011,0.12439328358071125
27012,0.32168293281763
27013,0.09153585744540552
27014,0.06306716122721187
27015,0.12628967583662942
27016,0.10755838250184749
27017,0.4139303829493361
27018,0.06219791192332087
27019,0.7462367803070116
27020,0.25389964263777504
27021,0.1394242125910047
27022,0.14614586014246514
27023,0.12500357669212817
27024,0.0964322649607872
27025,0.1266908596227898
27026,0.0942794912481218
27027,0.12145913613152605
27028,0.28101713156216734
27029,0.11046715694347808
27030,0.1839122424555992
27031,0.23072909458104324
27032,0.2524496535861709
27033,0.2279773457577634
27034,0.10753028173972347
27035,0.07378644236793784
27036,0.14605971768834014
27037,0.45818811245838004
27038,0.0359825712894037
27039,0.7127457683807961
27040,0.2531059663734982
27041,0.11462337586715303
27042,0.11273283270259632
27043,0.33840348262035913
27044,0.03803703779612734
27045,0.11943018472320018
27046,0.06086851840770542
27047,0.5582688021855049
27048,0.16455874118000965
27049,0.37014299832429043
27050,0.05975486376467476
27051,0.08742887083639572
27052,0.104092992686002
27053,0.7264064358386907
27054,0.05830380696228207
27055,0.18402591301907942
27056,0.09490612819079537
27057,0.03971064616640077
27058,0.77280446909105
27059,0.05237678512904245
27060,0.04317005473795405
27061,0.08629110786581785
27062,0.11556563188072237
27063,0.09193294229864298
27064,0.23670032930210563
27065,0.09281068870790987
27066,0.08238909692564082
27067,0.4293842792617526
27068,0.7746735220268675
27069,0.5605922202950908
27070,0.051874160132096885
27071,0.08507704379400995
27072,0.21416840013330424
27073,0.0627700073430169
27074,0.08104760977237338
27075,0.6703051328560993
27076,0.468569156610464
27077,0.0417980863823957
27078,0.2091463168114275
27079,0.3617114224676168
27080,0.0660208185841006
27081,0.09510678067587924
27082,0.15435452095043045
27083,0.08368102073183964
27084,0.64988954859243
27085,0.04135679038066225
27086,0.07003177785891877
27087,0.16236516985121782
27088,0.3211264154752383
27089,0.16022123040017108
27090,0.23120452497274718
27091,0.5066248496840796
27092,0.07726882183934011
27093,0.16706046758071555
27094,0.041338497850223574
27095,0.09437992661171248
27096,0.10531962831707116
27097,0.5455170506185273
27098,0.5270044965524512
27099,0.17475631702869013
27100,0.17811537842152977
27101,0.13191344725062673
27102,0.10675479154023577
27103,0.0407878592469757
27104,0.1603763672556158
27105,0.14481733119393253
27106,0.4009372982028937
27107,0.5061937417878991
27108,0.15525739435866195
27109,0.06838137654961819
27110,0.07614407510098081
27111,0.07028853783032492
27112,0.34211490869498146
27113,0.057925744762908106
27114,0.11361302440220519
27115,0.5139050376394372
27116,0.16350748457408742
27117,0.04947163781581481
27118,0.10877457553203025
27119,0.04994890913100035
27120,0.3256803143943254
27121,0.053833882380130864
27122,0.08130460619220713
27123,0.08011628164746744
27124,0.08148788738795787
27125,0.04150195890219846
27126,0.2060249904873728
27127,0.06595495901980541
27128,0.14869111515499522
27129,0.3614237388159765
27130,0.08927132531811696
27131,0.05682011565528915
27132,0.4959389957343711
27133,0.17409478859233551
27134,0.6499252061690961
27135,0.21858586689331158
27136,0.06556601142939744
27137,0.07069509431151376
27138,0.13879594803713785
27139,0.16534810791232654
27140,0.8308101564487232
27141,0.5661049388223027
27142,0.07840730610739995
27143,0.2583780650959729
27144,0.07364340336306345
27145,0.5254263740539578
27146,0.107748465744413
27147,0.05751035940452071
27148,0.143710840304399
27149,0.23118322812040687
27150,0.5030499954815653
27151,0.134495469767443
27152,0.04909290749055219
27153,0.1820986144453065
27154,0.5672455770992121
27155,0.13549234937604665
27156,0.04108005186665927
27157,0.05220513128663575
27158,0.07918111516294955
27159,0.049919008355726484
27160,0.2720115707116013
27161,0.2462869774030091
27162,0.20351355678466396
27163,0.5277684986328463
27164,0.275656559402083
27165,0.4435705569621582
27166,0.22993066205990226
27167,0.09799606467650107
27168,0.18205259286795158
27169,0.35479256896291084
27170,0.26579015814001966
27171,0.07547313428293904
27172,0.07978455047829522
27173,0.2663970158844058
27174,0.11723503183360037
27175,0.05358132099570026
27176,0.5704831411358398
27177,0.67543740391293
27178,0.08643628852276417
27179,0.07470625923001424
27180,0.3175009752856301
27181,0.05650291823409547
27182,0.6177326043945631
27183,0.06829496519616914
27184,0.07527775819125075
27185,0.5476325255505966
27186,0.1839827633149536
27187,0.09494795613982032
27188,0.09263763168713152
27189,0.0963526287097857
27190,0.4292883675473734
27191,0.1990623212286123
27192,0.4492716195645904
27193,0.03600260486266473
27194,0.11928039002067709
27195,0.05647111957314325
27196,0.29457984292673944
27197,0.08723165197032005
27198,0.7027801073744877
27199,0.05317027082857538
27200,0.2411833869234952
27201,0.6094260058332881
27202,0.07826331724789391
27203,0.05553559801222569
27204,0.035694398148853855
27205,0.11434684781601485
27206,0.15468284092275345
27207,0.11886968263892254
27208,0.6579209877342498
27209,0.11813361564375775
27210,0.186299735044949
27211,0.15202696814095246
27212,0.43492182784393196
27213,0.3650123092877356
27214,0.032272249898189394
27215,0.18357532493110995
27216,0.1541373766829659
27217,0.10855598066166344
27218,0.5059174934855472
27219,0.4435642268970749
27220,0.22034118595174026
27221,0.1417575470990135
27222,0.17563966997836128
27223,0.11869831462350805
27224,0.17395372352456093
27225,0.1978105331790405
27226,0.05289560819093763
27227,0.09437792228882295
27228,0.35057117705935215
27229,0.48438374082122104
27230,0.1813884577604387
27231,0.3825488723985488
27232,0.11861526840218072
27233,0.33793459502932
27234,0.06910783507250554
27235,0.7196808770795395
27236,0.11160741510978586
27237,0.4689511704548728
27238,0.24107450013047158
27239,0.42409973523104183
27240,0.11654410454213426
27241,0.06716692088670509
27242,0.14508659640665525
27243,0.0534651536394491
27244,0.0581890283027248
27245,0.1782073416927611
27246,0.6184364598642762
27247,0.20163851175206632
27248,0.13407122557905618
27249,0.12207020832089682
27250,0.0885109814241971
27251,0.08995126217353362
27252,0.21429854031528664
27253,0.08319883347538223
27254,0.806681871518293
27255,0.10768764770159736
27256,0.6149626519079954
27257,0.3143123431623517
27258,0.4584813016716572
27259,0.5697691752066516
27260,0.1653395105987666
27261,0.09901010533255723
27262,0.16530235525823
27263,0.12772965054580196
27264,0.07027070316286556
27265,0.158252812986087
27266,0.2213771091520107
27267,0.31642930040292633
27268,0.04842673339641546
27269,0.4928224465925601
27270,0.04906097911959908
27271,0.06531199409988729
27272,0.07836583281492947
27273,0.06934171900095322
27274,0.09580987836941937
27275,0.1942361071415317
27276,0.04753782923887036
27277,0.06700677117781235
27278,0.14997286634263934
27279,0.058182774807483524
27280,0.34763542025640964
27281,0.09376719557993721
27282,0.10010326837449593
27283,0.052001962675921186
27284,0.3212790624119506
27285,0.11383600689727072
27286,0.11379854762263131
27287,0.21183494504679273
27288,0.46838597379969477
27289,0.33944854722130813
27290,0.0702932182125294
27291,0.6337655300623529
27292,0.06988947649519285
27293,0.09377172172268203
27294,0.047933514294349285
27295,0.2437016782120951
27296,0.10865618663030349
27297,0.09686429398277577
27298,0.11351977515625132
27299,0.21309745201353583
27300,0.21639605221421565
27301,0.037959008371947676
27302,0.11394395612757663
27303,0.08547827324372945
27304,0.1135963702514007
27305,0.06034073590008461
27306,0.10379229971808557
27307,0.7361562514745941
27308,0.16827901506218979
27309,0.5933104460693056
27310,0.06341704335252824
27311,0.093340313504706
27312,0.12597875824053856
27313,0.08002294352916946
27314,0.043766904618621844
27315,0.07846374443966875
27316,0.35835553400944264
27317,0.16445971743916096
27318,0.17035221369719153
27319,0.3255109196793731
27320,0.4127870877016229
27321,0.06237630776852702
27322,0.2348872274342189
27323,0.10355503386606978
27324,0.4898005194734905
27325,0.6271891156758113
27326,0.21401220111997166
27327,0.22307349794814882
27328,0.26233146899279003
27329,0.1029510375521469
27330,0.04455858249188531
27331,0.08063802678477285
27332,0.22046045787457919
27333,0.6380570292044269
27334,0.04393639471782841
27335,0.16993590425409652
27336,0.07388043396384546
27337,0.21280143682580824
27338,0.15914641954370704
27339,0.27346382375524053
27340,0.030169137914949178
27341,0.1485487920258114
27342,0.1574558006207144
27343,0.04702423088466424
27344,0.2214912760539545
27345,0.09732555005981232
27346,0.6289241499884034
27347,0.6154136899360975
27348,0.0764208271241069
27349,0.08722274275415108
27350,0.16487067867812397
27351,0.5696582676976858
27352,0.1496018233671472
27353,0.08714619211467237
27354,0.20433451953943188
27355,0.2837706295387507
27356,0.21030294733604052
27357,0.053397290141220605
27358,0.14195114114934745
27359,0.3080089111391164
27360,0.19421167826242758
27361,0.06510305415871781
27362,0.21122826884288598
27363,0.16000610025704656
27364,0.08744800845658135
27365,0.24687010614246244
27366,0.43158616097118224
27367,0.31637576748520335
27368,0.08652568352784197
27369,0.06293991014166068
27370,0.08096153824854961
27371,0.28507569354014795
27372,0.05355043865968511
27373,0.708453669972685
27374,0.028345154098917
27375,0.23378254244926444
27376,0.4667552160944019
27377,0.16512030409705253
27378,0.061302697663776315
27379,0.08417496833289209
27380,0.18273204270143031
27381,0.13162341326165775
27382,0.29078614103416645
27383,0.16073558612310845
27384,0.08607507914161568
27385,0.09111142780744289
27386,0.18529389361955587
27387,0.321061789413783
27388,0.15496410879099182
27389,0.14125138302226495
27390,0.032244942384653585
27391,0.21584076398951343
27392,0.6774735749960511
27393,0.018930358633641148
27394,0.039446640097485816
27395,0.6134189496873733
27396,0.06343898783620239
27397,0.7667043895890865
27398,0.4345963567435025
27399,0.24068173079845304
27400,0.09480133874456513
27401,0.27328805354313435
27402,0.17593502185670162
27403,0.04782439275252883
27404,0.3129824102150429
27405,0.7848069775838629
27406,0.06280508704793877
27407,0.08267265445763586
27408,0.13266309846388163
27409,0.6381592124146799
27410,0.0671214338368519
27411,0.11263943010563703
27412,0.23308583429121119
27413,0.08094678574056659
27414,0.5506066903134946
27415,0.08712827554503526
27416,0.086910837846345
27417,0.15838655116963296
27418,0.328188984365822
27419,0.6459662493040483
27420,0.14994686684264494
27421,0.11429240630838405
27422,0.33594594669770006
27423,0.051801470444219566
27424,0.18462861542388978
27425,0.3152651892781108
27426,0.09311862366115287
27427,0.1397859525552354
27428,0.05077732436592937
27429,0.346256499005259
27430,0.18673384882415556
27431,0.1605061199475271
27432,0.1505883153720712
27433,0.16412096849627902
27434,0.11480931623863962
27435,0.17445844072721378
27436,0.04690506543373243
27437,0.14601559594952956
27438,0.06648442623772649
27439,0.3216831655514735
27440,0.1580495152847053
27441,0.7499489223473916
27442,0.3888980505033353
27443,0.03456188116566924
27444,0.11601098493507912
27445,0.052442233773260426
27446,0.14566926116972592
27447,0.06556839246626592
27448,0.2703186058046117
27449,0.18994989284539843
27450,0.14890588760940038
27451,0.06354883366171635
27452,0.08826508547281475
27453,0.12193985421580171
27454,0.09753509239057594
27455,0.13759492533594994
27456,0.22341179496555882
27457,0.05605664392973355
27458,0.07977026480396117
27459,0.05569922354309401
27460,0.5730482989284705
27461,0.1493530448889111
27462,0.061846366977562954
27463,0.08922280166092668
27464,0.4831461373138268
27465,0.655268228341614
27466,0.03624855032868561
27467,0.0736696149468394
27468,0.08837925937856014
27469,0.09118756164798719
27470,0.8017885306223429
27471,0.10174900990802276
27472,0.23236352319202158
27473,0.08458261311403618
27474,0.15732217853769323
27475,0.06818081766938817
27476,0.17981586273897743
27477,0.0938890818155681
27478,0.1087351859986997
27479,0.11712939962590366
27480,0.41606918282060146
27481,0.5815502417880077
27482,0.35004306166426485
27483,0.4422504374784294
27484,0.37276765069040124
27485,0.10082911780566832
27486,0.13838779778180382
27487,0.25118915297755207
27488,0.7315557918730616
27489,0.7281850772214152
27490,0.07999103648942683
27491,0.2773953671769694
27492,0.07064447465729021
27493,0.16213894363238596
27494,0.3438041822354485
27495,0.21378529279831368
27496,0.07006703517132079
27497,0.17619421115901268
27498,0.11534965910458439
27499,0.19783788193007087
27500,0.24179072586919537
27501,0.06319683746214819
27502,0.1217806873693063
27503,0.05960971476179311
27504,0.038623462714436604
27505,0.06037108250871768
27506,0.33968107799679914
27507,0.111016998353706
27508,0.11610716199054669
27509,0.19594653333081075
27510,0.4672719446199591
27511,0.2915388128147925
27512,0.09164363967468002
27513,0.17184319179224006
27514,0.367999499865711
27515,0.458289129635713
27516,0.3198260998985843
27517,0.04146016422118888
27518,0.6553013460867895
27519,0.06828119785682395
27520,0.04454870890454594
27521,0.08516837390907336
27522,0.10247856239637179
27523,0.055925705556382016
27524,0.08998667537997052
27525,0.08358483822443659
27526,0.4116228755926126
27527,0.07086149671764565
27528,0.3936935291447781
27529,0.17193971096729138
27530,0.061277600549308364
27531,0.130415564582175
27532,0.16959974114385337
27533,0.2847783543094134
27534,0.13307259322358522
27535,0.11496924070192274
27536,0.16985813956198206
27537,0.6413766826129133
27538,0.3161200399945619
27539,0.17628545584434807
27540,0.4005482511828679
27541,0.6224299270022423
27542,0.05679509213587179
27543,0.521284045321768
27544,0.14948459848803297
27545,0.15267016461114633
27546,0.5640852419819397
27547,0.07070289783744918
27548,0.08105011082564491
27549,0.1290852837876358
27550,0.1628385927644908
27551,0.20498158695092608
27552,0.09835746874509059
27553,0.061159797156750635
27554,0.2095278160857868
27555,0.07647488579419803
27556,0.16102671505531715
27557,0.19784990654034723
27558,0.08485868776060952
27559,0.23926139451824308
27560,0.3694968099016864
27561,0.4227220444471037
27562,0.24229845927874735
27563,0.3227743171521549
27564,0.20963311072975457
27565,0.16885729346458672
27566,0.16333441728952736
27567,0.2129563070454146
27568,0.5607917632931984
27569,0.03504637349776422
27570,0.48425724485186294
27571,0.06021162774107078
27572,0.021119556373737823
27573,0.07593967479611743
27574,0.3633189387714006
27575,0.06024414528301102
27576,0.051271763458774905
27577,0.18821162612485715
27578,0.1556931627736777
27579,0.08298468463703666
27580,0.06505928766743771
27581,0.14825758549927598
27582,0.05360166016283145
27583,0.09061686106567089
27584,0.6210188742343341
27585,0.25638792572932967
27586,0.6345971051008291
27587,0.08950911157521718
27588,0.10374893374490915
27589,0.10272945284708966
27590,0.3119392046101647
27591,0.3616215313888211
27592,0.034178915868727316
27593,0.0671774486690295
27594,0.20125884114484277
27595,0.03424792724178968
27596,0.0779884573079511
27597,0.16253694841170044
27598,0.13718094896580177
27599,0.494707960804003
27600,0.06184196655909961
27601,0.11671854618912772
27602,0.6880595460074718
27603,0.047786927304084556
27604,0.06493535579636323
27605,0.43236409088262284
27606,0.1670190482479861
27607,0.40932682392430475
27608,0.11895703819861173
27609,0.4843743701866498
27610,0.30875420742544185
27611,0.2373879971731406
27612,0.06991861133468076
27613,0.6660409546729839
27614,0.08085478309538714
27615,0.16137140651120377
27616,0.04477204549671235
27617,0.3183851560471066
27618,0.2683879226503712
27619,0.2682793039160175
27620,0.40809558218049297
27621,0.08628318912466525
27622,0.5899052837561634
27623,0.2776121541959897
27624,0.16611081597813002
27625,0.07869786801854986
27626,0.046907504692036125
27627,0.662883240786405
27628,0.13799970425612113
27629,0.04416650057429118
27630,0.3108503461512399
27631,0.1949362636586698
27632,0.06782162460425936
27633,0.35718156924782896
27634,0.1193771235073686
27635,0.08138223499268574
27636,0.27899708715336896
27637,0.10766715640698668
27638,0.145981092274281
27639,0.05521950463006987
27640,0.5464259506118195
27641,0.4732607370702761
27642,0.45517054337376434
27643,0.06881419956188871
27644,0.10044923733002395
27645,0.19695661657914992
27646,0.05988182080088633
27647,0.19043476423379982
27648,0.05492172921041983
27649,0.12966171243772454
27650,0.11515625440594587
27651,0.18437140367497384
27652,0.25053274988492624
27653,0.04126197699403358
27654,0.4800057853598027
27655,0.11948384555259205
27656,0.16931575290238107
27657,0.4096663119060429
27658,0.06839866351810785
27659,0.03810019050309982
27660,0.4024309062918358
27661,0.2366963887924348
27662,0.07051459755976172
27663,0.23769316239994595
27664,0.17068134694377463
27665,0.5597644159444941
27666,0.10448056810140585
27667,0.03729366329409755
27668,0.8515848562014513
27669,0.24138407633471431
27670,0.4395332405902669
27671,0.24881602316320084
27672,0.05059646082463727
27673,0.06083337965647251
27674,0.08535203696382171
27675,0.47979482531224477
27676,0.30909379364538225
27677,0.07712162855009791
27678,0.20313740927001403
27679,0.0879403856524957
27680,0.7250244498355926
27681,0.032266473008999715
27682,0.10660168509386507
27683,0.10772065121713391
27684,0.08378509084803312
27685,0.051024125587684405
27686,0.16105123185723827
27687,0.09889634815925111
27688,0.13120136279328
27689,0.6025966767765891
27690,0.6379380060055125
27691,0.6196539783983533
27692,0.08468222121660178
27693,0.0858737225265638
27694,0.22137564001783544
27695,0.2279989718076438
27696,0.12456471433950604
27697,0.5966440438988448
27698,0.4300121607996226
27699,0.06973982538837399
27700,0.08834349671053268
27701,0.3804025863944557
27702,0.27194947041126644
27703,0.048240399866307605
27704,0.04342030389219911
27705,0.5723248754607617
27706,0.09622451624853406
27707,0.09000668174603768
27708,0.4340097368661331
27709,0.1450408759659079
27710,0.1068155303718832
27711,0.4273591094183536
27712,0.059767851018903674
27713,0.054819641516185985
27714,0.1992402810428632
27715,0.689120551173924
27716,0.11910229624016543
27717,0.11625507527562934
27718,0.09173740365924896
27719,0.022778635261237228
27720,0.11703087100744379
27721,0.3302601152870213
27722,0.2687265929780497
27723,0.40356013852492645
27724,0.08863717079491908
27725,0.06503949861449525
27726,0.13960255288046325
27727,0.20401913184739576
27728,0.3349446435803996
27729,0.059929921972575226
27730,0.5635069133801848
27731,0.6478932176919421
27732,0.10058370148319794
27733,0.05443647570815738
27734,0.1237243241741556
27735,0.4714675928226481
27736,0.16222163713521603
27737,0.16974083624642838
27738,0.42666385815194086
27739,0.399174715111178
27740,0.09991006564496879
27741,0.31956139355875685
27742,0.18437789133005628
27743,0.5004546343731199
27744,0.048311088301867096
27745,0.76703255699339
27746,0.09265731061768762
27747,0.07715595151172706
27748,0.2885130491047487
27749,0.2038276435798986
27750,0.26911144931712033
27751,0.10935236713941963
27752,0.42314290668664184
27753,0.057647330651681594
27754,0.2378259982169412
27755,0.7637730097992054
27756,0.08427279932938016
27757,0.04549722383638855
27758,0.07801221829270891
27759,0.05400537702992397
27760,0.4987246560704376
27761,0.12336252064621538
27762,0.10259220323424516
27763,0.09196846584890253
27764,0.2731042443827744
27765,0.12997090094559632
27766,0.6250786714031903
27767,0.5056544042795139
27768,0.0822022311392241
27769,0.09256633210323781
27770,0.08625366723280609
27771,0.06824578488148134
27772,0.6678103203963202
27773,0.09332573677112656
27774,0.18289197312905878
27775,0.11944303932941222
27776,0.04445518698987863
27777,0.14108963210994604
27778,0.2601965905238887
27779,0.10668316691176905
27780,0.09808917351528468
27781,0.03941042949067938
27782,0.7477172808117232
27783,0.10391708447834225
27784,0.1709493732534879
27785,0.09007097619971172
27786,0.1189967062361666
27787,0.15715592209976784
27788,0.07333862204258285
27789,0.7266454005311632
27790,0.5821069907394218
27791,0.08131604914233041
27792,0.08157042667842732
27793,0.2030673948877194
27794,0.1947958572407539
27795,0.49567313717071104
27796,0.12182484348634783
27797,0.43692747175672925
27798,0.24649306370273882
27799,0.14247049500535355
27800,0.15390835053181487
27801,0.05012981018941423
27802,0.5977294391862096
27803,0.03603424456478227
27804,0.5755375920255464
27805,0.07564272118157227
27806,0.5245100194442842
27807,0.3320926594109372
27808,0.27031016447355627
27809,0.6064683207537273
27810,0.04162901998236633
27811,0.04419736982751082
27812,0.0809667911274159
27813,0.13815391792152357
27814,0.15028088678153323
27815,0.09356790121483109
27816,0.4347367305052243
27817,0.09989918847508195
27818,0.26712664847450884
27819,0.18400751186369044
27820,0.6141801046517463
27821,0.1355947618324218
27822,0.08536975459524547
27823,0.30729197612328285
27824,0.1430154622155366
27825,0.3250550851810344
27826,0.16501121605496788
27827,0.052343976689734555
27828,0.059458509935074864
27829,0.0563801097878139
27830,0.3099979964399673
27831,0.18629596020104458
27832,0.14494422150188635
27833,0.1915033495627325
27834,0.6667534684685076
27835,0.4823655455303488
27836,0.10803492841997556
27837,0.6677713844275983
27838,0.0626838624975794
27839,0.05015958379846696
27840,0.21363692922929678
27841,0.20382463159566738
27842,0.26435115226015543
27843,0.09060168438081737
27844,0.1906845861921573
27845,0.0725682000595298
27846,0.229696594334516
27847,0.08699031808975648
27848,0.7113113257018225
27849,0.11267241018499287
27850,0.16733432709184506
27851,0.4695099128312019
27852,0.30157006001794695
27853,0.16125837837868104
27854,0.26024729971636534
27855,0.2318260857578192
27856,0.28904560661637835
27857,0.5204517145956518
27858,0.6335063275516557
27859,0.74197739959107
27860,0.16536228713825718
27861,0.09188065800261462
27862,0.11953174434027114
27863,0.28480676768712243
27864,0.08392266011001183
27865,0.2815351993132766
27866,0.6711621800946262
27867,0.4060745337666019
27868,0.47568157975304093
27869,0.06571279859557518
27870,0.3398253973871176
27871,0.09368080555163463
27872,0.08140373716647296
27873,0.12750149316963433
27874,0.3296956436196901
27875,0.37252556204262977
27876,0.08908196449933035
27877,0.3614182831305364
27878,0.15508702121265522
27879,0.10954175086284922
27880,0.09884504725658819
27881,0.11551336666796194
27882,0.12225162137564763
27883,0.04667010232323071
27884,0.1911234382044321
27885,0.03816105935195666
27886,0.09823552266754866
27887,0.4960691260055032
27888,0.108478160051557
27889,0.12832602620349992
27890,0.19774694372427046
27891,0.263618969254794
27892,0.14677602735405457
27893,0.07495002813726007
27894,0.09456328814108658
27895,0.12970470015117364
27896,0.09288552280920206
27897,0.03709298628826298
27898,0.046944185941649244
27899,0.05722243283620732
27900,0.36924632828773774
27901,0.066136729012489
27902,0.06462804023697616
27903,0.14703225062286232
27904,0.21899161962013697
27905,0.10263030454136966
27906,0.12608909474115845
27907,0.8108517099916855
27908,0.2641823301454034
27909,0.12530272938152978
27910,0.17845373692078328
27911,0.42254329622684417
27912,0.1374501330352187
27913,0.05538637438825349
27914,0.07937595298287799
27915,0.05215376601610412
27916,0.1428555405500836
27917,0.10083110982115029
27918,0.2099319423495318
27919,0.18062470374798978
27920,0.12179948516285094
27921,0.11662702196204144
27922,0.3600445335039837
27923,0.12707452846237086
27924,0.12986494436723786
27925,0.027917705431702487
27926,0.1938474421355621
27927,0.048631807734904185
27928,0.7243745932410135
27929,0.09227312623437194
27930,0.15542533522012034
27931,0.7222469548335371
27932,0.11730254872382569
27933,0.040662130632209054
27934,0.40485566930225436
27935,0.26512739074225217
27936,0.1187575197872889
27937,0.6378836079348044
27938,0.053965385577765354
27939,0.04232431271692524
27940,0.047052785871964924
27941,0.06179948353496993
27942,0.06867975490076138
27943,0.09537032056113014
27944,0.2321823003711882
27945,0.42176003251522975
27946,0.05138025170880934
27947,0.5481962124681921
27948,0.03906331799110153
27949,0.13626095320944265
27950,0.10424058688813681
27951,0.4465252162126097
27952,0.0999349044802381
27953,0.09934700842058808
27954,0.1386772875433688
27955,0.05487435333053824
27956,0.4407728198459619
27957,0.04202917012808001
27958,0.529653283414546
27959,0.2984630069000403
27960,0.31004362886250936
27961,0.08440865321071277
27962,0.6555370471418752
27963,0.061814675456495036
27964,0.04870729526155518
27965,0.05002886678892907
27966,0.4813313196890517
27967,0.05871606802566758
27968,0.11025229319212825
27969,0.6091871668384341
27970,0.1427080966159203
27971,0.10032255983087147
27972,0.08840789290178709
27973,0.6156566824292123
27974,0.12220747524881309
27975,0.06886842737577341
27976,0.0799841493101281
27977,0.0575636384507629
27978,0.08519916969568188
27979,0.3789239724991664
27980,0.046116368217333614
27981,0.08543100736188117
27982,0.19233695509739832
27983,0.6998573374837317
27984,0.10589403306287828
27985,0.11810180788668966
27986,0.34074558560529616
27987,0.16794688439395247
27988,0.05765005765749854
27989,0.11168032702607862
27990,0.09585931948865908
27991,0.15114905877196436
27992,0.031606250382697834
27993,0.08438271059241403
27994,0.3997117935691979
27995,0.1276489793120992
27996,0.03226546689804894
27997,0.09277421784835768
27998,0.1741920661783452
27999,0.40139547920493973
28000,0.051489393842108676
28001,0.039589313763603445
28002,0.03904434321483317
28003,0.07963215888120442
28004,0.13956865320048276
28005,0.19867144415967491
28006,0.15927374309014203
28007,0.19781836777255418
28008,0.04983841830377677
28009,0.10403814870758521
28010,0.058752631562247234
28011,0.081258314890986
28012,0.6305794043832593
28013,0.359193957213236
28014,0.07462028800178525
28015,0.28211450204580313
28016,0.39884269284065993
28017,0.08616891359283609
28018,0.07251308762837312
28019,0.059146257128732574
28020,0.044163040748107014
28021,0.30558417634135715
28022,0.5046767493557758
28023,0.32583728241094384
28024,0.06095928663749676
28025,0.5061558394358336
28026,0.06460113221806335
28027,0.37555109734613124
28028,0.20236203090366242
28029,0.36385430812811015
28030,0.5639827136284535
28031,0.04826858008552597
28032,0.1437762624632345
28033,0.3421722066391123
28034,0.4619714608046944
28035,0.16705867126992355
28036,0.09893451292558901
28037,0.11614051644071045
28038,0.05391500396423463
28039,0.162630322956832
28040,0.257817251316775
28041,0.11286184732210432
28042,0.08062817097504504
28043,0.47730968035046734
28044,0.1755212859099406
28045,0.16145760616243354
28046,0.09097012712005956
28047,0.22718173882711948
28048,0.06293192240911975
28049,0.07884802416934904
28050,0.08264815572921064
28051,0.11201961467101734
28052,0.5319196805834132
28053,0.06413934832559466
28054,0.2895671513435799
28055,0.13824374573489476
28056,0.5700035584169524
28057,0.12228406899108954
28058,0.08529422083586563
28059,0.07158933729993454
28060,0.06446887044830711
28061,0.15823639178766147
28062,0.32395320614716044
28063,0.18788054776800753
28064,0.08033379418044725
28065,0.08544154769608546
28066,0.13788057480492408
28067,0.20428210926320298
28068,0.15604741669771816
28069,0.09758746713862014
28070,0.1394987760713467
28071,0.1619076118002697
28072,0.14426203493320483
28073,0.046850819398036085
28074,0.4151049284507997
28075,0.0795444646842348
28076,0.11082441613247186
28077,0.1308348781370813
28078,0.12425275854156001
28079,0.38176519749395776
28080,0.09463595279101586
28081,0.21335972954227203
28082,0.1666153696473236
28083,0.03757657437979647
28084,0.06758877172673419
28085,0.462784087125552
28086,0.3043690284072672
28087,0.10184842958692475
28088,0.17187761288763104
28089,0.07546398046426708
28090,0.06457028944203308
28091,0.05290353371024368
28092,0.04299924269586947
28093,0.09179186671589762
28094,0.07177492246536868
28095,0.6860036608729749
28096,0.36469150903624237
28097,0.06035302425962295
28098,0.18337568732751686
28099,0.10666839570231218
28100,0.07927682536571168
28101,0.33042370863927095
28102,0.09852095136739955
28103,0.10849972084327185
28104,0.207575806267749
28105,0.07443557341686947
28106,0.09462869705775095
28107,0.08920289163312786
28108,0.47985669894228805
28109,0.07507228923220972
28110,0.27141656561694527
28111,0.128002584297811
28112,0.4758945439449846
28113,0.12190009918884269
28114,0.05794110898227377
28115,0.09662739066253849
28116,0.06178068964662768
28117,0.06940086318250623
28118,0.12946176067933657
28119,0.3012585953846759
28120,0.49260666213237253
28121,0.6033703785814365
28122,0.03295676449870839
28123,0.16245501616514785
28124,0.15942048651762897
28125,0.22657100401118627
28126,0.29334213865677616
28127,0.1351526890813466
28128,0.05251323384813259
28129,0.43358184339050154
28130,0.07725943159313439
28131,0.1403567238333914
28132,0.4164672310668358
28133,0.19673350610787105
28134,0.15054694531266655
28135,0.17565607940644717
28136,0.10918268159434599
28137,0.1286360245746411
28138,0.11861279338310214
28139,0.3805417280744835
28140,0.5893731377340825
28141,0.033311569946116296
28142,0.06645798626343274
28143,0.22849957917279495
28144,0.17229929381628628
28145,0.2639151406423864
28146,0.06272688117038185
28147,0.12758650258488383
28148,0.5145356861780707
28149,0.06488340547324688
28150,0.24744777185966513
28151,0.08982484890923947
28152,0.26790945696270235
28153,0.05403823134789286
28154,0.07376687526123075
28155,0.0634663694434103
28156,0.07554185580254925
28157,0.09864049680985473
28158,0.3727977333840036
28159,0.4400928209722244
28160,0.10660465225377828
28161,0.1981273971747845
28162,0.2147748229823561
28163,0.10376239218223363
28164,0.3885625483891143
28165,0.06154022475524394
28166,0.5506006770916755
28167,0.08755042963802322
28168,0.3894713080637216
28169,0.04951331191923767
28170,0.11242450817889152
28171,0.16564741826797405
28172,0.0987749696531717
28173,0.04491461262258676
28174,0.06669100037595123
28175,0.1272227211180043
28176,0.04527873922145177
28177,0.10710974182834086
28178,0.12079303348548134
28179,0.09027321029209379
28180,0.1198422585467142
28181,0.09961505098868859
28182,0.1018236381868545
28183,0.07081534244576962
28184,0.053120491093382266
28185,0.28470574175165114
28186,0.08686760108893812
28187,0.21821142636250518
28188,0.0921984501396465
28189,0.043261120914860396
28190,0.14151683482895008
28191,0.023150699522685017
28192,0.0639124961953274
28193,0.10472464750039905
28194,0.06591459919699964
28195,0.4362091401549582
28196,0.6129186911735729
28197,0.12883071082631978
28198,0.5807608896285906
28199,0.1924772052440047
28200,0.04092094854057932
28201,0.08622362211556933
28202,0.09684543479092758
28203,0.4731711007615231
28204,0.059191244377914065
28205,0.4801079131266712
28206,0.24965970260760992
28207,0.45371639142026915
28208,0.06473319298117054
28209,0.3536009007726732
28210,0.03913141524072745
28211,0.4531130653993739
28212,0.5297766932280231
28213,0.49510054141675025
28214,0.02581203914426877
28215,0.35755158482107957
28216,0.14132262706536808
28217,0.03175394485153213
28218,0.5441801987637819
28219,0.16738235701376575
28220,0.08842194138461867
28221,0.10910762544339546
28222,0.23478539792258823
28223,0.37519025250123833
28224,0.1433938127659727
28225,0.2735757622502028
28226,0.04597282524437987
28227,0.23084805866188238
28228,0.09940539695808893
28229,0.6293490594407603
28230,0.04050236394505864
28231,0.667576685484062
28232,0.2819501644439446
28233,0.133245095905273
28234,0.48408818016238275
28235,0.057896991589085664
28236,0.04518430894977611
28237,0.10779676197600883
28238,0.1434641652191602
28239,0.11689176656684915
28240,0.37267664410000967
28241,0.05373680565236503
28242,0.3943275859891878
28243,0.09875186088708264
28244,0.11565101228113041
28245,0.1232645403429678
28246,0.03410194114640954
28247,0.41552782070436856
28248,0.1999566338536138
28249,0.08582187949342444
28250,0.2302913256340707
28251,0.26716120953188705
28252,0.08621435494770445
28253,0.40612856542333564
28254,0.1920763251903576
28255,0.2524489123404674
28256,0.6166985836720128
28257,0.03940417231842592
28258,0.07303902938806243
28259,0.11085278285401445
28260,0.24825262427101313
28261,0.4206645096073917
28262,0.05481621783710542
28263,0.12098367743971399
28264,0.45461886982388194
28265,0.11777939607499209
28266,0.03599191603678587
28267,0.102077610791724
28268,0.07202283586523557
28269,0.15881936838967287
28270,0.24488194170313085
28271,0.4609558035810739
28272,0.0967635006755615
28273,0.17490891174282533
28274,0.5793378797747554
28275,0.16381115400393714
28276,0.2649864650708207
28277,0.03422956085525975
28278,0.42251818769905636
28279,0.5099684148560676
28280,0.029244221596899156
28281,0.03198993975990546
28282,0.04221067205493501
28283,0.1810536088827599
28284,0.5779587343051363
28285,0.33661946875217047
28286,0.07303099796453243
28287,0.07697248276674698
28288,0.18000802792983175
28289,0.02712483898203206
28290,0.06626637049483787
28291,0.5230659621735079
28292,0.08429311130177315
28293,0.06244876913807878
28294,0.5113038526319662
28295,0.11755499055018509
28296,0.33675306953096806
28297,0.04311543776135131
28298,0.1382669413178303
28299,0.11788080493337998
28300,0.06552337625464996
28301,0.1169042730720692
28302,0.07908245497985535
28303,0.8377002547922651
28304,0.09324038388305438
28305,0.16264655733816555
28306,0.05559458817003644
28307,0.29705567650178205
28308,0.43710773445263856
28309,0.02792693221298261
28310,0.27501426366780823
28311,0.14583966559994893
28312,0.07075895021977868
28313,0.08411713436509255
28314,0.08770699744903616
28315,0.7082486288401746
28316,0.05381776736391498
28317,0.06862500299903526
28318,0.03210361875641192
28319,0.09057158227115082
28320,0.5044958371198417
28321,0.15302490022551835
28322,0.28027246074154416
28323,0.18909177453585432
28324,0.07135527108964283
28325,0.09041451814822395
28326,0.23201237414866707
28327,0.6194660283195855
28328,0.3893950555176478
28329,0.1779626535337024
28330,0.15199140921965265
28331,0.038103575271375374
28332,0.03030636147475559
28333,0.20154584111989976
28334,0.08357014930165049
28335,0.036679861365876455
28336,0.18767083989991062
28337,0.0850416767577877
28338,0.06209458899475815
28339,0.7737598739597625
28340,0.20011367810168623
28341,0.4623595690635623
28342,0.1640171807238115
28343,0.4578297660527183
28344,0.11822511021899162
28345,0.14195454840894806
28346,0.1922890262512396
28347,0.15744986484853493
28348,0.0945286399454078
28349,0.03224610804627436
28350,0.7253877699072383
28351,0.09883851078072814
28352,0.1614915644197963
28353,0.37744454903835783
28354,0.03187707383178586
28355,0.23847106302735288
28356,0.10407546337868882
28357,0.044277256944577334
28358,0.4459866883862663
28359,0.1184507178464996
28360,0.41662649749405617
28361,0.15970160721527973
28362,0.18594440530881073
28363,0.5588346581289985
28364,0.668486297928996
28365,0.05582430552244541
28366,0.060537979159133025
28367,0.08034089927008901
28368,0.5824680998447079
28369,0.053263154097278234
28370,0.2239746173577279
28371,0.16628030675800246
28372,0.041432577646660466
28373,0.18822680837459949
28374,0.0643814622415432
28375,0.153726600289186
28376,0.11527355675842228
28377,0.09473931907108377
28378,0.03878336125461238
28379,0.0722749064569305
28380,0.18729644009590635
28381,0.6619461231319745
28382,0.10145067993416278
28383,0.047205477773786385
28384,0.12891841573358764
28385,0.6345289624344442
28386,0.16399668026181402
28387,0.12081890034727621
28388,0.37744316090842506
28389,0.042758539675771354
28390,0.5570042561834118
28391,0.21382475351949257
28392,0.417368079877755
28393,0.09435813869771352
28394,0.07123294062024615
28395,0.07081920329129099
28396,0.07328248368962065
28397,0.23515675539363254
28398,0.09682507620973459
28399,0.7811700106248004
28400,0.11347961596596917
28401,0.05483540064215892
28402,0.17636142610558597
28403,0.2658493174163963
28404,0.09698190887045788
28405,0.0633697210555023
28406,0.09380711923366707
28407,0.6752016034909308
28408,0.11700840801443924
28409,0.03132113676467871
28410,0.5561021815800032
28411,0.3728883878372735
28412,0.6625097240834463
28413,0.12788635791959418
28414,0.7794809885653566
28415,0.04908591921423169
28416,0.08910628943974361
28417,0.062462885767497756
28418,0.676292428444892
28419,0.6374326808220429
28420,0.5039275800576508
28421,0.07153516159860329
28422,0.12125919452990506
28423,0.06763051823226861
28424,0.3716609537459721
28425,0.04465861090302631
28426,0.11246781569898613
28427,0.30330867638591286
28428,0.08174531370835389
28429,0.1740961851983634
28430,0.5615811032206501
28431,0.7438241230155623
28432,0.04219636229306932
28433,0.297520503807926
28434,0.07349979053946248
28435,0.3235122270700936
28436,0.09205385185368715
28437,0.08094360538754251
28438,0.04854850861011521
28439,0.07736445962129924
28440,0.10393103886137249
28441,0.7255147606396585
28442,0.10134371431407313
28443,0.5624676506017716
28444,0.31567413643530395
28445,0.13028787742063616
28446,0.07722897598242973
28447,0.14511603501491435
28448,0.42355830941150313
28449,0.11725577964577302
28450,0.05817547636793811
28451,0.050557589555189957
28452,0.04876854790591912
28453,0.07470985916109854
28454,0.1420359848294191
28455,0.6982941513520807
28456,0.12324370307633824
28457,0.3422816686751471
28458,0.08665352279904208
28459,0.03754698320097724
28460,0.03405270404994286
28461,0.149788995755022
28462,0.047432729317535165
28463,0.3924665766807066
28464,0.09143254300898153
28465,0.5154160012212666
28466,0.10949599265875957
28467,0.366616631959511
28468,0.15094205632179106
28469,0.1882420771913564
28470,0.07069197276092
28471,0.09975985528619354
28472,0.10524159132252961
28473,0.04834516873265485
28474,0.1298914300169858
28475,0.4061048462109684
28476,0.0478308064047376
28477,0.04559971445540289
28478,0.2340552384755397
28479,0.35843136666221237
28480,0.08983895442848724
28481,0.07770994110001483
28482,0.486865512282483
28483,0.07965885224472373
28484,0.12060727179048189
28485,0.03725244609012328
28486,0.05961172792159137
28487,0.0331783749267215
28488,0.21248794019296735
28489,0.3476049437172375
28490,0.09295290279743028
28491,0.13207801867226934
28492,0.14804894773977467
28493,0.044725670512127814
28494,0.5012110247096251
28495,0.055418703515574104
28496,0.2505937634709791
28497,0.07471244425509173
28498,0.08639889610892716
28499,0.11030543420316898
28500,0.08724608548711697
28501,0.19679236065190273
28502,0.07683205713607463
28503,0.35392740196158223
28504,0.08639399750896681
28505,0.0342446576333472
28506,0.6425838244468216
28507,0.04201743048889538
28508,0.5789181699474109
28509,0.12411631980829284
28510,0.32421893270680885
28511,0.15397182238111454
28512,0.09403141871325003
28513,0.21935224206484946
28514,0.1088077509395671
28515,0.06970063262596575
28516,0.182678730607066
28517,0.07058445324655652
28518,0.1571602061972143
28519,0.15949971533943105
28520,0.15246681916779878
28521,0.1745016742574318
28522,0.5273713674263544
28523,0.20134930779262916
28524,0.2811622795443248
28525,0.08656533764365548
28526,0.1207826285030873
28527,0.08293674321598554
28528,0.3732772836288575
28529,0.06505258858789773
28530,0.16418993211137178
28531,0.07092937023997951
28532,0.08211151260563547
28533,0.06037513999809041
28534,0.04503643166787045
28535,0.03856980335471083
28536,0.18615072926195098
28537,0.08754761979360483
28538,0.6335038781322712
28539,0.03926978949533169
28540,0.08720190413831089
28541,0.32353248343044577
28542,0.07819969803229072
28543,0.19552819749235661
28544,0.29596714349817543
28545,0.15605885793151245
28546,0.17994164754079353
28547,0.12905990959119043
28548,0.06566493237466932
28549,0.0766266516181165
28550,0.06509348698233965
28551,0.30313305164206417
28552,0.28082842201989233
28553,0.13270031869045318
28554,0.12083779529876018
28555,0.21749329341797438
28556,0.0679190881463324
28557,0.3806726681693932
28558,0.1063786209868043
28559,0.05601300482709792
28560,0.15021752363329818
28561,0.5833137074472116
28562,0.18234918401168818
28563,0.07685612123554024
28564,0.07162041618381
28565,0.19468268091811572
28566,0.10409269907281617
28567,0.0478631118575795
28568,0.14819761129580383
28569,0.3300747433171976
28570,0.042097571837854675
28571,0.06357766438212845
28572,0.034293972036224314
28573,0.6084368769788364
28574,0.18505113183474556
28575,0.4526995302685241
28576,0.16948505423319535
28577,0.10590493123775285
28578,0.03233978585704405
28579,0.11195327266946613
28580,0.18277098469812744
28581,0.06901101421073609
28582,0.25235062002123093
28583,0.11645286333743615
28584,0.13981625231641384
28585,0.23281137282141978
28586,0.05116597583447401
28587,0.46334072447924435
28588,0.09277043026119959
28589,0.7424189399840494
28590,0.05356892919262136
28591,0.6071841671858875
28592,0.8526513945431753
28593,0.21333064094460577
28594,0.0790810857783059
28595,0.09417114814722011
28596,0.06358958592227132
28597,0.1058074093593157
28598,0.07414698384979804
28599,0.07875788322382651
28600,0.0791260301759737
28601,0.16988910311254868
28602,0.3283090892238383
28603,0.15690475320761765
28604,0.30024502758756094
28605,0.034657322196145
28606,0.08545578127614939
28607,0.059803476714584095
28608,0.08499200285326328
28609,0.43832480140828
28610,0.32364467177225964
28611,0.15802124514183077
28612,0.13647172783027026
28613,0.16279033154406922
28614,0.07564217072412525
28615,0.06791120475244426
28616,0.11224031153483302
28617,0.04428017445877801
28618,0.13157415766240227
28619,0.371874788390196
28620,0.42241340671600497
28621,0.09165389657894954
28622,0.541765101522025
28623,0.21413076280103358
28624,0.046609965380338694
28625,0.22054502085630928
28626,0.16315666974365534
28627,0.4981638850023727
28628,0.2147232718491647
28629,0.021800586694223842
28630,0.749887400657917
28631,0.21421361372997122
28632,0.08092706945535486
28633,0.3690002073622658
28634,0.44066390224402263
28635,0.3954296862555977
28636,0.09516637116043328
28637,0.5384506090643661
28638,0.15056004215844254
28639,0.11659611169286757
28640,0.09242317858534425
28641,0.09813450497454879
28642,0.18350656910118063
28643,0.06749300395682443
28644,0.19617965324101905
28645,0.07983779213798566
28646,0.2203565581041101
28647,0.04141638161052603
28648,0.11687270978368765
28649,0.4738905208009671
28650,0.2594789619044922
28651,0.6129312600493566
28652,0.06310828378444606
28653,0.10138578951325325
28654,0.14203677523957728
28655,0.28545684842868085
28656,0.5757426988992129
28657,0.077475273163999
28658,0.693431434522594
28659,0.03754343016600373
28660,0.5437068001020403
28661,0.376276323845377
28662,0.07937790129617439
28663,0.15872747511470617
28664,0.21155837618218204
28665,0.18531056487450412
28666,0.07043527044565855
28667,0.1999092730867186
28668,0.13632305242199028
28669,0.3660136640263369
28670,0.13989578212275658
28671,0.08903101791218009
28672,0.08146102678471759
28673,0.16584003512813966
28674,0.12699712008673392
28675,0.5605192091409337
28676,0.09734555384651544
28677,0.13654287120271938
28678,0.04866986002793471
28679,0.3381494573421426
28680,0.10702188550828116
28681,0.29113561540476884
28682,0.558621899997036
28683,0.11544722227467635
28684,0.04175702485675683
28685,0.044323857284627025
28686,0.20524922955487376
28687,0.04971831088303983
28688,0.2988409789749882
28689,0.45208034245461476
28690,0.09490856134038515
28691,0.37206095962008695
28692,0.1635013748167103
28693,0.0675563648744634
28694,0.18774070957413616
28695,0.16878093585089043
28696,0.08705698229696801
28697,0.13451412696365952
28698,0.7617105377581984
28699,0.06645497117899382
28700,0.17081231130974212
28701,0.18591800098934552
28702,0.08977025652287061
28703,0.1605270009749433
28704,0.22626866241815932
28705,0.1412528848162804
28706,0.17396760904400024
28707,0.06053355300864586
28708,0.16981540485575658
28709,0.04413205745254949
28710,0.7099608126417897
28711,0.491590674552384
28712,0.17463035112658348
28713,0.139045736399144
28714,0.3314598900552237
28715,0.35828216999885903
28716,0.0535873862526329
28717,0.10893426201982512
28718,0.08344758499271711
28719,0.09601866585301369
28720,0.05872768634502151
28721,0.060243424548199705
28722,0.24329399038165803
28723,0.11431945173110725
28724,0.0876783530915081
28725,0.3935492934055087
28726,0.12577373854007187
28727,0.0729575401506427
28728,0.14067738165858884
28729,0.3719280216639725
28730,0.4215669190688397
28731,0.10178726293436231
28732,0.083522535464181
28733,0.13000594377716557
28734,0.11951537917789859
28735,0.10689073142189666
28736,0.14466614336886643
28737,0.21570882592787205
28738,0.0839497355453047
28739,0.3606459183828366
28740,0.10182178324007483
28741,0.0623355299909903
28742,0.13222039787314957
28743,0.07979883749536223
28744,0.09136438309758105
28745,0.11306886940931911
28746,0.18127077538844732
28747,0.1425378594291298
28748,0.7339870891033895
28749,0.08465210240084882
28750,0.13120221718307792
28751,0.15578211326832123
28752,0.2190833435379282
28753,0.19434013211651746
28754,0.4971742230315802
28755,0.12570940370044173
28756,0.103653388233829
28757,0.10311564145320035
28758,0.04589606432234111
28759,0.09181562935918001
28760,0.051196208298644755
28761,0.1850146595518911
28762,0.20567180560707007
28763,0.17043992902604174
28764,0.37925279459611805
28765,0.15123300570118334
28766,0.15037936417203707
28767,0.07943617373890735
28768,0.044316222217283374
28769,0.20031526642771064
28770,0.179183927903789
28771,0.234852047328477
28772,0.08035243372791183
28773,0.1309923877070665
28774,0.6453845651411186
28775,0.08014084364377921
28776,0.08762839852587116
28777,0.07907657462964277
28778,0.1499551856912854
28779,0.6302998337413978
28780,0.04254395919565502
28781,0.24577110605904076
28782,0.13204623856815326
28783,0.1740955246003148
28784,0.12915952377731216
28785,0.17504896155118183
28786,0.07910770391310384
28787,0.15361627207858056
28788,0.05851542878120709
28789,0.4988947245698812
28790,0.3840465690209772
28791,0.7718768188158628
28792,0.33252870351192176
28793,0.5114654471048975
28794,0.05194464482244396
28795,0.1343134970852901
28796,0.023296933167215268
28797,0.5632224609946141
28798,0.11304916855559713
28799,0.1153082083581315
28800,0.1399927588185915
28801,0.1078724046844578
28802,0.2600628655955202
28803,0.09699749953670837
28804,0.09335007895258735
28805,0.05057433987971607
28806,0.501833856117405
28807,0.15190800768687418
28808,0.08036322163754767
28809,0.10147605185984075
28810,0.1090222249703479
28811,0.11616774318427601
28812,0.06550973455018486
28813,0.09779463349906034
28814,0.18234887197964467
28815,0.16792491258865958
28816,0.10352053274279151
28817,0.06247533240459424
28818,0.09871678932327917
28819,0.14457811083957114
28820,0.05426498351065623
28821,0.07450472342873761
28822,0.07349712210152018
28823,0.13927871993103405
28824,0.5585206321192905
28825,0.11735685584730661
28826,0.13529644677539535
28827,0.591365183120332
28828,0.1830830013186552
28829,0.10635213066652537
28830,0.10520048083681507
28831,0.06424393773310352
28832,0.0968557092821494
28833,0.10659068858348132
28834,0.4067636846715705
28835,0.2664860100413716
28836,0.08758063627806428
28837,0.664848224941995
28838,0.33895857641719745
28839,0.5784581733395561
28840,0.09222886210999968
28841,0.08739586297171802
28842,0.28010562809129536
28843,0.2746142741532125
28844,0.07591472719657345
28845,0.07150058509905474
28846,0.5237026655167598
28847,0.07869029455693873
28848,0.2042546899360986
28849,0.3573612043412726
28850,0.08561802767248934
28851,0.056782507253972936
28852,0.42116754717093785
28853,0.04110378976973407
28854,0.13645208635964423
28855,0.13929533295174962
28856,0.060616976398577334
28857,0.08333180772492216
28858,0.18578547185382366
28859,0.07210508954503858
28860,0.1521375073648675
28861,0.5352089565119746
28862,0.3009588063629045
28863,0.17060619177606087
28864,0.43157598467104585
28865,0.1344556458706074
28866,0.25016276900296
28867,0.13343030558147176
28868,0.053591816329085225
28869,0.08281261113523158
28870,0.07782012771086803
28871,0.17361446521946303
28872,0.07996008892383231
28873,0.03758273066510394
28874,0.10292246963713399
28875,0.17687333043515335
28876,0.20645157533485758
28877,0.04936861198387041
28878,0.03613042767490588
28879,0.17273181735452708
28880,0.40162161851869366
28881,0.19966689556497183
28882,0.43965105920219333
28883,0.4397996283155706
28884,0.3870992059454394
28885,0.11552980034334842
28886,0.08212299994697826
28887,0.04500851170082032
28888,0.059178015160431925
28889,0.08165495564659435
28890,0.09406533413102025
28891,0.07054191377447386
28892,0.08221904525787226
28893,0.16688566753453712
28894,0.07648252718798022
28895,0.07864887228392388
28896,0.22148845981795673
28897,0.5533771684396013
28898,0.0763101458096125
28899,0.22567345776412187
28900,0.30943834179582097
28901,0.14083258878088786
28902,0.19346126845270403
28903,0.1754733570306121
28904,0.11364314133944163
28905,0.20210750428558832
28906,0.08321033880549149
28907,0.034670007350498445
28908,0.5984726521714547
28909,0.4556220913944594
28910,0.11061938365880639
28911,0.1515502433214739
28912,0.08390538748726555
28913,0.19718360872242685
28914,0.28383970852623097
28915,0.072136565961023
28916,0.1632918096584294
28917,0.1027735856461486
28918,0.718399014427215
28919,0.19656291357817005
28920,0.42492837644780623
28921,0.2668565634608738
28922,0.18719634528928022
28923,0.4324420216588758
28924,0.09974006927963247
28925,0.316325312260573
28926,0.24546422534813034
28927,0.1093850030991918
28928,0.5001835823757665
28929,0.04375115008290655
28930,0.03489467221434109
28931,0.19709939710957125
28932,0.5030145968477219
28933,0.03468504182673556
28934,0.3865356671915712
28935,0.38595768328693103
28936,0.059055137412167676
28937,0.31001044514191456
28938,0.05147454986927667
28939,0.14156083320883867
28940,0.30800029559307973
28941,0.4190981770712184
28942,0.10561377848290934
28943,0.32661808586437047
28944,0.09715975507533321
28945,0.06772617966361565
28946,0.19127446384384725
28947,0.07053782436975786
28948,0.2480135233618202
28949,0.20027680904551617
28950,0.08225619524121594
28951,0.12691688897693504
28952,0.04737085334764075
28953,0.1335964941663063
28954,0.18640899608104358
28955,0.08540725720974254
28956,0.18965281282203533
28957,0.0702215627772208
28958,0.08555226070665188
28959,0.24850773690117559
28960,0.15255157776939537
28961,0.15704629151079977
28962,0.2213018228442477
28963,0.11134986619586008
28964,0.08896188862605418
28965,0.4540214751091428
28966,0.0600489435571013
28967,0.6226371176581599
28968,0.33151452910483975
28969,0.11900503714661623
28970,0.05976366024228769
28971,0.276989641627912
28972,0.12847493494499132
28973,0.09692977451512991
28974,0.058423822639201005
28975,0.06613133714600655
28976,0.14938801168843943
28977,0.1775649918514416
28978,0.0443507539721002
28979,0.30530442379132955
28980,0.0698444940366285
28981,0.48143465730281376
28982,0.11775845296583633
28983,0.03118555039431288
28984,0.5490113195875723
28985,0.22013491201844312
28986,0.29778418178491406
28987,0.06923194955925954
28988,0.48427146047741265
28989,0.20331414065775694
28990,0.19156681349131674
28991,0.37225627455093624
28992,0.05168097127809121
28993,0.13473472605535228
28994,0.13098867233073413
28995,0.2827240816505703
28996,0.238059898382793
28997,0.07446670629745125
28998,0.48715238895867147
28999,0.1714111765675269
29000,0.7539961282113736
29001,0.049151004507437195
29002,0.08317046645613609
29003,0.6428515580869563
29004,0.46315994518138087
29005,0.18793730325534214
29006,0.09187567865917745
29007,0.19262084469363858
29008,0.2818940596971856
29009,0.10936699351275093
29010,0.15345456692195128
29011,0.12761209555742853
29012,0.33736539372651286
29013,0.07944754177737033
29014,0.26540897193608476
29015,0.06725071691629603
29016,0.16897200424689113
29017,0.10002231799860489
29018,0.05337683093018179
29019,0.0980935314243807
29020,0.3829158223394872
29021,0.34797024929577824
29022,0.28210612723128636
29023,0.6057873959587686
29024,0.3235275217495767
29025,0.06936406504088433
29026,0.42718357324159995
29027,0.5315605204409725
29028,0.14173030072933857
29029,0.0568967825472314
29030,0.07500613828143106
29031,0.05301864634692688
29032,0.6728359271887455
29033,0.11690769595859074
29034,0.5262655857005104
29035,0.09348212936198484
29036,0.07586514379979405
29037,0.15501982003721057
29038,0.031366687437009995
29039,0.29908767906097605
29040,0.041626827925740545
29041,0.40085702363828113
29042,0.18304111344975965
29043,0.10012246070549581
29044,0.6449224109059684
29045,0.18748691806112605
29046,0.07844472172062868
29047,0.11500172507423813
29048,0.6052772833756088
29049,0.5327561147928809
29050,0.09725108685670476
29051,0.39721324947933795
29052,0.04850259459932965
29053,0.087789536320365
29054,0.04930944126115013
29055,0.1549390245424834
29056,0.10710616886856954
29057,0.2026775801192167
29058,0.05680215996512989
29059,0.07933689587839572
29060,0.19942483678850106
29061,0.09481553328952287
29062,0.15741114590828698
29063,0.6109517650223988
29064,0.8493712691977265
29065,0.21895647292927156
29066,0.16687856220490496
29067,0.749102267090286
29068,0.030334820982855563
29069,0.11091074519722992
29070,0.1224637201941699
29071,0.5377426937260662
29072,0.09550546427121187
29073,0.1503062566731368
29074,0.5706185206416438
29075,0.12927714925337447
29076,0.5769698532651839
29077,0.10752035278674962
29078,0.08791737480723441
29079,0.56565669606033
29080,0.08719186342223834
29081,0.21323970870960213
29082,0.047410175067295786
29083,0.06094963759471313
29084,0.41988437639432813
29085,0.306165359008816
29086,0.7035867597604538
29087,0.3105858201961954
29088,0.112171384141589
29089,0.021824743977511735
29090,0.10311598241720121
29091,0.364445722377068
29092,0.29516644769172484
29093,0.5388619744325128
29094,0.03817649182565388
29095,0.10594249705843915
29096,0.33129493880576455
29097,0.058116967386167
29098,0.5080307717176878
29099,0.6435828306944864
29100,0.43576691411842233
29101,0.3352098939710035
29102,0.2229543084991584
29103,0.369711412446031
29104,0.1412173242794377
29105,0.4344303727911916
29106,0.10781937077060723
29107,0.10884978421215669
29108,0.32279642105551404
29109,0.09215677001401197
29110,0.05645209717397794
29111,0.6558624210523015
29112,0.4128551556414235
29113,0.1630734656397119
29114,0.1135989539352767
29115,0.07321251276054076
29116,0.19922519061074498
29117,0.41806984234087624
29118,0.31014116221934107
29119,0.8845763840671138
29120,0.08124349117471398
29121,0.05515761868559724
29122,0.38552480821517887
29123,0.12124751747108119
29124,0.1311496616234626
29125,0.07029327890133412
29126,0.4547031148699414
29127,0.37414275258970386
29128,0.11373425222296216
29129,0.033143110074938045
29130,0.21069776395041623
29131,0.04494021841102676
29132,0.5475546017536094
29133,0.1593952399422342
29134,0.10913920287629485
29135,0.16402088087670652
29136,0.12829642465563698
29137,0.11321573201232737
29138,0.07474705214609492
29139,0.055330619381594726
29140,0.1089706847115518
29141,0.23775797696887116
29142,0.3849451971076998
29143,0.10858439354107996
29144,0.7087681636471245
29145,0.5016888365777115
29146,0.08020043152170263
29147,0.1237848512534057
29148,0.25199970832471263
29149,0.16247792140086936
29150,0.08945470611020875
29151,0.09774597180859794
29152,0.4070082703075783
29153,0.061279850428494896
29154,0.17428385719140327
29155,0.2323264389523933
29156,0.09284441711269245
29157,0.056308126474671594
29158,0.11561206151758109
29159,0.29941408579912426
29160,0.046177512933458724
29161,0.5315086017569176
29162,0.08822441839515435
29163,0.05525245097851072
29164,0.05411439458911908
29165,0.6662025941732843
29166,0.10623142514509851
29167,0.11720267268984713
29168,0.14513398341026318
29169,0.7176819322539767
29170,0.14371264571478945
29171,0.16692931516873508
29172,0.0795097582426651
29173,0.10133750061866885
29174,0.2509469992810908
29175,0.3881841663289593
29176,0.2576345213664254
29177,0.2986599767389349
29178,0.1808704377121921
29179,0.08017321270068122
29180,0.10537546277577746
29181,0.17986494489986043
29182,0.03204107348639766
29183,0.3494202009678384
29184,0.06641670297106299
29185,0.4501353945234582
29186,0.10349616250830565
29187,0.12369283526936116
29188,0.07855854436175909
29189,0.04433363849157164
29190,0.23802039656919344
29191,0.0652114387311951
29192,0.13553596851134103
29193,0.17202308906890568
29194,0.061361438062068493
29195,0.21945027424559815
29196,0.1245348386962533
29197,0.14764790158938182
29198,0.23568225339716822
29199,0.10041515633480529
29200,0.47848079659761356
29201,0.16152907364671495
29202,0.45723550122711126
29203,0.09214584799660046
29204,0.10863314554169524
29205,0.09136289147381267
29206,0.21252408590789318
29207,0.169903934049046
29208,0.17661295780813488
29209,0.07105150019182004
29210,0.06650342547014249
29211,0.3830571650319468
29212,0.04136783598216392
29213,0.041666716354996684
29214,0.2151347092204432
29215,0.17036691304630044
29216,0.590100158184634
29217,0.20813753214886876
29218,0.6619955962534364
29219,0.041794943059416806
29220,0.11741931098701587
29221,0.5598427368163341
29222,0.037250538419998695
29223,0.06808336017790209
29224,0.6269002633375547
29225,0.07383885857089459
29226,0.1970203829982291
29227,0.1977897916187155
29228,0.3866161959479078
29229,0.09771467616936735
29230,0.44151969602537844
29231,0.046931909483984284
29232,0.15000763968529804
29233,0.056536509451864975
29234,0.0212879144296418
29235,0.3183653732857723
29236,0.64937223444129
29237,0.11735402588900608
29238,0.5805734645289207
29239,0.10864880717693012
29240,0.21688346932775962
29241,0.06793192573069871
29242,0.15846061632561567
29243,0.23010305835303987
29244,0.7316945338882944
29245,0.10083853252693986
29246,0.0770159601698168
29247,0.24773414685174283
29248,0.12992805695748763
29249,0.5389244961736065
29250,0.17697795616128384
29251,0.2160545484742082
29252,0.5659122699389727
29253,0.0945106404961867
29254,0.33475723282868
29255,0.057550966629043215
29256,0.15097988755520456
29257,0.07418800612632619
29258,0.055070133720418704
29259,0.07783480673431621
29260,0.6953472058251274
29261,0.08115774681229022
29262,0.25161663377507487
29263,0.0769749316079541
29264,0.5834249799365289
29265,0.09003463131558394
29266,0.04167047040005662
29267,0.4183866161889372
29268,0.36979386163192585
29269,0.09366252639105095
29270,0.09897855784755873
29271,0.123481754711227
29272,0.17603899310621804
29273,0.09997278692818376
29274,0.08612099843962315
29275,0.09854143176667898
29276,0.09028678541834836
29277,0.31905990419368974
29278,0.03235470039385154
29279,0.09606856439355616
29280,0.26076393660031744
29281,0.07326816253524933
29282,0.19801184979779185
29283,0.20570795545080103
29284,0.07323248457400817
29285,0.12800214419696143
29286,0.13141334339560626
29287,0.0900849661929054
29288,0.23024813864309826
29289,0.5473852272470542
29290,0.05829329834871762
29291,0.0907203928266732
29292,0.5680352447237189
29293,0.05566674580373577
29294,0.16852473414380972
29295,0.538960371932635
29296,0.18823444218086094
29297,0.21811881266326386
29298,0.08826049521024741
29299,0.1882984712214532
29300,0.06910162591404138
29301,0.06109500280032906
29302,0.4300683084754588
29303,0.469312787348638
29304,0.13139110112141375
29305,0.13093363412497505
29306,0.19863241392047334
29307,0.19789695787049766
29308,0.4668758457139298
29309,0.3970468794159864
29310,0.12107199125444401
29311,0.11554732051602942
29312,0.07495385747176538
29313,0.6954851951204192
29314,0.037127333934439344
29315,0.0443189760101683
29316,0.08539768695942818
29317,0.08904637774911393
29318,0.3684570669698803
29319,0.06501670369390328
29320,0.2281122121069976
29321,0.1523662847344264
29322,0.08443973727449926
29323,0.03041044432932423
29324,0.47463782454907244
29325,0.7441141611156036
29326,0.2361723523595904
29327,0.2001178999962327
29328,0.23788400591352318
29329,0.3215562034149248
29330,0.0905907983933087
29331,0.08023860633070144
29332,0.056856156691835504
29333,0.044417404118992275
29334,0.2274075948583374
29335,0.036033221776914315
29336,0.09660014859575018
29337,0.08152106379914409
29338,0.061900561514622865
29339,0.06293484816362536
29340,0.08689882202564854
29341,0.08399581065681136
29342,0.1413469898915668
29343,0.22757745199181648
29344,0.06998700728055546
29345,0.20579169707261163
29346,0.031316132089303374
29347,0.41190274271729876
29348,0.5792752309454144
29349,0.05949132169829614
29350,0.10988287603504472
29351,0.1617847728580757
29352,0.20272778171854358
29353,0.0592371490732949
29354,0.07306997570439183
29355,0.041731033185951165
29356,0.03268453700691523
29357,0.532138435505614
29358,0.585625098921562
29359,0.05730336809617553
29360,0.047713984704888975
29361,0.07232858258016572
29362,0.12072769071261644
29363,0.11116509813023863
29364,0.3308695812587386
29365,0.3235718723277712
29366,0.05272773074236593
29367,0.058879605850234974
29368,0.11153794215300074
29369,0.08036648279122076
29370,0.2720629614451457
29371,0.48329998117427864
29372,0.2134437323049669
29373,0.3248963089869152
29374,0.22240292004007828
29375,0.5556308677991685
29376,0.10967839848223888
29377,0.12578207168222386
29378,0.28942921108063047
29379,0.3849250829323582
29380,0.0896076944649365
29381,0.4710425963737684
29382,0.4232445627848561
29383,0.6983406818322291
29384,0.5604867672191335
29385,0.5471703683436514
29386,0.09153193193175833
29387,0.13781944735826981
29388,0.07126904049271526
29389,0.02312359832993173
29390,0.08301028879201487
29391,0.22055991156952334
29392,0.5457667244539074
29393,0.8633416518542124
29394,0.06855872500205587
29395,0.10141239213163986
29396,0.10002983281043414
29397,0.2576252317375421
29398,0.0929322417643721
29399,0.05929452589674681
29400,0.05782132383171547
29401,0.41533739623015997
29402,0.2527746269920509
29403,0.21542471601036473
29404,0.1782218512380654
29405,0.06831110397115267
29406,0.07910375441884557
29407,0.5875014807699087
29408,0.05061722845258275
29409,0.7166924307978526
29410,0.06962661375282472
29411,0.7953497061998626
29412,0.2236801938581852
29413,0.04828626529681312
29414,0.121991047269372
29415,0.6285999741012661
29416,0.20307748680698517
29417,0.17057275053385926
29418,0.7794687086759262
29419,0.816974487679371
29420,0.08657306859080341
29421,0.4236593343093546
29422,0.154629260860808
29423,0.4359247974591636
29424,0.5547717099115026
29425,0.34975043824242474
29426,0.7070817110194237
29427,0.5333822690296628
29428,0.06343698375681371
29429,0.11017469745259677
29430,0.08240450937307403
29431,0.10768773798492125
29432,0.1834640357196858
29433,0.36578615130553105
29434,0.15276891773670123
29435,0.07039568467304398
29436,0.11175773413906662
29437,0.7021895515257186
29438,0.2661227423791225
29439,0.15882640649125088
29440,0.11674074068675758
29441,0.11302075179080738
29442,0.7646407689614734
29443,0.04252051906303161
29444,0.7356207963259034
29445,0.12227330888492875
29446,0.25166290220860366
29447,0.20668959708954432
29448,0.034008480360483845
29449,0.06491304196627734
29450,0.0571119801412128
29451,0.2526196887366472
29452,0.23761336079582976
29453,0.06102065344671504
29454,0.08859467791745419
29455,0.08734419660050104
29456,0.4116550265064403
29457,0.06785787725173002
29458,0.08196089770906073
29459,0.26076689944372033
29460,0.6863123726772837
29461,0.060019138391647055
29462,0.035548949358341346
29463,0.6042736042595029
29464,0.4676385917707156
29465,0.06898533240515968
29466,0.11213527638521813
29467,0.18877759333308994
29468,0.07550714767041596
29469,0.3043623709751323
29470,0.08578072229993249
29471,0.6397789211378115
29472,0.0425068141516525
29473,0.0752617009466096
29474,0.16211107639338102
29475,0.5651904953256167
29476,0.08706021983851452
29477,0.047190890124302096
29478,0.07489685730518247
29479,0.12125942191279906
29480,0.1840715671677412
29481,0.1757168817154262
29482,0.3489509453295232
29483,0.07484806037743061
29484,0.3510048656924227
29485,0.31116937459518856
29486,0.5655463631947079
29487,0.10203637395113274
29488,0.45701564811766315
29489,0.03098078423729266
29490,0.17456344978280208
29491,0.2695948720275168
29492,0.7106850740983889
29493,0.04158942047492578
29494,0.09762043715627125
29495,0.6522785560434432
29496,0.2083324543949847
29497,0.03893115263659942
29498,0.7351587968291904
29499,0.06317924810401429
29500,0.17219064245219926
29501,0.03149008573652652
29502,0.29775746545734477
29503,0.21755726222617047
29504,0.6213902469713162
29505,0.07449036162783224
29506,0.05565236679970981
29507,0.0588142057833416
29508,0.20983941286878466
29509,0.08604853205713248
29510,0.22674788085257547
29511,0.3642896815378983
29512,0.146063021807821
29513,0.1486801609059533
29514,0.16043122009163127
29515,0.09989949286520311
29516,0.21620280463989455
29517,0.15114490728703317
29518,0.07157419233181431
29519,0.11599608857400315
29520,0.0451125410832284
29521,0.10478217514133012
29522,0.08388183147064576
29523,0.11214891796277653
29524,0.08493839441132373
29525,0.07749356067256842
29526,0.07563517952108277
29527,0.1592720893469206
29528,0.431148388771596
29529,0.628562605009971
29530,0.27371794480143935
29531,0.08815543214486887
29532,0.04794421892209664
29533,0.06854961948788003
29534,0.12367395246449323
29535,0.07989230662221994
29536,0.11109251564599823
29537,0.3815471932407478
29538,0.177112674809268
29539,0.08451264381817647
29540,0.10187754205823893
29541,0.1693669471399264
29542,0.0667787886124708
29543,0.08994527052612858
29544,0.529994050946802
29545,0.23957724356437257
29546,0.4543869056355184
29547,0.151450008513235
29548,0.05622045758787838
29549,0.09273223262106076
29550,0.05340836292598517
29551,0.08910081431368118
29552,0.36338004840419513
29553,0.42384390644337294
29554,0.21522914435764923
29555,0.3453457527536831
29556,0.4696534649508917
29557,0.20070272789104185
29558,0.18362790292600792
29559,0.1631919471971468
29560,0.38637702037334337
29561,0.023594146116620075
29562,0.3886584814800763
29563,0.1523148170168967
29564,0.48195920834942807
29565,0.10084647994769978
29566,0.19043025606708455
29567,0.16943874573014087
29568,0.1522873998486868
29569,0.176644236966165
29570,0.05185224878714229
29571,0.22583676760925991
29572,0.5665643093018076
29573,0.44940114832545847
29574,0.4230247462504701
29575,0.08300751920786635
29576,0.17546977004961178
29577,0.5457071044524762
29578,0.08034799777436823
29579,0.07065866382797636
29580,0.034795160279577644
29581,0.7499777650138668
29582,0.48591425842287683
29583,0.7293217637772494
29584,0.10902848072628432
29585,0.185062197780677
29586,0.6245486523751524
29587,0.12102905537017844
29588,0.06816523866097324
29589,0.10710017197986209
29590,0.1461699997846669
29591,0.09553308008854695
29592,0.3786963506481865
29593,0.16815667530355852
29594,0.12530270745208014
29595,0.3827741657096881
29596,0.18239682709226634
29597,0.23829079379165014
29598,0.04369075811216773
29599,0.0806636534784608
29600,0.09599633062710015
29601,0.4826946366395605
29602,0.24826573843322544
29603,0.24658839566278226
29604,0.0413909597546815
29605,0.11139989761002345
29606,0.08548877010703002
29607,0.03361290433932809
29608,0.18278347253813723
29609,0.06002045756841659
29610,0.1796835923114319
29611,0.15697682668958576
29612,0.04799256255196895
29613,0.5607227990295137
29614,0.04938289716633006
29615,0.41533704082014694
29616,0.10966677988773159
29617,0.5441866992029536
29618,0.06703772291084856
29619,0.5388030990928427
29620,0.5298592248937888
29621,0.1573151730004485
29622,0.06815964049517795
29623,0.5514325201906723
29624,0.06487491860334257
29625,0.390763092637934
29626,0.04147339589046859
29627,0.05687821616895487
29628,0.19797160039642503
29629,0.13565465218411088
29630,0.05112254473862036
29631,0.12263463101184975
29632,0.3577430995858124
29633,0.09618706870634774
29634,0.7485571310924344
29635,0.039222242277901276
29636,0.06111126680715687
29637,0.3252418622980623
29638,0.19474178222908317
29639,0.33456074003519504
29640,0.05999144435971524
29641,0.2800087005944862
29642,0.38868874144124094
29643,0.16582122339226893
29644,0.3623763292268899
29645,0.4752051835768187
29646,0.31289706006141527
29647,0.7877745380312083
29648,0.3756656740826677
29649,0.1269808972109088
29650,0.25554323388858774
29651,0.08340469078345093
29652,0.056805437675146044
29653,0.10659640223343651
29654,0.05433082307169713
29655,0.10505716955714423
29656,0.0786391947711113
29657,0.18331209763314635
29658,0.07825392632276264
29659,0.04274889607712835
29660,0.05426755377536817
29661,0.06801936049776863
29662,0.5761185293721716
29663,0.32987298681290494
29664,0.0310199460705335
29665,0.14034901840888162
29666,0.051818771670375297
29667,0.10500955671374053
29668,0.25395430713921724
29669,0.03780581281492579
29670,0.14716380654608874
29671,0.06610203008927787
29672,0.042898145284487724
29673,0.21919091933869153
29674,0.3616738577692906
29675,0.3804520541501274
29676,0.09962640145439074
29677,0.4346081959061961
29678,0.09907197902706431
29679,0.034791351019978496
29680,0.4801912095055645
29681,0.06397608920159749
29682,0.18501097248677525
29683,0.09367114576424194
29684,0.19654894191258748
29685,0.5388495401712907
29686,0.10442109671712102
29687,0.3819759890234507
29688,0.42717329474058935
29689,0.06938283266562988
29690,0.355241858706359
29691,0.7107520635598731
29692,0.13009711686032363
29693,0.09052242220299803
29694,0.04161237388353619
29695,0.338306404908682
29696,0.09815932669846664
29697,0.0460441372873874
29698,0.14360576261318878
29699,0.10861021970206593
29700,0.16198680481286276
29701,0.18673845428119462
29702,0.08215470265624986
29703,0.20418927587233604
29704,0.0637809257845818
29705,0.13822810194399018
29706,0.04936123720227075
29707,0.16762495769074331
29708,0.31749734454466655
29709,0.17199492470780578
29710,0.09485553263214531
29711,0.05422705553383108
29712,0.06777264868111113
29713,0.3892759962502861
29714,0.2363539657435988
29715,0.09673335698592038
29716,0.31579503802063486
29717,0.06377350788165201
29718,0.0708650044265789
29719,0.5314169685763201
29720,0.7424180861133969
29721,0.09239123265437271
29722,0.2053416082612471
29723,0.0475113258952713
29724,0.27378938114121537
29725,0.1680552495495749
29726,0.07600143515485365
29727,0.4272276317745416
29728,0.05272547850135374
29729,0.049866926203319936
29730,0.09161745938177213
29731,0.06141621888089812
29732,0.05185082074721509
29733,0.17917494125929698
29734,0.12710706101961844
29735,0.21301924352774917
29736,0.1629477728511117
29737,0.0805802438336276
29738,0.0680549525056804
29739,0.04167428851805361
29740,0.11100637697544215
29741,0.48029557976294285
29742,0.041304186073725026
29743,0.08390507078994294
29744,0.052301295983101306
29745,0.0611447227652245
29746,0.056208724176610186
29747,0.07672626384535361
29748,0.027738067630464543
29749,0.08514376072533843
29750,0.07829942661477696
29751,0.12991624365050733
29752,0.40501868200268143
29753,0.21975900938898046
29754,0.06549856881125399
29755,0.07149080568080275
29756,0.6281288215304125
29757,0.3700046540737413
29758,0.08085907629425312
29759,0.07682071253728752
29760,0.07034281344679605
29761,0.33429706756633587
29762,0.1450116542044729
29763,0.19296404699679046
29764,0.5379931556745338
29765,0.07878675349417863
29766,0.07689437469543124
29767,0.11258656429808783
29768,0.1680278270190056
29769,0.36651808100821015
29770,0.15822065796494442
29771,0.6088480626866953
29772,0.12528517697157712
29773,0.17652712237124568
29774,0.21550890743116075
29775,0.27293852442887373
29776,0.15951962492591584
29777,0.13927258315666347
29778,0.5034913657519308
29779,0.08240794003703651
29780,0.18678375486700824
29781,0.24429249020099575
29782,0.1442823513104484
29783,0.3558805720443381
29784,0.03744037104323315
29785,0.42932039222043916
29786,0.11892587380873687
29787,0.17155174613054874
29788,0.8576438343695695
29789,0.5239418387765009
29790,0.054844064056640524
29791,0.1336840687185218
29792,0.7015455662122502
29793,0.08930227906839922
29794,0.0604212924061903
29795,0.05949666962236216
29796,0.03125468930105479
29797,0.4622189575767
29798,0.19347523378231188
29799,0.1086258242208338
29800,0.0920312135576483
29801,0.6373477196942715
29802,0.11589172631139742
29803,0.19870754749195832
29804,0.3834401631866416
29805,0.1771899174689922
29806,0.10557513928571749
29807,0.7196891048705882
29808,0.05452605759352058
29809,0.03413700621288251
29810,0.17338386726481797
29811,0.06568494357260367
29812,0.25678492861552876
29813,0.17064199357819984
29814,0.3982217200949836
29815,0.20657921201831564
29816,0.11010823853816631
29817,0.12908555402291755
29818,0.2319194528857985
29819,0.22272227056818308
29820,0.1042635900984322
29821,0.15108411148847162
29822,0.2332823544544225
29823,0.23050811796528586
29824,0.13137292467254397
29825,0.1562187292913686
29826,0.2150468438873446
29827,0.11092876397875163
29828,0.5509333808873869
29829,0.07564524267108716
29830,0.11734690754336073
29831,0.0956630648294452
29832,0.4095166479075596
29833,0.4691826118442312
29834,0.05031773012861191
29835,0.5320903132684204
29836,0.16436206064043551
29837,0.11169378935793385
29838,0.13894593760800084
29839,0.20032235586332564
29840,0.24121144139329231
29841,0.37633976895293936
29842,0.10772410724559706
29843,0.459044252777998
29844,0.10683363339296705
29845,0.2902668789226563
29846,0.02367817198201934
29847,0.11990877795274625
29848,0.06835051760916058
29849,0.12127705646897695
29850,0.5076978879595307
29851,0.0911661487680692
29852,0.20630861097037698
29853,0.09879365048634338
29854,0.19405512018670187
29855,0.3561642603701069
29856,0.3468438875716705
29857,0.14734365252234538
29858,0.24332201985162044
29859,0.5053719404124326
29860,0.09186307306470975
29861,0.19785681349993223
29862,0.09300567652815152
29863,0.15402871340421093
29864,0.73683866403432
29865,0.05860083283756903
29866,0.07561916082316174
29867,0.09965581337761246
29868,0.11527144173292733
29869,0.7155789665997657
29870,0.0419961234513264
29871,0.1039382671077162
29872,0.0735252913263391
29873,0.07648158152488808
29874,0.08974421266797179
29875,0.4363155209580597
29876,0.050974320856141946
29877,0.1561616459010575
29878,0.45800602720321726
29879,0.36189301482532477
29880,0.08655638332739905
29881,0.357211703692557
29882,0.16961897133044174
29883,0.29631023733361206
29884,0.13949138398650363
29885,0.11084678847506728
29886,0.1816156095099756
29887,0.5909773065156212
29888,0.109090038848306
29889,0.07720508828856296
29890,0.158545338179463
29891,0.06528154543994706
29892,0.44178519011634365
29893,0.1278639077917562
29894,0.08700743096224955
29895,0.15445560005003836
29896,0.10175221860312376
29897,0.07283888310465209
29898,0.09743126841529007
29899,0.0838562340375137
29900,0.55550072344506
29901,0.281540299522393
29902,0.172083081378754
29903,0.07592820226863103
29904,0.12173439798478368
29905,0.1278401556481773
29906,0.43726575197665746
29907,0.06280917629739893
29908,0.22799373683053029
29909,0.10038384950987386
29910,0.5228581695671233
29911,0.07138204651045281
29912,0.2054466731418643
29913,0.47168458315572026
29914,0.504219528980235
29915,0.07399328329240595
29916,0.10078370424402758
29917,0.06687110957093996
29918,0.42434786029226124
29919,0.05632170321503338
29920,0.294071234721921
29921,0.30308677772116804
29922,0.6888298030839529
29923,0.1532003256441402
29924,0.3986754527305912
29925,0.09012777564744542
29926,0.2526734881745077
29927,0.4316355707366127
29928,0.21299391686680258
29929,0.0891423568027103
29930,0.2569468457774241
29931,0.5053113254267754
29932,0.15718409244968104
29933,0.1750193532478848
29934,0.11859799539114105
29935,0.7820625812006828
29936,0.15513792433339307
29937,0.3814253164634666
29938,0.2759117076084101
29939,0.3926403181849533
29940,0.15667630503292393
29941,0.2839620445901863
29942,0.5332099528440586
29943,0.150550241306742
29944,0.14570954515955967
29945,0.21178855200164723
29946,0.11912876755721909
29947,0.13469798602452102
29948,0.03181989592816257
29949,0.28510197935351034
29950,0.5622406792264403
29951,0.19369740876125038
29952,0.48649570798873004
29953,0.07301852326320665
29954,0.07092364702810221
29955,0.13933940354053126
29956,0.42864184736191474
29957,0.0694364591214492
29958,0.34366547866592356
29959,0.05915787597549972
29960,0.11952443687348734
29961,0.09579514568444615
29962,0.3388964574275752
29963,0.42740081241049066
29964,0.1198241459480184
29965,0.05513804040450341
29966,0.10340408564326742
29967,0.15801201958334354
29968,0.12552492702309556
29969,0.506878443415848
29970,0.25650732828386275
29971,0.056976202706433554
29972,0.06247331591184518
29973,0.04708490853835334
29974,0.3812495566761525
29975,0.19506353281572447
29976,0.21183802601412327
29977,0.12917650698190222
29978,0.25689416412300603
29979,0.0780681027010006
29980,0.3922188120893823
29981,0.16250827269066437
29982,0.10428656042368996
29983,0.1125558260504052
29984,0.04678181617739057
29985,0.171756180340558
29986,0.7810168614921605
29987,0.04845188572523635
29988,0.33898881716184864
29989,0.07418103389042834
29990,0.05072498447510596
29991,0.03651892763650345
29992,0.04282375307366378
29993,0.06542962701994529
29994,0.10918081336148944
29995,0.22987446709313383
29996,0.09750289545156944
29997,0.3573893383744099
29998,0.13322134487190007
29999,0.4118071959054526
30000,0.23402967026580035
30001,0.1558079553092815
30002,0.46099587877790354
30003,0.5540388591527772
30004,0.32051663445793765
30005,0.38548424338289355
30006,0.11836575651143448
30007,0.08268883601444432
30008,0.08212692836860748
30009,0.340250883014747
30010,0.12125509745924855
30011,0.08573241753474797
30012,0.26224535839405233
30013,0.038073017611352115
30014,0.11000552953012781
30015,0.1089298776018417
30016,0.13280656106624533
30017,0.3319519965908231
30018,0.08084036075525305
30019,0.2713752876931415
30020,0.07353714209038512
30021,0.20255381552982288
30022,0.06588546177587118
30023,0.21083153490557976
30024,0.2655976437800232
30025,0.052485068303365
30026,0.3133135915791351
30027,0.06826652821020072
30028,0.3127120075041725
30029,0.07443423930725594
30030,0.028684131407310604
30031,0.06184375291851801
30032,0.06734215986915386
30033,0.06377312097548606
30034,0.3210704973073838
30035,0.06899600448838926
30036,0.043243430442272905
30037,0.20495485788827097
30038,0.19439446353742268
30039,0.10194465175363349
30040,0.051099258559462846
30041,0.04985426369196422
30042,0.16414676555100607
30043,0.30553268901272707
30044,0.05447224571943258
30045,0.1042540391573239
30046,0.1722912811434221
30047,0.35013755720966566
30048,0.20185522228864894
30049,0.07680648351253971
30050,0.40288237457789833
30051,0.030482554982515668
30052,0.22768499105938758
30053,0.1696038565395652
30054,0.23928919133769008
30055,0.34609243676616513
30056,0.07547752117594714
30057,0.05694922865626956
30058,0.5789864661536387
30059,0.0812801573482637
30060,0.30139770314065006
30061,0.0876876689459009
30062,0.12461870767333812
30063,0.13164302334460115
30064,0.07461589922002786
30065,0.09282756966661872
30066,0.04787047957222023
30067,0.2507217621362058
30068,0.30537587141746037
30069,0.07146708211749835
30070,0.07969386347625972
30071,0.7445150554288982
30072,0.17723874290248956
30073,0.09479290585124348
30074,0.4716212299578809
30075,0.2056023471314092
30076,0.06640453532374249
30077,0.14037436599770284
30078,0.13275863712128108
30079,0.20323620163285994
30080,0.5046727161523898
30081,0.6101324575262019
30082,0.09714433143985529
30083,0.12188957643527949
30084,0.2959322963027681
30085,0.08565275891305668
30086,0.08276300698133432
30087,0.2022001875575033
30088,0.08879653069989953
30089,0.06996187099637087
30090,0.082187903695023
30091,0.7582628987789741
30092,0.040244989132054126
30093,0.4139211850210037
30094,0.09017854535847504
30095,0.11427184797523855
30096,0.28989115788601094
30097,0.3849652464527772
30098,0.20787871914561418
30099,0.06860727739317427
30100,0.07212472080285942
30101,0.044125386507498504
30102,0.20706283158504052
30103,0.2967372421594639
30104,0.7299537737160864
30105,0.07706718576064125
30106,0.4030365266930504
30107,0.5062295277789074
30108,0.23775709267374906
30109,0.0727343275577998
30110,0.23531598662247855
30111,0.1101246436457797
30112,0.15479112454944757
30113,0.07316214647776728
30114,0.14978756768741625
30115,0.6421855493045917
30116,0.09294284878858122
30117,0.1522675063044554
30118,0.31969604457319806
30119,0.11476791592493588
30120,0.3395297162863418
30121,0.09794549792124972
30122,0.024688801564968936
30123,0.2650351025323817
30124,0.45341562556901427
30125,0.14639037809173294
30126,0.05496757891679165
30127,0.2163120236175453
30128,0.4187166824920425
30129,0.33523805772883936
30130,0.28530198457837913
30131,0.09247160285557202
30132,0.07900490558381457
30133,0.022676864277209777
30134,0.08999380196470284
30135,0.2761067675872694
30136,0.067562154453154
30137,0.06009259861142674
30138,0.10458184097808745
30139,0.37735691448805847
30140,0.0702877765130732
30141,0.10592721473527475
30142,0.5918897298829681
30143,0.09371178214653844
30144,0.6119449537250267
30145,0.13885537606138768
30146,0.05915746477856956
30147,0.2907590869897535
30148,0.08977261038659876
30149,0.13039597439672648
30150,0.725182538221029
30151,0.8256514480880605
30152,0.1790473367313225
30153,0.09198460987345655
30154,0.20793240903585353
30155,0.5379860283414355
30156,0.33143327888751684
30157,0.3421495632328604
30158,0.6597282499318318
30159,0.17303913642692229
30160,0.1280853898101394
30161,0.053433244102978394
30162,0.13508343801133227
30163,0.03867499233195681
30164,0.8372263337937265
30165,0.15532369144613098
30166,0.1259826261649892
30167,0.10007693442435306
30168,0.18469992613790517
30169,0.03805541822573584
30170,0.27787031978826077
30171,0.07018745570098558
30172,0.6263532076915507
30173,0.20400627413754913
30174,0.39137516005650913
30175,0.3517642565715102
30176,0.12583239043934927
30177,0.2369922923607389
30178,0.14993526155701112
30179,0.09167635190324025
30180,0.15091367442297945
30181,0.1873277681845376
30182,0.5976003751470126
30183,0.6634597307391555
30184,0.17142435452885008
30185,0.11081561498655967
30186,0.10990158889978786
30187,0.25566841820311703
30188,0.5369765392312308
30189,0.03666512377807376
30190,0.0864280034246656
30191,0.1943280425773499
30192,0.06896956340427644
30193,0.21418557347381806
30194,0.07464140956051085
30195,0.09364928700534429
30196,0.782279091909273
30197,0.22742930261070085
30198,0.10650825139684364
30199,0.09527669968402644
30200,0.508599940489317
30201,0.05129520269061364
30202,0.11869533760015022
30203,0.7715425630772517
30204,0.15122745661338788
30205,0.07523319819037486
30206,0.18743968817349982
30207,0.42950381713538244
30208,0.09241923538525468
30209,0.03957756035948765
30210,0.09002732897401314
30211,0.07565024502249197
30212,0.22921332090947885
30213,0.1961928814249862
30214,0.07770969461739458
30215,0.11778019105449712
30216,0.3526174189753615
30217,0.7737698888467519
30218,0.08377525152397179
30219,0.086980018373155
30220,0.09929941883640314
30221,0.08428846936179585
30222,0.04786683251386918
30223,0.5405319998777973
30224,0.09338541005219474
30225,0.05219565093430484
30226,0.3204367188662556
30227,0.10908337739303108
30228,0.21160225908787159
30229,0.11251213430361663
30230,0.151708891593479
30231,0.06904307542552625
30232,0.10844155996022266
30233,0.15626692727496802
30234,0.3450447907459604
30235,0.10480500343120479
30236,0.24973856444534784
30237,0.11343381639519141
30238,0.12187259437400892
30239,0.3790955430304589
30240,0.09096559142468347
30241,0.38076694204969963
30242,0.15065011059761874
30243,0.33489983490919606
30244,0.05037416736986256
30245,0.08289330167629055
30246,0.10413751781254015
30247,0.06352489714287798
30248,0.4237930980106691
30249,0.5918762061713562
30250,0.11827607092543692
30251,0.15007693778894438
30252,0.22998329849609234
30253,0.22754742901092123
30254,0.23176367016760197
30255,0.25006635066271304
30256,0.5381039971481042
30257,0.08163970045105609
30258,0.32186920636196525
30259,0.06634554844119712
30260,0.22644030849112706
30261,0.11911674889624974
30262,0.18485316980739713
30263,0.04488003615273523
30264,0.20627447304257118
30265,0.08795006050277442
30266,0.027089316716728356
30267,0.03391892739110109
30268,0.051312831438027284
30269,0.08528769650437433
30270,0.09468738334941364
30271,0.0898038823952611
30272,0.14813225454434478
30273,0.5001353230309528
30274,0.4762998587047322
30275,0.1333072012901206
30276,0.10106238789654742
30277,0.07138667942520138
30278,0.05629375891989248
30279,0.236719219242943
30280,0.6050941528435323
30281,0.035823611223819725
30282,0.0563387876007857
30283,0.10664380295705092
30284,0.07387485748244685
30285,0.11581777008450511
30286,0.07847149990224021
30287,0.14305857059915322
30288,0.1353938398691305
30289,0.289870343087981
30290,0.03775078311522048
30291,0.04678494480305001
30292,0.38050178783903454
30293,0.09992513967379857
30294,0.5932191857028168
30295,0.07367943776357612
30296,0.37820810609737104
30297,0.06698190202740181
30298,0.10583708977189164
30299,0.09399462144721449
30300,0.3582978551978434
30301,0.3017324966049091
30302,0.07383198808987569
30303,0.6874391132783544
30304,0.1270737952884791
30305,0.08660908757640513
30306,0.1847834343002423
30307,0.7592242808139406
30308,0.1688959481699368
30309,0.10860298318853237
30310,0.5704699297191521
30311,0.026981382551358096
30312,0.24586091749327987
30313,0.09077951175681377
30314,0.06291271301115775
30315,0.07229089380478819
30316,0.30155074790416203
30317,0.14162235476196364
30318,0.10300658144484039
30319,0.10940326705593359
30320,0.4514349316387492
30321,0.04986842726677943
30322,0.04660680884398076
30323,0.3270027316040212
30324,0.08502875345424285
30325,0.04561455248223159
30326,0.06815294079007433
30327,0.21258396188854264
30328,0.21795969756877615
30329,0.03215812019556628
30330,0.0660700795562852
30331,0.18877027563686413
30332,0.06290925630557705
30333,0.06735160692423622
30334,0.1054794829708165
30335,0.3742661821803783
30336,0.06597948307764055
30337,0.6802684112099109
30338,0.24809590340770613
30339,0.6093765610887725
30340,0.14149403975554825
30341,0.3281959592028252
30342,0.4176023131030037
30343,0.0823130768193548
30344,0.6646224659180963
30345,0.25102291047043773
30346,0.21992122362371802
30347,0.17557771852720758
30348,0.10174635559969446
30349,0.2404392514080396
30350,0.46559598934286756
30351,0.03844814315763793
30352,0.3010601133432621
30353,0.36111057716888967
30354,0.07210824482803097
30355,0.062448731760892794
30356,0.12771225906128644
30357,0.046961126819653636
30358,0.5500730653400426
30359,0.09776963069264151
30360,0.39279572777974764
30361,0.08291899683230965
30362,0.21489804492415876
30363,0.19302339002898514
30364,0.3774020331472365
30365,0.1727232198388848
30366,0.1072005820067528
30367,0.7509826294260081
30368,0.06093815468076374
30369,0.07805109707474785
30370,0.6302061471152905
30371,0.08074244372144018
30372,0.0806546625897245
30373,0.1298172324600241
30374,0.26017853547286174
30375,0.10850005444274985
30376,0.3057151663506886
30377,0.0754043941794318
30378,0.5967306564004706
30379,0.45248729175826036
30380,0.07797239410407553
30381,0.1750433754167321
30382,0.3201424576788228
30383,0.23916683208832792
30384,0.15916994571241017
30385,0.36798107323130447
30386,0.6101568203475826
30387,0.4684150825084593
30388,0.059669207185046036
30389,0.2671047309693553
30390,0.08354653532886523
30391,0.6987471196283994
30392,0.46403310151253596
30393,0.10345721083713079
30394,0.09022502748975554
30395,0.08694378395902004
30396,0.2289412254925558
30397,0.2897884893939901
30398,0.6713652248571703
30399,0.2609678118299584
30400,0.0887508479187134
30401,0.07996638637365512
30402,0.17808256921626414
30403,0.17896185695955363
30404,0.26737178875169126
30405,0.056294858361565794
30406,0.08452957961265198
30407,0.051553950825136405
30408,0.07685668013152547
30409,0.3043724040228996
30410,0.2009875872649191
30411,0.2541758799670561
30412,0.42181773448520965
30413,0.12475179243388076
30414,0.029263769935945958
30415,0.22473850021530883
30416,0.0941457521164067
30417,0.07050641710300956
30418,0.042763741179155115
30419,0.05073605607356936
30420,0.08919092382122445
30421,0.35830105356693964
30422,0.0570391371424558
30423,0.09366946396155508
30424,0.03506650073486696
30425,0.7584997194499666
30426,0.7633716433635035
30427,0.5445778895829346
30428,0.2520681514218998
30429,0.18223561186930526
30430,0.33344602126398865
30431,0.06080238998473695
30432,0.42925382016206715
30433,0.29451870992915186
30434,0.06331613035507291
30435,0.07855124701073583
30436,0.16549501455363283
30437,0.6053764300497194
30438,0.1703953213172558
30439,0.09070844087140882
30440,0.5026121353399045
30441,0.4984986912545694
30442,0.5452366559627777
30443,0.08516090393891611
30444,0.06991647698869251
30445,0.10063090907102135
30446,0.05076072425894139
30447,0.10235081623110695
30448,0.08281625676653577
30449,0.11843735668827783
30450,0.2731311291605291
30451,0.3437884611380313
30452,0.079232955126721
30453,0.11641839299126157
30454,0.14274253068428802
30455,0.341591250662038
30456,0.3603783588521684
30457,0.04106640711267762
30458,0.0990273515696567
30459,0.20135649835110364
30460,0.2627762979130758
30461,0.18100026183458542
30462,0.04663595781790808
30463,0.042286103118732224
30464,0.4609921309820652
30465,0.17726236746249854
30466,0.15777702854159717
30467,0.15568534142867066
30468,0.06401966144950602
30469,0.17030128944987538
30470,0.052611282943511486
30471,0.4423123265995598
30472,0.08738836342855409
30473,0.08455025168673634
30474,0.3557323703775225
30475,0.05476768096464131
30476,0.1138850435730505
30477,0.06624192271534819
30478,0.19443357918143656
30479,0.7818241688304439
30480,0.08745386328486948
30481,0.11938060345954826
30482,0.1008324281341484
30483,0.08852552976056953
30484,0.09788958518668658
30485,0.12032027453712885
30486,0.08133199964837862
30487,0.365619261396532
30488,0.2521086467859156
30489,0.3175523915015699
30490,0.39398513822574033
30491,0.1861115660211691
30492,0.09150071917135302
30493,0.1955481524314901
30494,0.09340633020135151
30495,0.23387869048512963
30496,0.07547658786269074
30497,0.15727904700086004
30498,0.1788411950743859
30499,0.4673042649949424
30500,0.05131261185447325
30501,0.34727131168795977
30502,0.2028682273050955
30503,0.334759461072705
30504,0.32393069845956984
30505,0.33521021576480464
30506,0.1930391718433971
30507,0.4365997427873372
30508,0.5538520024447764
30509,0.2760200043586722
30510,0.052436382417789036
30511,0.3763390089968425
30512,0.04049277650129433
30513,0.07559917329917347
30514,0.4512157791379021
30515,0.35604221778669787
30516,0.05141434260984462
30517,0.07547921060704108
30518,0.058079186173588454
30519,0.2359172106691579
30520,0.1357456831492174
30521,0.034875306550241805
30522,0.6570966371302724
30523,0.5657432112703139
30524,0.060356848001595034
30525,0.7132477122321335
30526,0.23720965853099207
30527,0.3282018643796378
30528,0.22605906024557892
30529,0.45846665330158215
30530,0.11999560662681377
30531,0.22492223891387586
30532,0.06682400356023477
30533,0.05883840285352604
30534,0.48901073330188477
30535,0.07065599051148039
30536,0.6999097424800146
30537,0.06378267013986023
30538,0.06707366003706448
30539,0.13874524641627037
30540,0.10938068682679211
30541,0.6910428209023388
30542,0.45110087322054376
30543,0.7157212655509926
30544,0.05631482605506244
30545,0.16782861693085674
30546,0.23079491001454566
30547,0.10987922649223172
30548,0.09147984148166381
30549,0.26394859475365445
30550,0.06103161120715639
30551,0.10764526743550822
30552,0.19888589908896434
30553,0.1113149506021712
30554,0.13278572027772753
30555,0.031191678965751687
30556,0.11248008664638612
30557,0.18218690385299713
30558,0.11333795628759044
30559,0.3642946352988521
30560,0.056912337705598566
30561,0.21147080685185485
30562,0.1426395903598079
30563,0.40190305864223336
30564,0.11874161478178522
30565,0.051683143018483174
30566,0.30224354296259487
30567,0.3817343945568224
30568,0.45420879836596145
30569,0.11888030008948888
30570,0.07668415875463244
30571,0.1298920761003601
30572,0.19126250023438415
30573,0.09830186691112365
30574,0.03677089110008797
30575,0.08497344989430733
30576,0.15561344544517658
30577,0.1556564575616677
30578,0.17099402846521033
30579,0.36806734230606075
30580,0.06400423341977532
30581,0.16627951781513037
30582,0.10717242225476549
30583,0.11302891563831147
30584,0.0566544512474549
30585,0.15684546642029226
30586,0.4055444225050857
30587,0.40131982294604723
30588,0.09160699962951807
30589,0.21228114693773364
30590,0.15100549974443148
30591,0.0870837578155104
30592,0.4568638438249489
30593,0.0507460097776773
30594,0.12646869777188943
30595,0.17986921435637576
30596,0.10141059691440465
30597,0.07325686653570247
30598,0.11388021101092297
30599,0.11216322249833442
30600,0.28312657285139564
30601,0.16144327691265892
30602,0.08788582404218168
30603,0.12743601682839356
30604,0.15608739184187992
30605,0.09941749255191748
30606,0.06265263156765075
30607,0.07850048305399375
30608,0.08003070674172581
30609,0.47849956528887616
30610,0.1649875582513614
30611,0.056860356813429505
30612,0.039115965853090025
30613,0.511497807129834
30614,0.3944361605219465
30615,0.0722345260819602
30616,0.08263663879965814
30617,0.21729370765644168
30618,0.2606497944421995
30619,0.045489736243528804
30620,0.12690836364000313
30621,0.122656400662895
30622,0.03983269572623686
30623,0.0961587663831635
30624,0.09839397567855125
30625,0.28084343363553416
30626,0.09256043648561443
30627,0.3596415421337045
30628,0.16194702603348646
30629,0.05265608690361792
30630,0.05940493307095346
30631,0.07411508047476309
30632,0.09071949683897558
30633,0.4254597354108756
30634,0.04981919444319429
30635,0.047793370579675386
30636,0.4455531331628244
30637,0.1010882958344496
30638,0.17941947623759438
30639,0.35588137456354335
30640,0.1529402582506263
30641,0.12808942350248026
30642,0.07201656951312041
30643,0.6474235006600146
30644,0.040505368205182336
30645,0.1426606898393403
30646,0.12232306242617744
30647,0.5909931852383545
30648,0.10264846062902867
30649,0.2750395536274596
30650,0.0402582439848396
30651,0.0964576062531796
30652,0.10310994891605073
30653,0.45960269575149976
30654,0.09030623432882669
30655,0.05937714946641293
30656,0.05558955062961046
30657,0.06415126916458819
30658,0.05067713545708785
30659,0.23814997142002686
30660,0.10133856371500534
30661,0.20538355951913184
30662,0.07946977803264084
30663,0.09983675367434064
30664,0.25480292619743866
30665,0.08081828257923014
30666,0.06347780630490187
30667,0.09584817300940611
30668,0.05843755392363779
30669,0.16172708908187924
30670,0.1232399896592343
30671,0.05335946134951774
30672,0.2452412690615669
30673,0.19046673980330364
30674,0.05485382808538084
30675,0.11456630815604027
30676,0.06790431063623953
30677,0.30482522115336635
30678,0.5886727829808616
30679,0.0989435828901805
30680,0.662474844628803
30681,0.383077383017307
30682,0.17641256543734843
30683,0.3402615906950283
30684,0.07125787021116867
30685,0.097038846948151
30686,0.5290624062213037
30687,0.20791939890201888
30688,0.1327975573142739
30689,0.15864775026776087
30690,0.09648648544847455
30691,0.10908026255878626
30692,0.43625527296044403
30693,0.037688571560186596
30694,0.10269159506648412
30695,0.6045007767843404
30696,0.3029880649271121
30697,0.06789550664660862
30698,0.03712896065966867
30699,0.10570836900482075
30700,0.36244988001036527
30701,0.43956768408273156
30702,0.1601894199761899
30703,0.11158605912496142
30704,0.12635922063589533
30705,0.11096472729605153
30706,0.07910381981792057
30707,0.19588284955823254
30708,0.11369897693682506
30709,0.3712541735351824
30710,0.7301659880204847
30711,0.08791824184648007
30712,0.051509534853274655
30713,0.6993644687700423
30714,0.6377929977906472
30715,0.06891767520543401
30716,0.13153820244152584
30717,0.08127885809025773
30718,0.08938455276080959
30719,0.07982164570440153
30720,0.16485588379972882
30721,0.11083317765164376
30722,0.0415832092708328
30723,0.31454007433073067
30724,0.09701730326875284
30725,0.11755660245611807
30726,0.13152797932307836
30727,0.6320406401023817
30728,0.6891405857102074
30729,0.04724037222414955
30730,0.1292218306559331
30731,0.8443627566685831
30732,0.396086387210119
30733,0.48725317640528476
30734,0.11877592043625047
30735,0.21333670196427387
30736,0.6523488537958739
30737,0.07620951693954162
30738,0.3386489537227539
30739,0.0808256117354138
30740,0.08335719984722727
30741,0.12052509076856355
30742,0.06396900793648723
30743,0.10763294534967403
30744,0.11607092359704511
30745,0.13667755623496597
30746,0.3229678646349143
30747,0.17511683798159947
30748,0.16031015466637755
30749,0.0411304180357501
30750,0.04072890936108972
30751,0.04864042077504
30752,0.42926766729155663
30753,0.12898388161552177
30754,0.3594605638903925
30755,0.2445694654717197
30756,0.09213169596483324
30757,0.11900828934699934
30758,0.04516248307914713
30759,0.06475989957350126
30760,0.0982272865062955
30761,0.7552365049174021
30762,0.3204404684913134
30763,0.25332991845505365
30764,0.07039908335310342
30765,0.68652840689746
30766,0.17244935778830653
30767,0.21823929761452063
30768,0.07627028198661041
30769,0.31420014565786164
30770,0.15103982655690318
30771,0.12805690392339986
30772,0.21316833633947735
30773,0.10492469630922735
30774,0.17217523586577654
30775,0.07006072215653891
30776,0.06465168556754289
30777,0.17179392122938184
30778,0.45114707734082526
30779,0.2556998972138275
30780,0.07320726537725991
30781,0.02652405726730476
30782,0.13233194129152984
30783,0.05536806577618548
30784,0.254473911700161
30785,0.5014819809043487
30786,0.07917491576604781
30787,0.45140336472783543
30788,0.2880498168316616
30789,0.3213768120354354
30790,0.1602128494201412
30791,0.17680619857620886
30792,0.40988814131556695
30793,0.14710530551504697
30794,0.03653297213093915
30795,0.21797328689064632
30796,0.5178681476351905
30797,0.028150677979575794
30798,0.0691006563938391
30799,0.06582918886786776
30800,0.538711890266601
30801,0.04582260202484071
30802,0.08144097852722736
30803,0.1420589187066907
30804,0.3316187339738766
30805,0.1295796542411718
30806,0.09375828445314618
30807,0.13928194467164082
30808,0.058291012558177376
30809,0.1822681766765289
30810,0.5607171522103157
30811,0.5107696943415059
30812,0.0450823437511219
30813,0.10603714798980374
30814,0.637504652218514
30815,0.1428164118658178
30816,0.15237611445215704
30817,0.11023360761559976
30818,0.10377561737846569
30819,0.10149411997929673
30820,0.12812527529979734
30821,0.12223302279034494
30822,0.08820884362294948
30823,0.09551373387457308
30824,0.5860782857283235
30825,0.14741400865819984
30826,0.19675334790752713
30827,0.474001171838684
30828,0.05076642854007162
30829,0.19184125993703074
30830,0.3137732443325868
30831,0.21796063294050663
30832,0.06821677494747652
30833,0.07637947284002258
30834,0.36646016570200807
30835,0.43646842090038074
30836,0.047278087703043585
30837,0.16276658080007925
30838,0.08808722881537552
30839,0.17309731790755792
30840,0.07908723881091156
30841,0.05263103756626722
30842,0.0754306745651393
30843,0.05012169086021476
30844,0.20877763193881277
30845,0.12921371397385095
30846,0.04510048062036233
30847,0.07684171859986573
30848,0.05368035345019617
30849,0.053194180108571604
30850,0.10549976983140293
30851,0.13973228485679276
30852,0.0679804166909136
30853,0.034677488528230105
30854,0.20346071644820604
30855,0.13280255870141236
30856,0.06225757323474774
30857,0.06701586895034119
30858,0.34127504560042554
30859,0.055184826795183856
30860,0.16664815872772457
30861,0.38045776975040035
30862,0.5362100149910358
30863,0.0753420643028208
30864,0.08801125658378724
30865,0.04213809082687367
30866,0.04321844228308722
30867,0.7125123561604555
30868,0.18006295462513774
30869,0.18621381125275682
30870,0.11967028810476078
30871,0.16386982085303803
30872,0.04169367181245552
30873,0.7363338008073692
30874,0.13297621608322757
30875,0.02945322060936683
30876,0.07239179060148666
30877,0.32376172475655834
30878,0.16995535059487626
30879,0.21476859101523235
30880,0.15050780563869032
30881,0.22389059509157094
30882,0.09091977512186297
30883,0.08239081310852385
30884,0.07692348819427967
30885,0.08382611247067223
30886,0.05547363416031246
30887,0.04926251406192881
30888,0.0670222586291818
30889,0.4647261198508183
30890,0.673074648948883
30891,0.1909689713375646
30892,0.025783357668014945
30893,0.3698371420676295
30894,0.3844833538108207
30895,0.2906129846299821
30896,0.3109627604433621
30897,0.09951588007528263
30898,0.11278780636078987
30899,0.1674513818639202
30900,0.13778534924168148
30901,0.519387375630642
30902,0.047796510796999335
30903,0.04149098061362076
30904,0.20773421412030055
30905,0.44293008966739705
30906,0.07008600328311058
30907,0.07862121553303665
30908,0.20704508420855666
30909,0.09220717261575331
30910,0.790039066518759
30911,0.15820758953278907
30912,0.12170428441533031
30913,0.04326980215741892
30914,0.04138568526011859
30915,0.6971688185309471
30916,0.05897228873010567
30917,0.5172371573897059
30918,0.11607369156594279
30919,0.10438302460363393
30920,0.1652341003044905
30921,0.22237857745874332
30922,0.3377737205032486
30923,0.08946326997116856
30924,0.16152756852238753
30925,0.39193055156516426
30926,0.44598302712252413
30927,0.055855413414360025
30928,0.4967541002174066
30929,0.13096662999833925
30930,0.4149528678944483
30931,0.1957878497612229
30932,0.22954521460641827
30933,0.1772922167118507
30934,0.1054456241991859
30935,0.09968422825248242
30936,0.25097995062532075
30937,0.20067822742268773
30938,0.1269526405219172
30939,0.09952958657770819
30940,0.08706317892825935
30941,0.04435360550848929
30942,0.20041410557063252
30943,0.10470104106096192
30944,0.3619356011800249
30945,0.029102620887043844
30946,0.11913397641364955
30947,0.23370548540492342
30948,0.10617838194995141
30949,0.1627994851869481
30950,0.11767336953089985
30951,0.07949637734889824
30952,0.057826823111170614
30953,0.07356891133043768
30954,0.5546966884060027
30955,0.10139699597657803
30956,0.3262409963518765
30957,0.0794074941299827
30958,0.447241545063569
30959,0.7076481481156391
30960,0.3797526015338418
30961,0.20967629143598565
30962,0.04817810146772121
30963,0.21872971510731606
30964,0.11676978317706234
30965,0.11488020151895645
30966,0.03425465266427677
30967,0.7634585903873599
30968,0.11781277358417955
30969,0.36849317256722375
30970,0.08989336989685988
30971,0.03807320421534668
30972,0.40130583593448144
30973,0.08935467395808952
30974,0.11619569264887933
30975,0.4958097382598309
30976,0.1526403205351289
30977,0.11898401583986273
30978,0.15093345690514187
30979,0.4190290175654797
30980,0.7365698310657971
30981,0.14269174640731588
30982,0.07323786783028242
30983,0.0914858285682713
30984,0.27871293600514624
30985,0.6921710467775879
30986,0.0650560312689867
30987,0.0840439816346759
30988,0.44842635402599756
30989,0.08971702250436978
30990,0.6730767829451474
30991,0.07312451114798628
30992,0.16502146402297718
30993,0.06270210812990391
30994,0.03956298270558248
30995,0.13334150537141748
30996,0.12510272037804518
30997,0.2808700037992791
30998,0.21079765534192546
30999,0.22451039406629783
31000,0.0341266550819645
31001,0.60509138846077
31002,0.07556039448628098
31003,0.06984706576820163
31004,0.622184803944732
31005,0.431120410407426
31006,0.08223998469019561
31007,0.10831378999365138
31008,0.3633633221413724
31009,0.0776899309166323
31010,0.4286531651468804
31011,0.29731488973445097
31012,0.4578693297159223
31013,0.18426508276394146
31014,0.0960916930507233
31015,0.02979540612849625
31016,0.42919223190281836
31017,0.09707369324594285
31018,0.2597818444284026
31019,0.14667323241357047
31020,0.14249249758305838
31021,0.10356162139989107
31022,0.346958281313534
31023,0.07068928374189705
31024,0.04644186368365532
31025,0.7475363047375855
31026,0.05354292149260313
31027,0.6377344850908083
31028,0.0665203779386149
31029,0.06561224793931178
31030,0.16396234715094923
31031,0.05391549607757305
31032,0.1013528877999926
31033,0.040784578307039986
31034,0.08840142667214905
31035,0.6670763802702573
31036,0.42216430507318686
31037,0.05620733731913264
31038,0.08444722233663643
31039,0.13429009463558483
31040,0.14996664018488665
31041,0.12336187564591995
31042,0.1645008931929785
31043,0.08587511623763584
31044,0.07354735630802071
31045,0.1184579648952473
31046,0.14367040338580678
31047,0.038163444422022054
31048,0.47096033565334344
31049,0.13815217412846348
31050,0.06783053797825156
31051,0.08351166008972602
31052,0.5554222599581132
31053,0.05679765892974815
31054,0.35932958563252054
31055,0.3223435683577947
31056,0.05716686555839489
31057,0.6466478708102976
31058,0.09982693299632667
31059,0.1267847299561231
31060,0.46199888767506914
31061,0.03729864112370221
31062,0.34143929790113253
31063,0.3451905697799171
31064,0.2546627036846581
31065,0.12087857119173921
31066,0.4358678212239382
31067,0.2062209764992563
31068,0.21645602566191588
31069,0.7297664593636213
31070,0.07982995024159052
31071,0.37233019244825644
31072,0.07158269308694505
31073,0.4212493828477199
31074,0.09356977825678792
31075,0.12458146377409332
31076,0.6539980877725508
31077,0.2246154643777898
31078,0.05317286684470124
31079,0.48292046247090326
31080,0.5905586095315059
31081,0.11819153380184254
31082,0.24297068442908729
31083,0.1728433076694521
31084,0.05489677179397271
31085,0.06814522634996292
31086,0.10033374828888578
31087,0.21531219580177743
31088,0.10623318945966613
31089,0.0973768223101842
31090,0.3673858028895215
31091,0.09853809273759531
31092,0.07438706462979514
31093,0.05229456811428533
31094,0.10115338164515071
31095,0.13809137402483926
31096,0.1674694473590994
31097,0.6570157176184002
31098,0.022319187905161783
31099,0.09332006025921186
31100,0.10355597313622654
31101,0.12203553775439592
31102,0.4504236608396217
31103,0.5618849803845959
31104,0.10342871803517649
31105,0.11180114913333855
31106,0.10920927712943249
31107,0.11245629871170287
31108,0.09113850098962706
31109,0.27361763436007097
31110,0.058185760121521796
31111,0.11922701378476692
31112,0.050117833982683914
31113,0.11512925123150256
31114,0.11952694384535732
31115,0.055531938242484126
31116,0.07257294842147438
31117,0.4318446531964177
31118,0.07590639064391916
31119,0.17242865678880923
31120,0.07521049604526758
31121,0.6519524974885714
31122,0.39605488937468525
31123,0.13541577050183978
31124,0.05847598226548385
31125,0.32692485249252107
31126,0.07802403235148057
31127,0.2332983692637037
31128,0.07506252387975461
31129,0.03467045201967836
31130,0.05328976466385738
31131,0.6285865243508849
31132,0.15951591929649997
31133,0.06552325355589363
31134,0.12352854137012087
31135,0.06578084862326641
31136,0.33998270265790365
31137,0.05749207336262351
31138,0.5907565002408376
31139,0.24658088517294655
31140,0.08582771837962011
31141,0.2752118451572405
31142,0.7646782182948936
31143,0.31965200058490856
31144,0.08739126307086574
31145,0.369866647899404
31146,0.06742586051850726
31147,0.2327795319031984
31148,0.17589620080438298
31149,0.06507511701440068
31150,0.1271204570201313
31151,0.05263877375794324
31152,0.07934437545509189
31153,0.08162373782759515
31154,0.2655223136991914
31155,0.6721709072991463
31156,0.0831808850854947
31157,0.2033561188728936
31158,0.7965250155611524
31159,0.05523808909741897
31160,0.033489302075393954
31161,0.2754260571395355
31162,0.5402456780864516
31163,0.32499710598656417
31164,0.16610221204067266
31165,0.2944201740440687
31166,0.09263306815946691
31167,0.07506033388497499
31168,0.11997626280607655
31169,0.04826353662694531
31170,0.16704624707567708
31171,0.21923605364787083
31172,0.6678789153259245
31173,0.1335642459797508
31174,0.1900600699374203
31175,0.1788530872561781
31176,0.31030886504406424
31177,0.1143812210649057
31178,0.3718212769695185
31179,0.2734687393162023
31180,0.08630118654313848
31181,0.38389722331455295
31182,0.07342956980720353
31183,0.15546256343795947
31184,0.018993658356949848
31185,0.17803608600699303
31186,0.3198778214507527
31187,0.05700067222673581
31188,0.1665145529639296
31189,0.08453882822134608
31190,0.11830585120230372
31191,0.21017988074148328
31192,0.06316880572320925
31193,0.07825763563366837
31194,0.07864241690012302
31195,0.3063159924190289
31196,0.33794531547700646
31197,0.06253363807289031
31198,0.08247657625815132
31199,0.12971767448306018
31200,0.10932953840084927
31201,0.06871465191223519
31202,0.48456511549817755
31203,0.024537304921915436
31204,0.054152268484825176
31205,0.06427213251411903
31206,0.17715351646119884
31207,0.06592232718361568
31208,0.35010212555393405
31209,0.2154092904408966
31210,0.17287994669683696
31211,0.051527799308469006
31212,0.1530949115589984
31213,0.07977872099414238
31214,0.2172420585451639
31215,0.11316846447934419
31216,0.03392023676895122
31217,0.18808095686876455
31218,0.6468085052807264
31219,0.6253661070953439
31220,0.10530308691965289
31221,0.1911469409127178
31222,0.23681865728016988
31223,0.2613065732864951
31224,0.09755334139397852
31225,0.04530946349173926
31226,0.4860460396643406
31227,0.09600386462734742
31228,0.42338960411670373
31229,0.5397541081540029
31230,0.09232120154697573
31231,0.05003367474120169
31232,0.09775267221964008
31233,0.42697551014972634
31234,0.4866099324319283
31235,0.25775765864048134
31236,0.3679730357544331
31237,0.08462011710049354
31238,0.19789654800775186
31239,0.5081007328921001
31240,0.5388637244064852
31241,0.11521366455544542
31242,0.07273726696322727
31243,0.10528332233217268
31244,0.3000286668775009
31245,0.20607582014616221
31246,0.0468231470850477
31247,0.08523266489316879
31248,0.54850875378815
31249,0.0715902982495555
31250,0.3061135534035991
31251,0.48526365008100336
31252,0.3162057860436857
31253,0.20391809788042756
31254,0.1830801798192857
31255,0.18244973434653328
31256,0.08314262454521182
31257,0.10746428971161369
31258,0.0631296100887448
31259,0.362565194076633
31260,0.051091136834770595
31261,0.08483422019951406
31262,0.5958270056824273
31263,0.28453139675921185
31264,0.057474803297064614
31265,0.4805903973408612
31266,0.08143770751023506
31267,0.3374109239792608
31268,0.5038305005623627
31269,0.09418129549297889
31270,0.1377672513582861
31271,0.20191260823619883
31272,0.5669972957137042
31273,0.23026787068994745
31274,0.2199854295756764
31275,0.05615186446609338
31276,0.06647748527629875
31277,0.09238118986171266
31278,0.1880293796390619
31279,0.06815330847724259
31280,0.16611940004227022
31281,0.0626972253147233
31282,0.16979790980659884
31283,0.09945717464333151
31284,0.08250559012054472
31285,0.08531602515962178
31286,0.3530767506787054
31287,0.1311544876357038
31288,0.09072411280586475
31289,0.20634759917900142
31290,0.058024863352845756
31291,0.10407547380057862
31292,0.07586847682720152
31293,0.11870170510151927
31294,0.6344252539190017
31295,0.04827372645417091
31296,0.5137105272098378
31297,0.09129008034697446
31298,0.11755948120045662
31299,0.21899373677700032
31300,0.3062098297763905
31301,0.7003745398697448
31302,0.1051515201472596
31303,0.07212849023968612
31304,0.06630467954566295
31305,0.3527554752873835
31306,0.3628661949731054
31307,0.024335718212042255
31308,0.4633247778797045
31309,0.14349436616430006
31310,0.3399482406612429
31311,0.10405710685967176
31312,0.30233784472868813
31313,0.1325133712975006
31314,0.3168675782899157
31315,0.11855515860367014
31316,0.09003712682412926
31317,0.050346485899876975
31318,0.10960748057612922
31319,0.15660218721997313
31320,0.07252306767523016
31321,0.18845012827271654
31322,0.5825213775262261
31323,0.4836667635660454
31324,0.08298995359081704
31325,0.24585693880861276
31326,0.7052382697214294
31327,0.11444712213395339
31328,0.830128424974128
31329,0.10420145525486087
31330,0.03088443803791037
31331,0.09657770029848772
31332,0.6721990704183891
31333,0.43905143488238557
31334,0.32853930004587784
31335,0.19358666014874856
31336,0.13951014913101206
31337,0.08441955220274579
31338,0.06901825916792045
31339,0.07714909783325913
31340,0.13302459422802043
31341,0.18520173714027988
31342,0.13590477901785694
31343,0.131425301532444
31344,0.558918432569091
31345,0.4142296997260836
31346,0.21280912945894082
31347,0.1102774784565807
31348,0.509983406387751
31349,0.08562902516437114
31350,0.20532200251093208
31351,0.08011837120399656
31352,0.06014639303978253
31353,0.1035958749304756
31354,0.07610553645282173
31355,0.1300710659147703
31356,0.1091302329748556
31357,0.37607266580988374
31358,0.03204340655969326
31359,0.07071660890530053
31360,0.1256406078043595
31361,0.2966655614388547
31362,0.04675740338812001
31363,0.460536374622617
31364,0.13699655088665316
31365,0.3941524813735741
31366,0.15731516263993298
31367,0.0684123719081485
31368,0.15587326651403938
31369,0.39913371250055674
31370,0.06355509055126127
31371,0.0675871219576972
31372,0.7223017309839069
31373,0.08458181439715745
31374,0.17186395075842828
31375,0.37144427046860895
31376,0.1304766894695191
31377,0.728840919408737
31378,0.12995920240619796
31379,0.6715590050724328
31380,0.4858482037800985
31381,0.18299903812848348
31382,0.10285531623109759
31383,0.8007378803940032
31384,0.6790523577425674
31385,0.2566428488887594
31386,0.32746693571237023
31387,0.228986741224976
31388,0.4752689185834969
31389,0.11604898654165954
31390,0.10675768720907518
31391,0.7096782239126921
31392,0.2590004691016491
31393,0.06516382325575652
31394,0.3361324684973751
31395,0.049929058153270124
31396,0.598807834074182
31397,0.07483462238909584
31398,0.18708803708304836
31399,0.6330629228220149
31400,0.7658231588232838
31401,0.13832671952548933
31402,0.20996141390332573
31403,0.34184470511478393
31404,0.10936408904908743
31405,0.1207918173421524
31406,0.062257239228272546
31407,0.47517893030912245
31408,0.13569246373731425
31409,0.05953347709619158
31410,0.10506614920515632
31411,0.3139115372003581
31412,0.1337308367108551
31413,0.1526790159048704
31414,0.066994486974685
31415,0.0843691583415438
31416,0.19564913365717096
31417,0.2996868871818032
31418,0.06332508218412994
31419,0.6706223485363553
31420,0.0325484339070547
31421,0.0454521840934789
31422,0.11682303670428576
31423,0.567528284572689
31424,0.11439864641039935
31425,0.09766193953731823
31426,0.19364338948531845
31427,0.1266101470485421
31428,0.25629193160773955
31429,0.25873759176176336
31430,0.15423850751774773
31431,0.12982409018214172
31432,0.05612424733465409
31433,0.7931252405953761
31434,0.342184614508218
31435,0.08606531330148845
31436,0.34773573683483733
31437,0.2804793070779466
31438,0.20514817809704886
31439,0.4149773383760702
31440,0.21720761917997725
31441,0.500672812123285
31442,0.6570851702678222
31443,0.04507677562657315
31444,0.07542713626846644
31445,0.13015081894662064
31446,0.4441278005350319
31447,0.3885620574807238
31448,0.7924716138797928
31449,0.057572681672560126
31450,0.39589460051812103
31451,0.40563996168909494
31452,0.25591024826706366
31453,0.1677125617316446
31454,0.6772509013727986
31455,0.17804884359348708
31456,0.06898942104454903
31457,0.24224348634516427
31458,0.22432897779657449
31459,0.10446139255722756
31460,0.04989999395162069
31461,0.16654559262756993
31462,0.12683579991660648
31463,0.11604321866993163
31464,0.08889481016242413
31465,0.6466545881082648
31466,0.049433758723475565
31467,0.39551457951361013
31468,0.29991844304139387
31469,0.5910718887950815
31470,0.13432298595070763
31471,0.24024465120195396
31472,0.29634117489612805
31473,0.6712443001924991
31474,0.3416717509210857
31475,0.4757557693494565
31476,0.058804958302011746
31477,0.20291015652600183
31478,0.07509854745978468
31479,0.39205235108021597
31480,0.06635765660021113
31481,0.1054906169079765
31482,0.32706526407954417
31483,0.16640259916554137
31484,0.0416814849591926
31485,0.02479002356755898
31486,0.249633387197312
31487,0.6446306965272522
31488,0.07519079976583412
31489,0.6686856777778075
31490,0.6155583111149441
31491,0.47735268985852913
31492,0.17582604710254265
31493,0.05580340311882388
31494,0.07485111837543679
31495,0.11154894893061709
31496,0.18054085601135292
31497,0.04622429765155852
31498,0.1529102791473789
31499,0.19563787916391004
31500,0.7599678060721858
31501,0.10159143597648619
31502,0.05127504334729832
31503,0.08508859316969723
31504,0.2120722651430712
31505,0.570430317922846
31506,0.1876484268366316
31507,0.15051234743226444
31508,0.19137358419742875
31509,0.08995098448069148
31510,0.3493372314325072
31511,0.10370847658591827
31512,0.3040624068202144
31513,0.1574379625005291
31514,0.5496087834115918
31515,0.33008436389780715
31516,0.08290641460974921
31517,0.3654481075759886
31518,0.1257780606140886
31519,0.13507877425801526
31520,0.07881536992884519
31521,0.10358717635049979
31522,0.6570031957698466
31523,0.12159293293189935
31524,0.04574521150406126
31525,0.45224872134311017
31526,0.37884900488228784
31527,0.14338528108423973
31528,0.19355558138652784
31529,0.1682439251869838
31530,0.08677219219746202
31531,0.29686285015379116
31532,0.06967258430107348
31533,0.7290482577260784
31534,0.22917761111607182
31535,0.3303659739844586
31536,0.18509015376388102
31537,0.03466839104744259
31538,0.08288922274048403
31539,0.7096105305868295
31540,0.10299214301902959
31541,0.09132425615902105
31542,0.1842853800918409
31543,0.1435551578270802
31544,0.5319164973787021
31545,0.07468448553666049
31546,0.06205472472287359
31547,0.7556753623883383
31548,0.22137826094248217
31549,0.2746049996965976
31550,0.06472645805148576
31551,0.5452049891004773
31552,0.0620146836364782
31553,0.12622269807543782
31554,0.06291989322115343
31555,0.48501520616498744
31556,0.3349406115516754
31557,0.03509290841772029
31558,0.23541034504944822
31559,0.4386008327419486
31560,0.5193007298737116
31561,0.05428512048780405
31562,0.06040214208458361
31563,0.05999566679178834
31564,0.1064964546406034
31565,0.21491411751267545
31566,0.1872544659074875
31567,0.11444138867562494
31568,0.07618919282756058
31569,0.05537872170317566
31570,0.38761795459260884
31571,0.06627144488160587
31572,0.08795444652675621
31573,0.26686809478112755
31574,0.3928342829590459
31575,0.36917311111915246
31576,0.189042256095021
31577,0.07705080916377348
31578,0.21010092398459065
31579,0.10824075987843884
31580,0.34605243482529935
31581,0.46134266290812237
31582,0.15352656407069265
31583,0.22956094245710845
31584,0.12107853314966978
31585,0.06826310518166502
31586,0.02995653321421323
31587,0.1695957034586237
31588,0.23864144677633373
31589,0.043360457209761685
31590,0.47285165453800054
31591,0.1133985230033345
31592,0.16222773259322948
31593,0.11378823994217538
31594,0.08060350713462823
31595,0.16372372393541496
31596,0.6875998682619953
31597,0.11690580145428782
31598,0.271273783339894
31599,0.23912453920236695
31600,0.23403983040156467
31601,0.2103870928730161
31602,0.04037365808124348
31603,0.08145925352814576
31604,0.10695789905700967
31605,0.08401771738862143
31606,0.07810664181062398
31607,0.19343544820038383
31608,0.3138935647463784
31609,0.08869630307873484
31610,0.04396856193838488
31611,0.10271990915778698
31612,0.3018163865735567
31613,0.03182951589082968
31614,0.040248449395238035
31615,0.2130615765911035
31616,0.10770941499015535
31617,0.3885288522407319
31618,0.1527311005130719
31619,0.38322893382011514
31620,0.047195301807193696
31621,0.04511074861203644
31622,0.6920781863887829
31623,0.07427796496141865
31624,0.05153803778912618
31625,0.083697214344876
31626,0.21345940717762743
31627,0.0574512373187239
31628,0.2200734773210135
31629,0.36824467715311343
31630,0.1089427040910496
31631,0.10206725914408567
31632,0.3437617442290411
31633,0.1786247522827408
31634,0.08023887844360102
31635,0.20480858404975152
31636,0.3260895765463634
31637,0.03821291779972789
31638,0.40757876751242744
31639,0.38287892041717647
31640,0.07601505931655775
31641,0.7829494388008194
31642,0.5546145867867958
31643,0.16419187158591692
31644,0.18460494125662477
31645,0.03207936377804052
31646,0.19860677255716486
31647,0.2557606107647699
31648,0.3280203508447798
31649,0.5007661476107327
31650,0.4538604637304053
31651,0.7599567255389729
31652,0.7082191098945432
31653,0.197348421660381
31654,0.06642925000890203
31655,0.1252792382282307
31656,0.09560183548560373
31657,0.0732554489807986
31658,0.07704552032281338
31659,0.1577794203439542
31660,0.7366667505545649
31661,0.26230101754913365
31662,0.13985879375778223
31663,0.5821552598408184
31664,0.4911623020645264
31665,0.0844057783345306
31666,0.12649314861695155
31667,0.08719039941768952
31668,0.07765930701174364
31669,0.07167045834374312
31670,0.2562422801471777
31671,0.09298574315377216
31672,0.11265436486667207
31673,0.14954266253054171
31674,0.19795819617729085
31675,0.4244906355385263
31676,0.0653139714816303
31677,0.06433825113204955
31678,0.6660678414957848
31679,0.18392859061281547
31680,0.10698702646377183
31681,0.04917059145588477
31682,0.07050107787067837
31683,0.06937174971863563
31684,0.06536411967918604
31685,0.19479849534960494
31686,0.2533714662331459
31687,0.09341098869181165
31688,0.051801000848864416
31689,0.09994674890083698
31690,0.12112430834636231
31691,0.18619158862571825
31692,0.0361569076265124
31693,0.08554748841981596
31694,0.26394895838442933
31695,0.3269376633111109
31696,0.16446670655272755
31697,0.6098135240365591
31698,0.1406877707206845
31699,0.1745251010653973
31700,0.29814704977376466
31701,0.12197514445204623
31702,0.10343775499276303
31703,0.062464760315486756
31704,0.6820417465029704
31705,0.21536383361252887
31706,0.17037313042442245
31707,0.5555196508731866
31708,0.29008438734031544
31709,0.6630482091331419
31710,0.34962797788122835
31711,0.1279935755184636
31712,0.11915993678640466
31713,0.06653144909208003
31714,0.09808059812125215
31715,0.45751179416820453
31716,0.0775184166383292
31717,0.34075950966184737
31718,0.18736589108131402
31719,0.1590584710705862
31720,0.23830945081820024
31721,0.03181489896748361
31722,0.328815377005207
31723,0.19835958264233344
31724,0.4685472882558384
31725,0.03936172394588565
31726,0.04553823819181542
31727,0.09192811051311561
31728,0.09803190938426619
31729,0.17935301517933824
31730,0.4963415132962909
31731,0.04641640465346017
31732,0.25067880890732186
31733,0.5221812583347897
31734,0.07480706042561479
31735,0.16305371113066877
31736,0.06568129582029593
31737,0.14439692771459953
31738,0.25557682923222974
31739,0.09380244876789416
31740,0.28074575153462933
31741,0.0826494843502029
31742,0.4696103414836018
31743,0.1417243456342421
31744,0.18169885541426684
31745,0.09526368113905763
31746,0.0734832328371878
31747,0.18565904442755568
31748,0.05813259044087539
31749,0.16481452526201784
31750,0.08342209883415444
31751,0.09615836140887746
31752,0.03603860369342144
31753,0.10560952918380129
31754,0.24236061931848976
31755,0.0460541308410213
31756,0.5023255694539924
31757,0.3522039573830725
31758,0.7376671407443135
31759,0.058474817247939986
31760,0.11688624046752194
31761,0.2101599525054157
31762,0.10626347072229829
31763,0.6485901246407114
31764,0.1645774174621106
31765,0.2294474572500298
31766,0.2386327450134354
31767,0.37218200911664556
31768,0.06155404302555827
31769,0.06798605225579901
31770,0.15675100572216932
31771,0.23197373368109594
31772,0.21981929449764379
31773,0.06950956620581177
31774,0.12045280947216869
31775,0.17547479589301174
31776,0.6218145193237586
31777,0.12544519802515836
31778,0.061864233799485586
31779,0.037736303410588645
31780,0.12630080867228644
31781,0.08017774388236686
31782,0.12190375151766422
31783,0.24855067633257089
31784,0.07118127646055532
31785,0.16166905146684882
31786,0.11153267073672611
31787,0.13861999310093878
31788,0.21958526175771528
31789,0.12120231721845931
31790,0.19355685754552007
31791,0.05470960680646455
31792,0.20605098785710202
31793,0.053462384221012335
31794,0.16445415357399248
31795,0.21976893052888433
31796,0.26834342285125096
31797,0.4072937787244498
31798,0.29323269283430736
31799,0.02676753362950489
31800,0.1836815010252135
31801,0.4080383530241066
31802,0.7770548388784815
31803,0.2836012242979285
31804,0.06369399477471446
31805,0.07962948502244256
31806,0.20793780803611636
31807,0.6068627292612224
31808,0.06933984019907304
31809,0.42817266231731393
31810,0.07316901471324212
31811,0.5504040210951384
31812,0.1686927875273101
31813,0.2825127758514314
31814,0.31620997717360383
31815,0.22004054941455006
31816,0.17721241445321786
31817,0.1395310962762963
31818,0.5818172250545682
31819,0.08512656217813735
31820,0.1376046232156533
31821,0.0974149314866485
31822,0.37748749331891074
31823,0.1517854471320381
31824,0.21494646261000522
31825,0.27875019652012845
31826,0.10666510130242157
31827,0.3854806899441596
31828,0.1855238558379982
31829,0.03680731680242392
31830,0.2521863269306542
31831,0.177944855604262
31832,0.11289561378460214
31833,0.19906407698951586
31834,0.09143084108328571
31835,0.04950444537910474
31836,0.04733917513782281
31837,0.6351248780414138
31838,0.28206239657352805
31839,0.10616116088704547
31840,0.06560013536204491
31841,0.07306737803294987
31842,0.15803449923840915
31843,0.5068554495935366
31844,0.23755370859118988
31845,0.4473948840224129
31846,0.554167839623027
31847,0.041742891399149586
31848,0.11363168327512926
31849,0.07815970320859807
31850,0.04373665005936893
31851,0.06317022630360329
31852,0.15523104093266585
31853,0.6198936627121769
31854,0.6271759000218805
31855,0.6865223708583134
31856,0.06724500039946597
31857,0.09272269426049487
31858,0.10349451958271433
31859,0.44405362113963
31860,0.2064945338999419
31861,0.05899703790994738
31862,0.03173737516735217
31863,0.20675823792237719
31864,0.10317271733653378
31865,0.08821053540982576
31866,0.08875413769034485
31867,0.12495154341830374
31868,0.06535586202132297
31869,0.06389963326504232
31870,0.04829774085561543
31871,0.5918046726436795
31872,0.1505407335185267
31873,0.18793208307565826
31874,0.1624235377108938
31875,0.19098448738882096
31876,0.10027141254225748
31877,0.08369142684035855
31878,0.07458500200827445
31879,0.24705494907502829
31880,0.0662168026100083
31881,0.4399742388455939
31882,0.03665434006300844
31883,0.42539856770691986
31884,0.06734076678544679
31885,0.1747587648154008
31886,0.08511122569209678
31887,0.06912044718701935
31888,0.09054552333833697
31889,0.22250888097784374
31890,0.28284263807639437
31891,0.057519328482403737
31892,0.33529627132803425
31893,0.24801010529606476
31894,0.4598014085483943
31895,0.08425539721602729
31896,0.2981599590950289
31897,0.45610533924384505
31898,0.15435148568442553
31899,0.49105521692297205
31900,0.378631364645373
31901,0.09637862163312827
31902,0.08149092498561673
31903,0.384101747406476
31904,0.07264836141602697
31905,0.054312396037961126
31906,0.041315242037019057
31907,0.1181489920659693
31908,0.03397887248682999
31909,0.13695187973769554
31910,0.05145407709030132
31911,0.07158437292866153
31912,0.21026284021701894
31913,0.12122373303652961
31914,0.23330757410913208
31915,0.16609513315759664
31916,0.08973233566194096
31917,0.33785524709439924
31918,0.1954281069194107
31919,0.5425702055815752
31920,0.06192207338660932
31921,0.08091926989595558
31922,0.057664601248606534
31923,0.06585281867781648
31924,0.20588049940091846
31925,0.11226609992906207
31926,0.040945634481353764
31927,0.13320638248164723
31928,0.1963128166658826
31929,0.18838700934569527
31930,0.2561429745152376
31931,0.20441096395925135
31932,0.0987022637902294
31933,0.5704945813789848
31934,0.12907263526940013
31935,0.5002975858582398
31936,0.07348891395191974
31937,0.11043345882296532
31938,0.4035536341730303
31939,0.028217719470004343
31940,0.0840538680937013
31941,0.07510680468191076
31942,0.021108127972949996
31943,0.04506094301220771
31944,0.11761998063144775
31945,0.22196891351186726
31946,0.1856541987722118
31947,0.07148395138661567
31948,0.10736768337827589
31949,0.06689610047587606
31950,0.07746350080593986
31951,0.26507023940494506
31952,0.10460762887371382
31953,0.04062180721853742
31954,0.41874239446503514
31955,0.06386500790418438
31956,0.11544199686442812
31957,0.2577920503246849
31958,0.03687972330992118
31959,0.08029535971125507
31960,0.07967219085015904
31961,0.04707361365423242
31962,0.15151221172513607
31963,0.6320473239519243
31964,0.08831160977928289
31965,0.08029932634783922
31966,0.18508764521400917
31967,0.04265505275173635
31968,0.43027688446416157
31969,0.3074228242355306
31970,0.2983332518662338
31971,0.12262180881044192
31972,0.1364497084917938
31973,0.07245357783452779
31974,0.04505517620267941
31975,0.029129175060877942
31976,0.19143073624248663
31977,0.03178887231422832
31978,0.21773537911334145
31979,0.03831721174359234
31980,0.24596565125092487
31981,0.24313614479311052
31982,0.09490172202655771
31983,0.4210435785755873
31984,0.041502240180877115
31985,0.05793585986897298
31986,0.3974186562367078
31987,0.1047398440091365
31988,0.46040248332162276
31989,0.196385563455562
31990,0.059419781414520374
31991,0.3880779335373699
31992,0.1506184403126502
31993,0.45144847298802177
31994,0.09036711659191049
31995,0.531132918556182
31996,0.14024356588573364
31997,0.10279124891882432
31998,0.046985031912367636
31999,0.04484644695923986
32000,0.27530391064109655
32001,0.11335081638223246
32002,0.4787627954752786
32003,0.19237218637311115
32004,0.3761196809184641
32005,0.040188618070079625
32006,0.23309345348483324
32007,0.49365835112609896
32008,0.04795837524114051
32009,0.08515119702040165
32010,0.20884341190463934
32011,0.1082375300019085
32012,0.19895615713686376
32013,0.40924830899747255
32014,0.17642751956238992
32015,0.17519100585186326
32016,0.4133229019598389
32017,0.0513826316255012
32018,0.12916725913566626
32019,0.21890901651440933
32020,0.5740012882765692
32021,0.07139022477350043
32022,0.22305974090558925
32023,0.10103255276163967
32024,0.20950065099529433
32025,0.36977741881398635
32026,0.2627530949569367
32027,0.10085855076917997
32028,0.6569887530663769
32029,0.05555169515226663
32030,0.24851544846982843
32031,0.06793888463217332
32032,0.45200788841275463
32033,0.025654431600339877
32034,0.12033179119874719
32035,0.09575304118508719
32036,0.20961154145222824
32037,0.18077855162557577
32038,0.2884316948931115
32039,0.42365543788553517
32040,0.11817240271483416
32041,0.7175674915049064
32042,0.11678241091912066
32043,0.45908348434057994
32044,0.04918629080553188
32045,0.2276983506899819
32046,0.15486283589231456
32047,0.7105209481045888
32048,0.105045076219054
32049,0.03505920543625683
32050,0.3717662337452412
32051,0.07986164434640963
32052,0.5375550998805412
32053,0.03958240847729226
32054,0.15088307274253007
32055,0.0905461347956556
32056,0.08574295039040415
32057,0.03748312465403864
32058,0.03639044927272418
32059,0.10333335331975374
32060,0.10396422957460742
32061,0.1187236175090867
32062,0.1133609875439123
32063,0.07704049610651348
32064,0.12780623696144588
32065,0.10534906032670315
32066,0.13707688918595123
32067,0.06362798820852332
32068,0.048824835971911874
32069,0.5327983011706833
32070,0.6633792373350421
32071,0.4509116348337399
32072,0.5894620140900549
32073,0.04798052766337721
32074,0.053460591994263
32075,0.04751078580954499
32076,0.06984051152155857
32077,0.13809908633355913
32078,0.0550022144157332
32079,0.05075058034943718
32080,0.03561850763359894
32081,0.3771041563440499
32082,0.0375824441367751
32083,0.07661831647224272
32084,0.10500122662701528
32085,0.07938946444119906
32086,0.5730081628360048
32087,0.17498709016324207
32088,0.08084771608587352
32089,0.37917449655597113
32090,0.05857995385014884
32091,0.263701401225542
32092,0.1088090752487604
32093,0.0839138662942222
32094,0.17215910476598242
32095,0.687270349236293
32096,0.14020733319615125
32097,0.19993022526030982
32098,0.06404305849022354
32099,0.17067217104103377
32100,0.06630524832766457
32101,0.5132064039754051
32102,0.05758074058706047
32103,0.1873360275188389
32104,0.04271542754897054
32105,0.12754678698282212
32106,0.34185837472332314
32107,0.1647104977930926
32108,0.14317106075736855
32109,0.11511402067666397
32110,0.05817370262016897
32111,0.20903338626648116
32112,0.6581804582522824
32113,0.1327808108324855
32114,0.42475685546134734
32115,0.06723661732846684
32116,0.05111712952277314
32117,0.6840628830750812
32118,0.0760491015246692
32119,0.3000718920330569
32120,0.37694741243845037
32121,0.5773491581521255
32122,0.20771865473203352
32123,0.08624827825591629
32124,0.12430536964335337
32125,0.05731730813004803
32126,0.547043279302567
32127,0.20151622931180993
32128,0.3067233790884703
32129,0.12040493203378219
32130,0.5332077178460772
32131,0.8771689668183232
32132,0.06619668279200862
32133,0.042985214969239766
32134,0.0955429597963982
32135,0.10482917629135856
32136,0.17814707563559554
32137,0.27171916910454946
32138,0.2190892581146916
32139,0.11357371714090903
32140,0.436761484027206
32141,0.06625667644346142
32142,0.11063044416780173
32143,0.11988496527727747
32144,0.27158886748821665
32145,0.1166032017919464
32146,0.09411577648894671
32147,0.07665393931021337
32148,0.5146447132018417
32149,0.05920304371627959
32150,0.0995964824603882
32151,0.03562653959845357
32152,0.09959553031432222
32153,0.16778555171968706
32154,0.037840002441033124
32155,0.08287088387817815
32156,0.04418182781219402
32157,0.03719112652083562
32158,0.057927356014188976
32159,0.7076295156995833
32160,0.312498099732431
32161,0.3862664124927932
32162,0.09606119920090611
32163,0.07632906231482259
32164,0.20731210778926393
32165,0.27430559913384217
32166,0.17788120659959056
32167,0.10330679637857976
32168,0.0978740268790085
32169,0.08784813447399657
32170,0.48948614600990936
32171,0.08423301090049023
32172,0.7846712500560188
32173,0.2131378182568362
32174,0.15416530167390674
32175,0.20595084025267052
32176,0.5691336992534892
32177,0.20993996927028005
32178,0.06838477777018831
32179,0.11638342884007308
32180,0.09876114341195392
32181,0.18537502528570332
32182,0.11005253493936244
32183,0.3912369622995816
32184,0.09805655674948016
32185,0.37588954850639705
32186,0.1384074870679435
32187,0.2348974232138477
32188,0.35725313578386064
32189,0.3335891641655639
32190,0.2153223457366075
32191,0.07830438806863484
32192,0.06179203659125413
32193,0.05429181703159246
32194,0.02647532562367059
32195,0.10158811236332098
32196,0.36806080413852355
32197,0.03173260375158222
32198,0.4530403430853454
32199,0.46845579700373075
32200,0.27436251932732525
32201,0.1956435082968152
32202,0.09589211112060514
32203,0.27746838680649955
32204,0.178116097263906
32205,0.15339520921325936
32206,0.1280431972779575
32207,0.6029617298694085
32208,0.08906257636141865
32209,0.04757368608426087
32210,0.10517299100794077
32211,0.0427968012250696
32212,0.04121461440976571
32213,0.061069390970146055
32214,0.08829165304593298
32215,0.28698702963700917
32216,0.7569092668865228
32217,0.08511235031942258
32218,0.19727655485997642
32219,0.0777686626930926
32220,0.6175355873132483
32221,0.4862681600700833
32222,0.055159511786455784
32223,0.37715493016574525
32224,0.47864379177023947
32225,0.2001579712870441
32226,0.37805258416037646
32227,0.07884728192681716
32228,0.5461643472213163
32229,0.09106836998410534
32230,0.05652145922369356
32231,0.441752368051271
32232,0.33336832670027594
32233,0.06935803961869204
32234,0.08504862107457252
32235,0.23502303146045406
32236,0.09742939938349972
32237,0.7532267808970238
32238,0.07312945191339992
32239,0.04579041336358518
32240,0.07858043687772742
32241,0.6123380807536125
32242,0.1195631909744092
32243,0.11312478200027494
32244,0.04265798409380872
32245,0.20735136042991575
32246,0.34788169558037785
32247,0.09754030462805065
32248,0.46170312897895105
32249,0.10410200504633048
32250,0.0969251774774278
32251,0.1786727939344544
32252,0.4683160551742575
32253,0.08540024500936053
32254,0.06319254704549394
32255,0.16416410887381844
32256,0.3487456356133855
32257,0.12538030411908122
32258,0.07129583501141182
32259,0.09735812591988716
32260,0.09517115132080611
32261,0.12368784972482534
32262,0.11893173075415722
32263,0.10289551930006936
32264,0.06058146832014508
32265,0.35822497141045767
32266,0.1103228937097644
32267,0.10836625514712361
32268,0.09169964471714104
32269,0.2919678770585447
32270,0.5040810300391234
32271,0.4766176262302346
32272,0.08174390369420065
32273,0.18609649996519398
32274,0.36735131356696193
32275,0.07825132345862305
32276,0.3140103414832223
32277,0.19731055456958763
32278,0.09905827712137678
32279,0.046013149763874356
32280,0.2639658118238453
32281,0.7466740651439818
32282,0.1516378583124351
32283,0.18330744712186722
32284,0.5179219238147147
32285,0.19776118805011567
32286,0.24148578655249073
32287,0.09828501527937993
32288,0.12931175517141671
32289,0.4122909509262456
32290,0.038078399374217205
32291,0.15103626201945347
32292,0.157895380106298
32293,0.5092928273199587
32294,0.19217869374571675
32295,0.0998202959964417
32296,0.16973490414881165
32297,0.32565558968541697
32298,0.03748703832550264
32299,0.14705409381091633
32300,0.03622749092372318
32301,0.132394772730989
32302,0.08426293611543757
32303,0.20015477025957557
32304,0.07521254794446755
32305,0.10690813472068389
32306,0.43669223395929474
32307,0.11512607590987427
32308,0.34137738383024135
32309,0.20757761690202586
32310,0.4106076964242989
32311,0.08563649937601446
32312,0.3522754090760014
32313,0.059356297831368504
32314,0.16446525142375695
32315,0.08624275777219924
32316,0.08473887990768844
32317,0.11487723562927393
32318,0.0822714623686285
32319,0.18500066423584088
32320,0.02782889188120285
32321,0.18346602013323712
32322,0.08073055619166697
32323,0.6572306507761302
32324,0.19614801965587708
32325,0.18614031965680328
32326,0.19672115403153728
32327,0.04322774776967383
32328,0.05540048298093269
32329,0.14416439046084437
32330,0.2478448262450106
32331,0.21236835416301414
32332,0.0415808791963787
32333,0.031094257700447527
32334,0.08456550948995681
32335,0.07847779549701989
32336,0.055759023199657434
32337,0.14099223618136258
32338,0.1323966555159102
32339,0.2774708711534752
32340,0.4738713428024912
32341,0.30433666223127387
32342,0.052767049707592883
32343,0.5171456905960004
32344,0.5138660453449982
32345,0.08925096673228607
32346,0.08164976516727208
32347,0.2142750368893062
32348,0.10604380758708434
32349,0.19922321112838176
32350,0.11010483537275088
32351,0.49848474551923516
32352,0.025168603700280016
32353,0.06475372066897818
32354,0.2704311441061459
32355,0.13744091028896552
32356,0.1594042075005554
32357,0.2820664393198823
32358,0.20946456098593694
32359,0.5506943752357135
32360,0.2794850359171017
32361,0.06622072636961356
32362,0.07243413405956597
32363,0.06927833186433316
32364,0.11141985446094843
32365,0.08865982925668314
32366,0.20279966527922302
32367,0.1997510085159257
32368,0.11011479355816615
32369,0.22324449401387358
32370,0.052004338697649796
32371,0.11728611882161312
32372,0.06402312080453347
32373,0.08020112382620861
32374,0.07755116257841858
32375,0.21689376057541396
32376,0.09402098537823027
32377,0.09280827113093877
32378,0.09242461785313254
32379,0.15286888894766734
32380,0.10457753413216575
32381,0.06241369239024266
32382,0.1953224101415928
32383,0.19708409148440556
32384,0.053865672005180464
32385,0.06531810175857755
32386,0.12872617423924956
32387,0.4394413479055689
32388,0.08357283069281206
32389,0.05282897928135727
32390,0.06413356756263898
32391,0.24772694661687245
32392,0.21565666320982027
32393,0.562215836529488
32394,0.052244406165564965
32395,0.4222128614874826
32396,0.06290162986053496
32397,0.10889694262383605
32398,0.17171233457395113
32399,0.4639955735139505
32400,0.5341206253233877
32401,0.1775035736068125
32402,0.05629691981580694
32403,0.09159672745677036
32404,0.04461356181916656
32405,0.2416184116170307
32406,0.3102596019207519
32407,0.0757858312842774
32408,0.11455613739449687
32409,0.124493252465058
32410,0.1921167041950737
32411,0.1825070364415492
32412,0.037328933760433496
32413,0.10664664556479594
32414,0.18337865923328164
32415,0.062335112808302236
32416,0.5284485922748918
32417,0.1138727684687188
32418,0.06197499670086626
32419,0.20003429059608765
32420,0.3304017200208625
32421,0.07676370731800818
32422,0.0671727625328818
32423,0.09486748414286043
32424,0.31127565539588176
32425,0.6126666398383053
32426,0.0682791824749218
32427,0.22971325316415914
32428,0.1504096309267856
32429,0.3806973675409214
32430,0.0847497383386323
32431,0.6783027315267014
32432,0.0891518229272046
32433,0.3261786832001645
32434,0.12466361565327116
32435,0.23313071893324003
32436,0.09093723522523328
32437,0.0835561400534418
32438,0.09368271550530391
32439,0.28732810056258967
32440,0.10869561571905816
32441,0.4149512360630117
32442,0.08794969605473606
32443,0.06418352236461247
32444,0.6817459127018521
32445,0.05107445044145401
32446,0.2575486356562366
32447,0.06528971728156206
32448,0.08412971064283777
32449,0.03941012062652727
32450,0.49246308290030866
32451,0.05204398634167259
32452,0.0769744083437903
32453,0.4321946852358376
32454,0.29838271145124323
32455,0.23749256920972053
32456,0.07807467385721999
32457,0.08691410775140271
32458,0.1954922331053379
32459,0.055081963624781995
32460,0.10342327144487579
32461,0.029590022515489933
32462,0.09172726591806761
32463,0.35865658942268647
32464,0.24014355049826322
32465,0.07677050954828084
32466,0.05664811623308405
32467,0.05431380173715772
32468,0.04803418804584316
32469,0.12993861684240204
32470,0.06375123862853391
32471,0.08950378584509315
32472,0.12277484708907235
32473,0.04027810925807968
32474,0.07856950067946085
32475,0.2961158960981455
32476,0.06554068280851447
32477,0.029203394941075433
32478,0.18195717723806473
32479,0.04730376961726516
32480,0.1652756030430335
32481,0.18345176520319448
32482,0.12632699717529172
32483,0.18263594605650832
32484,0.3819510160617863
32485,0.054206261823358644
32486,0.07236473473164566
32487,0.32270531169082217
32488,0.18379071149936652
32489,0.271880386954529
32490,0.21324285150843073
32491,0.600720441292231
32492,0.3186272028495258
32493,0.0640640913568978
32494,0.18391261409965287
32495,0.4929593714458065
32496,0.09071383755533367
32497,0.1632779073762709
32498,0.6118095397716603
32499,0.04261879283635799
32500,0.065480353823189
32501,0.6046121154783242
32502,0.5415629490622363
32503,0.07827920117128255
32504,0.47249131995456545
32505,0.06687716434291614
32506,0.5657738162900833
32507,0.057224287629646625
32508,0.3795667129225358
32509,0.11084961132093793
32510,0.34990701931488344
32511,0.36495566792344597
32512,0.08631115179865544
32513,0.5085476173551619
32514,0.10040097681373804
32515,0.2861908058631141
32516,0.24949421235071645
32517,0.09002154370657092
32518,0.448476861601099
32519,0.258910658734162
32520,0.05975775498682104
32521,0.04639432873319776
32522,0.07974045532796849
32523,0.10705686701090691
32524,0.36033660962265995
32525,0.37590103556744203
32526,0.09064371581498698
32527,0.3955034836250006
32528,0.20648356969975798
32529,0.08750431534693139
32530,0.48929183100806983
32531,0.05454200695109761
32532,0.11904107489505279
32533,0.7192258784107237
32534,0.6948918947255411
32535,0.07839030299780245
32536,0.22467557522696258
32537,0.5944952997267252
32538,0.2120058683171028
32539,0.0718576676710978
32540,0.07298130834632587
32541,0.1095471631700075
32542,0.17268388020322353
32543,0.17017314571458153
32544,0.05609376928113958
32545,0.4392184815105003
32546,0.33431172879598575
32547,0.15818035344641898
32548,0.039024149111770094
32549,0.08894073844397665
32550,0.21115095956765087
32551,0.0484018176979545
32552,0.4999007728240245
32553,0.07027998545549585
32554,0.44110061440128834
32555,0.08847111858769359
32556,0.3321502217749191
32557,0.050789253482407905
32558,0.20566925693412672
32559,0.12083384365592446
32560,0.584946813402723
32561,0.10723068040266097
32562,0.12170940393171245
32563,0.575838846660399
32564,0.46345402632398247
32565,0.08033238039799072
32566,0.09609516943896891
32567,0.18676385059758172
32568,0.08997149175133101
32569,0.2536134167588491
32570,0.04965357124520658
32571,0.4359430803613405
32572,0.12013085688480964
32573,0.04025446197808934
32574,0.10614859757192312
32575,0.15933661909056293
32576,0.16435628019299223
32577,0.05160017136972966
32578,0.15557650440770898
32579,0.663950033125181
32580,0.4367982171863405
32581,0.14914151963388497
32582,0.1253068896988148
32583,0.11695060318190804
32584,0.6847043135943125
32585,0.14610799996108975
32586,0.17830021998481957
32587,0.23361990493001988
32588,0.09127988783309776
32589,0.08049073028403601
32590,0.16622061110027278
32591,0.11389195511820241
32592,0.4831270671918827
32593,0.09186855901500297
32594,0.09546993786379876
32595,0.08528779182599742
32596,0.20914687839913873
32597,0.07855431843815215
32598,0.17778843263341682
32599,0.04250252977631317
32600,0.20282257118808478
32601,0.08629947181623578
32602,0.5479314132112941
32603,0.057204621386342504
32604,0.10235992789235225
32605,0.11551026068014462
32606,0.0614612210412347
32607,0.17841345644709392
32608,0.057798497628545865
32609,0.30103011753614645
32610,0.6240290221811953
32611,0.606391509121324
32612,0.08262493671382617
32613,0.07056534083988471
32614,0.0899330460782347
32615,0.18905682861725995
32616,0.09441825957556883
32617,0.17925615374805637
32618,0.4331102827684418
32619,0.06588666170455353
32620,0.5154499382412345
32621,0.2061048872088982
32622,0.07918409623708941
32623,0.10836017354856683
32624,0.3046444935275905
32625,0.23644609486870855
32626,0.10978787260670228
32627,0.07138225851660819
32628,0.7219454275635637
32629,0.06652894233751067
32630,0.1789656527068954
32631,0.1703557679451191
32632,0.06268904722466467
32633,0.6645536697265643
32634,0.05521090040254956
32635,0.19943986423999369
32636,0.1694213774284642
32637,0.08128377489499275
32638,0.42756012027072854
32639,0.09544467602778907
32640,0.09463677761542219
32641,0.19550778870048915
32642,0.2193620179841867
32643,0.1452487164238635
32644,0.6425167029999811
32645,0.1108995726199619
32646,0.13294070963280538
32647,0.3789672878453032
32648,0.31136865778042666
32649,0.12082706553003138
32650,0.11338876055161769
32651,0.25636699398503576
32652,0.6313018421634325
32653,0.1861020172425248
32654,0.10025009002788828
32655,0.10982223035677087
32656,0.40371355822784294
32657,0.3538216906412999
32658,0.0412195745140662
32659,0.2807597515729051
32660,0.06980025038223363
32661,0.2183928635892161
32662,0.11519503691366374
32663,0.2514138027855992
32664,0.13514363408637545
32665,0.10601026426014312
32666,0.11505507403468511
32667,0.5298317820132231
32668,0.0255630087991355
32669,0.0702997536230517
32670,0.382683537779774
32671,0.0523988553991277
32672,0.3011308668880148
32673,0.1093815511300909
32674,0.045626649169996945
32675,0.03765023925955314
32676,0.32112541889288343
32677,0.08731558355278062
32678,0.08876060080881588
32679,0.05481538471072361
32680,0.07430120795521923
32681,0.057887398835042125
32682,0.12533807696455687
32683,0.25349230812848217
32684,0.10728621948052698
32685,0.06839371244573987
32686,0.06297876053649365
32687,0.13281737241355757
32688,0.05123074101134304
32689,0.7367678350782311
32690,0.12125679781677533
32691,0.08165359917079326
32692,0.041710629689072305
32693,0.1496848359938639
32694,0.14271131426209133
32695,0.4439365698794194
32696,0.34456626375607613
32697,0.17456552012829857
32698,0.12745148231240802
32699,0.388101967124943
32700,0.12624475500250273
32701,0.036615085006869205
32702,0.10257273990779969
32703,0.032205509531797155
32704,0.15653278164999979
32705,0.17743174417892946
32706,0.09087312672711723
32707,0.08830923970201826
32708,0.05149399984949928
32709,0.22782460638215937
32710,0.1033981687725687
32711,0.17794470460814138
32712,0.19806605798884297
32713,0.07760671243181409
32714,0.10642941616298779
32715,0.14195971187163595
32716,0.07776598878158084
32717,0.09675717114744652
32718,0.07097018131731783
32719,0.03580071781254946
32720,0.07204552123491602
32721,0.18218529813017484
32722,0.13068759954497713
32723,0.056561679915491075
32724,0.4364697435597738
32725,0.2939477654244979
32726,0.26536235438162237
32727,0.2528717104409139
32728,0.04889993313715717
32729,0.16285645042157598
32730,0.032142588374310437
32731,0.6436029622694907
32732,0.14190651069516888
32733,0.2101005018647687
32734,0.09576187844112352
32735,0.06719908093257758
32736,0.043296979695489984
32737,0.0840177933747019
32738,0.05555898733186326
32739,0.04212740606210869
32740,0.11407568394721639
32741,0.05586911463915575
32742,0.1522584230008539
32743,0.0433954797938096
32744,0.17917550099152244
32745,0.3497902297555208
32746,0.3859150992664684
32747,0.0657713227911664
32748,0.2036724348709521
32749,0.1308286097618252
32750,0.46430078207533265
32751,0.07817516096852269
32752,0.11648175780003352
32753,0.23565743968296127
32754,0.04343916420446679
32755,0.656148301505999
32756,0.14329771926056944
32757,0.04607018727112338
32758,0.767618944121841
32759,0.15065449213914991
32760,0.07836019583483468
32761,0.12228873174357173
32762,0.037882495154805185
32763,0.04236954031591379
32764,0.035962238903271875
32765,0.1331271237375632
32766,0.04752577838522579
32767,0.15450700083832108
32768,0.08983181194712783
32769,0.031115862201841746
32770,0.5895141784197933
32771,0.04466550881389882
32772,0.17171076539716126
32773,0.055167949640059485
32774,0.06699380962670588
32775,0.10221231642284957
32776,0.07688336351460569
32777,0.386229485751967
32778,0.057268109676696474
32779,0.3163155300111073
32780,0.0978491706718073
32781,0.36305252378515557
32782,0.07898728594241353
32783,0.05092666048893302
32784,0.38901732179032933
32785,0.054692210361795474
32786,0.49147618337706317
32787,0.16842188230269675
32788,0.2256348112251834
32789,0.4128219390998532
32790,0.6179795381068881
32791,0.19679701795675483
32792,0.45053388386420057
32793,0.1455706824464412
32794,0.10762411818279598
32795,0.04829667486826327
32796,0.5903650092629326
32797,0.0646980047273473
32798,0.07094335485210622
32799,0.27210517773555853
32800,0.04210400169911397
32801,0.44790016095008733
32802,0.3616742058315081
32803,0.054183403765183456
32804,0.27115389212563784
32805,0.1192285441397744
32806,0.16797621750912697
32807,0.10221700726845545
32808,0.08458704962291201
32809,0.14659337190290522
32810,0.31442416982168664
32811,0.093505003539054
32812,0.05793054989265602
32813,0.057116075429649735
32814,0.04264917316686786
32815,0.44184492353519317
32816,0.29742899512858273
32817,0.1738249303062986
32818,0.49322307828634754
32819,0.142187181759515
32820,0.025400845323063807
32821,0.32345749997293716
32822,0.07010041983695069
32823,0.26792880152618237
32824,0.1303352451964314
32825,0.3819084368302899
32826,0.6091264119095087
32827,0.07337861919928802
32828,0.10800738545053913
32829,0.6758144103095014
32830,0.07793592330207884
32831,0.050851752699889466
32832,0.09151066155443004
32833,0.07387417275894496
32834,0.24007255572244124
32835,0.1778533051892573
32836,0.5106846900510507
32837,0.41620318253530236
32838,0.14173916685296561
32839,0.17526016471871236
32840,0.08378485539647568
32841,0.471882549805702
32842,0.059162369654095374
32843,0.6905613424209281
32844,0.06534054972096418
32845,0.03367382786710683
32846,0.1492307166004716
32847,0.2465673374257672
32848,0.200223716199316
32849,0.07448765796404147
32850,0.06605817284735126
32851,0.4182128731259757
32852,0.42550053128896
32853,0.05244449737127252
32854,0.24239366394362244
32855,0.08176268668522334
32856,0.10505804200310688
32857,0.09797758239719738
32858,0.2056105737319736
32859,0.06976543317954283
32860,0.3828307178841269
32861,0.11041018628800406
32862,0.3419349677547357
32863,0.08169149321019437
32864,0.08282773679505344
32865,0.07986049423054781
32866,0.053215077453670497
32867,0.3284305570405985
32868,0.20456646536805811
32869,0.0723681961179987
32870,0.17757497702038635
32871,0.1308372321695932
32872,0.1327219470472538
32873,0.4605794757353202
32874,0.02786495808606909
32875,0.05607898892925762
32876,0.7713478582705938
32877,0.04893675906298515
32878,0.11977418466105998
32879,0.027185335500775072
32880,0.4362722260360994
32881,0.2973250366623752
32882,0.26128543681722516
32883,0.10560646517219179
32884,0.07938112358065996
32885,0.5451698865176486
32886,0.06264539438026141
32887,0.12312556747228336
32888,0.16785571644548208
32889,0.42469547728820345
32890,0.07660057355038155
32891,0.5465347618281164
32892,0.1965460984292821
32893,0.2454795916810857
32894,0.35431194083013406
32895,0.22144946488541933
32896,0.08356242880271834
32897,0.17494312585789787
32898,0.3789318314904047
32899,0.3800137096951945
32900,0.2163988137832318
32901,0.22360142495536495
32902,0.10495644690487864
32903,0.25596309582211757
32904,0.06971192344048255
32905,0.03854856555073054
32906,0.3057293131380003
32907,0.6118386640431143
32908,0.5279707062677637
32909,0.290568148665777
32910,0.09150067378744801
32911,0.24496806843302224
32912,0.047254034353559564
32913,0.6411271185075424
32914,0.15027390378416663
32915,0.19227214950163127
32916,0.17687655601437954
32917,0.1346455432411111
32918,0.27805204139134365
32919,0.5236461879646459
32920,0.21293635139092706
32921,0.44541626077864405
32922,0.035582926341363875
32923,0.1894633287659919
32924,0.4210390775386347
32925,0.13036349273909392
32926,0.08684695861465473
32927,0.04260618424203793
32928,0.17746143358287914
32929,0.2301099431809995
32930,0.1123267874363243
32931,0.07892351721022818
32932,0.13382728635751026
32933,0.08618026109319771
32934,0.31022662671605217
32935,0.2483435283692997
32936,0.3100537708493404
32937,0.5739873840721864
32938,0.05272798201126029
32939,0.04664487120013868
32940,0.412639255111377
32941,0.08487211692034928
32942,0.12580853046978155
32943,0.06847269624039333
32944,0.3694882680153769
32945,0.1870713313559415
32946,0.07366548324226654
32947,0.07791253181399348
32948,0.33402597195349326
32949,0.08797235180923842
32950,0.15109791071068493
32951,0.4429520965516531
32952,0.6216679838928472
32953,0.15542624610931016
32954,0.18293092115356052
32955,0.3300881003929511
32956,0.630136481699224
32957,0.03850698483726178
32958,0.22498578023092033
32959,0.0627422292639723
32960,0.08171592412978645
32961,0.37140916136789587
32962,0.06578933275008889
32963,0.15268187755447094
32964,0.0743623431455795
32965,0.2941182660197085
32966,0.1649912815227991
32967,0.100468838978929
32968,0.08612033596714187
32969,0.07804913141344516
32970,0.05226423158519299
32971,0.033383152738917406
32972,0.13356038535075898
32973,0.4313718885860032
32974,0.072463213611318
32975,0.48941571637634135
32976,0.09043790499858564
32977,0.12097012208506491
32978,0.06885329751403102
32979,0.10632313728518605
32980,0.15162197509502914
32981,0.03211501237118538
32982,0.1442740357340394
32983,0.7014957717237672
32984,0.49729579617791253
32985,0.15782947313890305
32986,0.2277766963093382
32987,0.3085575932048549
32988,0.06382641732805369
32989,0.052370013605637734
32990,0.5880765281904069
32991,0.042712143226555054
32992,0.46120875191585375
32993,0.07399485188967106
32994,0.07697180995437435
32995,0.23057546358943615
32996,0.36513554979178425
32997,0.16706045310457227
32998,0.1109570764811886
32999,0.07841225091578073
33000,0.07242842040298533
33001,0.0808620173078059
33002,0.2428794032087668
33003,0.07340941790375156
33004,0.0916318725332653
33005,0.23681212669069931
33006,0.5888383004635777
33007,0.06646108732633164
33008,0.0783740464274532
33009,0.35605637879347896
33010,0.22181981598709474
33011,0.09569270284365897
33012,0.10494053945596674
33013,0.2551926278792341
33014,0.1051753624001467
33015,0.1613052065857574
33016,0.10347678211798822
33017,0.4886236930893015
33018,0.622857796742031
33019,0.76080656510161
33020,0.3273622874331366
33021,0.0446274710368783
33022,0.4930586154378411
33023,0.058533250651356464
33024,0.2133194298464085
33025,0.1951826780567855
33026,0.7461232076574984
33027,0.18842180108509798
33028,0.13910194341972218
33029,0.31197200163706146
33030,0.12319568359363307
33031,0.11735307178940116
33032,0.2967695885164191
33033,0.08348201984517813
33034,0.059051755689744356
33035,0.0325315591853929
33036,0.1159763820432562
33037,0.5148743418978281
33038,0.21958426148341004
33039,0.10877362298744214
33040,0.24159765443802267
33041,0.04991829669737345
33042,0.05047276192164625
33043,0.038550566962295425
33044,0.10608771355342193
33045,0.03471018830573664
33046,0.13848480633103943
33047,0.09658325620837349
33048,0.6062444512468383
33049,0.07879092125368557
33050,0.33565007563549054
33051,0.039683618611704136
33052,0.7376541759600722
33053,0.15808980650480164
33054,0.07968161948194692
33055,0.07609948546035729
33056,0.2454896311387767
33057,0.052705680038164754
33058,0.12035321449519733
33059,0.1393096752910446
33060,0.4413414203696167
33061,0.026023495174371854
33062,0.16378105340858026
33063,0.03713026913421425
33064,0.1646261515732754
33065,0.5575205737413621
33066,0.16773689744376113
33067,0.07635886711665764
33068,0.03771729820590124
33069,0.0892848029433305
33070,0.08318354393484706
33071,0.42199326858480474
33072,0.12968980690608423
33073,0.1825517512409874
33074,0.1270898299228504
33075,0.10207230146495805
33076,0.10467998295520899
33077,0.3450255021840742
33078,0.2917396754293178
33079,0.04747855162969402
33080,0.10842237758701279
33081,0.09013378312074988
33082,0.18552437310695033
33083,0.765903590954516
33084,0.3021667893119363
33085,0.388904782719072
33086,0.12330292256350334
33087,0.03420320808939983
33088,0.1299959014191615
33089,0.07738577002763455
33090,0.04117290331676122
33091,0.3034237228278957
33092,0.03876428226981383
33093,0.2546250559748089
33094,0.5515196486610039
33095,0.4247773320486908
33096,0.19660727304604766
33097,0.12324451707662787
33098,0.4676686962851584
33099,0.08528998527714497
33100,0.08121414315315614
33101,0.05458971890058233
33102,0.4704495055519972
33103,0.19907955094883734
33104,0.1287893425837248
33105,0.09446708823114422
33106,0.18455174428643067
33107,0.07705065605886201
33108,0.05372273428797036
33109,0.16765808708856586
33110,0.03913006612447267
33111,0.04071719456856154
33112,0.09948978829832394
33113,0.22381632306824173
33114,0.4122720025650794
33115,0.5579637406873116
33116,0.054314877055265436
33117,0.21050837123875119
33118,0.09303188645982656
33119,0.42599911504275356
33120,0.13846810137475532
33121,0.33162137867226177
33122,0.10984846280684733
33123,0.08944773539887842
33124,0.06783995285515296
33125,0.4966307717637531
33126,0.131593993993032
33127,0.40918686359317885
33128,0.05238130719465469
33129,0.3475867080986133
33130,0.04755532305379405
33131,0.12526234418456106
33132,0.4561185153367334
33133,0.28451010329473725
33134,0.10379002124264633
33135,0.19347611636360365
33136,0.6488203302655839
33137,0.06651759276185101
33138,0.5973122473856705
33139,0.13459056106124365
33140,0.05029739298223779
33141,0.3338134004345846
33142,0.07612765275756833
33143,0.1723391187610481
33144,0.28790447931864555
33145,0.09448824149748238
33146,0.08057895760682657
33147,0.04411108147255536
33148,0.4755184892393652
33149,0.3270221967191672
33150,0.11118893344558219
33151,0.15790276168125067
33152,0.237019390928472
33153,0.23058151402735044
33154,0.0764140828871552
33155,0.06634945087671501
33156,0.2308545942251941
33157,0.1515815567752248
33158,0.08274054455081581
33159,0.1139788101036177
33160,0.32976763037597384
33161,0.041678709490262665
33162,0.05353272353698946
33163,0.04036120944778156
33164,0.04341245574192052
33165,0.17682623608411843
33166,0.06550217195777754
33167,0.14355542770292648
33168,0.18084488412005537
33169,0.10842975707844554
33170,0.1854190889185082
33171,0.4129223734944311
33172,0.4519586370563722
33173,0.10570211627667483
33174,0.05730334303441624
33175,0.07348412985904419
33176,0.1159976969939396
33177,0.11622236289941949
33178,0.18666438917746705
33179,0.11714993409385092
33180,0.04713893611947176
33181,0.30795107464929233
33182,0.05250679055147284
33183,0.12356048597546564
33184,0.0949821881913617
33185,0.20543955982008547
33186,0.05877111971226386
33187,0.2681544121470629
33188,0.10823770170535398
33189,0.12633809896621268
33190,0.07281531256026148
33191,0.042933583249863246
33192,0.06171397855021541
33193,0.20150337946380975
33194,0.12448728888323887
33195,0.14016699942035293
33196,0.04827271459508712
33197,0.11950338009279148
33198,0.37672569358273333
33199,0.28893978126121717
33200,0.14582250126839913
33201,0.5783998802225234
33202,0.06261586779901371
33203,0.37112372238122077
33204,0.11483212179603988
33205,0.0766347055263354
33206,0.3104070118233831
33207,0.10883521176497626
33208,0.48654906082399796
33209,0.04804312796185017
33210,0.2275870242338775
33211,0.07149432650075695
33212,0.05211969149008284
33213,0.35340676012944233
33214,0.03579329168344312
33215,0.04438343263126828
33216,0.0737019519526318
33217,0.135476953510425
33218,0.10152409511049157
33219,0.2300613885822572
33220,0.24120916537444606
33221,0.2198680734530889
33222,0.6562493300853643
33223,0.41299333626715473
33224,0.28791667903624024
33225,0.43463867987175425
33226,0.05360346818105183
33227,0.03865364778297352
33228,0.5036250822224176
33229,0.09482276361437628
33230,0.038307142538778795
33231,0.06325199307234898
33232,0.05347945798685445
33233,0.360300226701351
33234,0.5409062471895364
33235,0.1239749639293748
33236,0.1670134649935032
33237,0.0500133434787208
33238,0.029119432036257546
33239,0.1343249795223596
33240,0.4019484762809785
33241,0.48157417656433166
33242,0.132812701440655
33243,0.6008603147902013
33244,0.5173858576343683
33245,0.22344027705135355
33246,0.8009682834655013
33247,0.08079405090702362
33248,0.22444397887824016
33249,0.03500640106914379
33250,0.25580549941892994
33251,0.07372022074136608
33252,0.6255352681868553
33253,0.6744768712651589
33254,0.09578199560780956
33255,0.11716198776644669
33256,0.12833737120780653
33257,0.04041930963702762
33258,0.10574148301237497
33259,0.18175068093292526
33260,0.4547424845883675
33261,0.2094686096164309
33262,0.5786544463665617
33263,0.05195838374935721
33264,0.15234176850758266
33265,0.21525404893686964
33266,0.06507332966459634
33267,0.08952345679565585
33268,0.33429047260586525
33269,0.11878148281062732
33270,0.09033261386540557
33271,0.25312375064195874
33272,0.36108166714252854
33273,0.22932068463076632
33274,0.03623449145254939
33275,0.578070835644173
33276,0.35861474629617024
33277,0.07116677428260546
33278,0.08066027834932536
33279,0.4351217822480723
33280,0.5278803652289082
33281,0.05308976410004879
33282,0.2217160178463008
33283,0.20911616857617524
33284,0.06223649848898513
33285,0.38146239140465
33286,0.09869113635207113
33287,0.43794707930311605
33288,0.09079207930265058
33289,0.21177824492997419
33290,0.3925483314816058
33291,0.039484795425351375
33292,0.15971487802424286
33293,0.17692668605160314
33294,0.1548834921258074
33295,0.19024499516765164
33296,0.25614688470631053
33297,0.20241478285663855
33298,0.058764291665668565
33299,0.19016577124011366
33300,0.4017963393963195
33301,0.1423106910609965
33302,0.13589324421591453
33303,0.7069826633774015
33304,0.08909555742101909
33305,0.2147788579509663
33306,0.028690432862260605
33307,0.15746099007749192
33308,0.043621813110016804
33309,0.12794088689081656
33310,0.10608585492014312
33311,0.11782649736149277
33312,0.05845817366588801
33313,0.1904892674274913
33314,0.09413361698745736
33315,0.11292332217541118
33316,0.11766647648754268
33317,0.10789899860394837
33318,0.10814107677632004
33319,0.17424281194119448
33320,0.16179352386181048
33321,0.05879403084566377
33322,0.17796310759893064
33323,0.08042585719970502
33324,0.04579797983244525
33325,0.17767323530352638
33326,0.16359293178313838
33327,0.057233112594373844
33328,0.24855092224521005
33329,0.06658145985611276
33330,0.13602739447943304
33331,0.13777653971060716
33332,0.20709623873347638
33333,0.05524667998342787
33334,0.08028301855849841
33335,0.46510099233257307
33336,0.10054430562109558
33337,0.14971794801758426
33338,0.03586480943178776
33339,0.06983422997542406
33340,0.2642831620058604
33341,0.09354590257640338
33342,0.5870528319118934
33343,0.1969990217697486
33344,0.4548121862382093
33345,0.16917063583849257
33346,0.09761498378767916
33347,0.5271030702433017
33348,0.1873526019323481
33349,0.2393180112300272
33350,0.10555304155393172
33351,0.2162116441113368
33352,0.10899008239707664
33353,0.10255453701863633
33354,0.520100835603955
33355,0.6343590695897743
33356,0.14719405365199228
33357,0.6657879689384096
33358,0.4009174199262955
33359,0.16345949303257054
33360,0.04832034640973732
33361,0.4766643038906916
33362,0.06325619802943643
33363,0.1071017790683842
33364,0.11961720833094538
33365,0.685440976963011
33366,0.10175214744535885
33367,0.17919990113121495
33368,0.13468317520686582
33369,0.1953121985464942
33370,0.11856229128730583
33371,0.700545117581859
33372,0.1589237393094483
33373,0.21372968577085089
33374,0.08799441120719008
33375,0.049482326678138046
33376,0.07682632845208559
33377,0.18006757337605173
33378,0.10064478567460947
33379,0.3056830623161458
33380,0.4868763914762578
33381,0.36025484388991874
33382,0.315940882693403
33383,0.06571984310246612
33384,0.20338412292680105
33385,0.1921799857308505
33386,0.11746291140328569
33387,0.03838351177800034
33388,0.11190962243187241
33389,0.06355392319706868
33390,0.11375410752958383
33391,0.23313396171641662
33392,0.5048885715436171
33393,0.22611165892503934
33394,0.055378319899967575
33395,0.22701329886771784
33396,0.14315595016298188
33397,0.06609457271998838
33398,0.350950032041013
33399,0.20696862009198783
33400,0.2553679109678353
33401,0.05522984609163855
33402,0.6621994040087659
33403,0.12532564270662194
33404,0.028732893358717457
33405,0.30726970683644195
33406,0.2459812573936657
33407,0.6306133844867314
33408,0.06043636646535094
33409,0.08836668979217233
33410,0.06453403183840131
33411,0.061509937205200274
33412,0.4262257359876704
33413,0.11490476434626984
33414,0.2480935731334438
33415,0.39610254867259087
33416,0.05046480542906855
33417,0.3920216771185147
33418,0.03689122519337099
33419,0.5769634684423114
33420,0.31320223960379084
33421,0.17337380902520516
33422,0.18577460259504838
33423,0.06675156176582203
33424,0.07229597808907585
33425,0.036616042337779944
33426,0.09716400078633741
33427,0.11386574393491751
33428,0.06182470860717931
33429,0.1638135842788079
33430,0.38242641748250494
33431,0.3803327963133736
33432,0.2057285966327355
33433,0.8571957946253493
33434,0.10330510521738968
33435,0.46035911993798795
33436,0.16000220875288826
33437,0.1189960633172209
33438,0.117193303987854
33439,0.11250586660273548
33440,0.15071188211957143
33441,0.12400544605677934
33442,0.11691104851035682
33443,0.17434114793616173
33444,0.13550154697240235
33445,0.0852734616548654
33446,0.5869538015378772
33447,0.1748612971152365
33448,0.1527880928025314
33449,0.07519692774659742
33450,0.09228706886508597
33451,0.06471973199967236
33452,0.21315150554934384
33453,0.48726506421036525
33454,0.6373812194065387
33455,0.14322590949127706
33456,0.22046039655499494
33457,0.1388950264380242
33458,0.35187665564513215
33459,0.16939198825023558
33460,0.05773536807992144
33461,0.20704662653634792
33462,0.31966114204745644
33463,0.05170519160876244
33464,0.12032882477266568
33465,0.2546726463614019
33466,0.25932589102804743
33467,0.5473876877222423
33468,0.21032244014038792
33469,0.13821160427153312
33470,0.06367960691904896
33471,0.041849513873138025
33472,0.47846704492763764
33473,0.3062503495265037
33474,0.09327835387547755
33475,0.12186389964502439
33476,0.07519107025295198
33477,0.42208234850098164
33478,0.17743012117210552
33479,0.3597731079237641
33480,0.05656650884395321
33481,0.36690558674854545
33482,0.08834612014729634
33483,0.026056277053628545
33484,0.037336697810682114
33485,0.06220647824386616
33486,0.318124103560197
33487,0.09132529418348181
33488,0.43160142448002053
33489,0.1962977049040567
33490,0.19423165838696868
33491,0.14277551581838466
33492,0.09988532912529278
33493,0.1905873224518909
33494,0.7410893869719622
33495,0.17250502538723686
33496,0.11405125286513905
33497,0.1305641263735932
33498,0.10620996213053462
33499,0.09319580718915747
33500,0.12552188382209112
33501,0.04606525504453234
33502,0.045299700095889656
33503,0.2788793084108885
33504,0.02184959311810175
33505,0.30867995290008615
33506,0.1708181116564278
33507,0.08229305211610392
33508,0.19379620322182442
33509,0.275915629402512
33510,0.47339693749157497
33511,0.5018562176418704
33512,0.13955798435622754
33513,0.05885471762648181
33514,0.19003016486206065
33515,0.25701327702845755
33516,0.06212467700851799
33517,0.13495142913729535
33518,0.06273664655439025
33519,0.2599072955964705
33520,0.08668725521314602
33521,0.155719763566117
33522,0.09013013476546285
33523,0.08106961959856036
33524,0.1734697025103837
33525,0.053641388351872314
33526,0.3257497708688014
33527,0.5697296131527516
33528,0.12638031011090997
33529,0.09447489083839705
33530,0.16006461287941462
33531,0.17615520033809182
33532,0.08025100720321782
33533,0.031422034068905466
33534,0.06032757145944671
33535,0.10078323791531256
33536,0.13227056697236209
33537,0.1698426433987805
33538,0.18851285336803109
33539,0.09186417857272731
33540,0.046122305725535946
33541,0.11671194036473978
33542,0.09036612351950299
33543,0.1955413692058473
33544,0.05797068993017676
33545,0.21184766839357191
33546,0.2262830172592552
33547,0.09552784953454045
33548,0.08520374308124061
33549,0.06410925315671535
33550,0.08552419610184593
33551,0.06164190417643776
33552,0.2254127982420788
33553,0.06305998132736076
33554,0.08879110066498613
33555,0.20156172811645265
33556,0.09009861680274149
33557,0.3985238620162231
33558,0.10115337627394802
33559,0.07438327320448543
33560,0.09109883022415129
33561,0.09051371000718329
33562,0.15349265690344488
33563,0.0423798238503575
33564,0.11932061758777938
33565,0.09581393478727893
33566,0.23175766534611866
33567,0.06257359564631794
33568,0.19085731298614642
33569,0.12925710662997303
33570,0.5568357105439018
33571,0.22159980973790275
33572,0.08771263005184889
33573,0.04333634615602267
33574,0.23685432386894698
33575,0.1068056355953427
33576,0.3958365933953848
33577,0.29973972310428
33578,0.13260465941814778
33579,0.1107398621395316
33580,0.08515617724488483
33581,0.23152766703704533
33582,0.455493500516601
33583,0.32442787566359715
33584,0.5024563728537765
33585,0.49599807292224685
33586,0.06230775168711439
33587,0.07558111341747333
33588,0.03389601650242762
33589,0.06372513230810115
33590,0.1358043973179053
33591,0.16000698128530708
33592,0.0525942101357918
33593,0.33546991653336367
33594,0.14637964682504281
33595,0.22498155017327268
33596,0.06065129343964145
33597,0.3950750162862467
33598,0.5836981973198356
33599,0.09217374589476166
33600,0.06798387991710093
33601,0.43759591929409214
33602,0.4471693026972788
33603,0.09619530976111572
33604,0.3885548643449378
33605,0.1409512808810435
33606,0.5355734207539902
33607,0.6567886001902655
33608,0.13538090107109788
33609,0.10900199135436632
33610,0.09887183977655196
33611,0.33824239722384764
33612,0.11960469305402785
33613,0.46993779201860736
33614,0.5273637707898832
33615,0.14618784008105037
33616,0.4857632171548384
33617,0.09003146631399657
33618,0.11257253584176993
33619,0.07949861541969455
33620,0.02609458156788689
33621,0.16430983174015903
33622,0.5718379598792811
33623,0.08249836660146602
33624,0.07721383900982129
33625,0.06484437487724967
33626,0.34583763532460887
33627,0.12407508110061191
33628,0.10262120012355046
33629,0.19028631697726872
33630,0.07261671310053282
33631,0.14487252985972818
33632,0.14002742723102132
33633,0.03848373250245264
33634,0.22210237139477892
33635,0.04207362416883297
33636,0.12957559023149454
33637,0.2536439592544403
33638,0.039610158912621415
33639,0.11693019817971369
33640,0.5217888620353275
33641,0.31849296721861375
33642,0.14787197485899864
33643,0.07434202761513005
33644,0.4732698176498824
33645,0.16876403539963475
33646,0.033400591629743764
33647,0.39725951037497276
33648,0.5660142722456072
33649,0.10348229732419664
33650,0.4927217016433899
33651,0.1654942259351025
33652,0.06648962354713664
33653,0.07039115810090035
33654,0.11131844445562175
33655,0.0863104105546079
33656,0.03925180967805664
33657,0.100873675738682
33658,0.6926956029527102
33659,0.1541193213781418
33660,0.3232057099202871
33661,0.21944202268049912
33662,0.6303271339306488
33663,0.0731007034758785
33664,0.14646383707525024
33665,0.2562730188493765
33666,0.08492430348009307
33667,0.06355255545035056
33668,0.5845079373593847
33669,0.28049789718559415
33670,0.10232214450028343
33671,0.10380692513148003
33672,0.36947869279188145
33673,0.06203466380475651
33674,0.07891881950650717
33675,0.07699039674523091
33676,0.39883636165426745
33677,0.0700438547094949
33678,0.04923924638290722
33679,0.06083335668054981
33680,0.20726766678615963
33681,0.2112794612333536
33682,0.05461262940667171
33683,0.04326117636571371
33684,0.37405249493404147
33685,0.13424104762158454
33686,0.08188963489894582
33687,0.48108701872665327
33688,0.08261571339655029
33689,0.2075075808888716
33690,0.24007902892822097
33691,0.13167544144686052
33692,0.08018466356270156
33693,0.37133404418322624
33694,0.45180036726446826
33695,0.2244565340563778
33696,0.37535447300982644
33697,0.21553912528608668
33698,0.19206305526018957
33699,0.4225403017165473
33700,0.21417465332458457
33701,0.042622264282660235
33702,0.20524321530554102
33703,0.2287898330127715
33704,0.0403947023695827
33705,0.1589984713179409
33706,0.1655413313863729
33707,0.060390270257759615
33708,0.26838747750688635
33709,0.07778566335143983
33710,0.1510576962484832
33711,0.12782049709173918
33712,0.08097955244673855
33713,0.18967034370111902
33714,0.18509092177946568
33715,0.1593584735598444
33716,0.5954714286019861
33717,0.12539763497141274
33718,0.053756167691245756
33719,0.08266995768721702
33720,0.04851063067382496
33721,0.1437590763827868
33722,0.07463380451618658
33723,0.7258748017499128
33724,0.08400456254570289
33725,0.11837379230928152
33726,0.11854012714940104
33727,0.21747811655356122
33728,0.16548037310480235
33729,0.2351976295037341
33730,0.06193998708336525
33731,0.0915906519602278
33732,0.08206177743399855
33733,0.05361097403438722
33734,0.5091900635760068
33735,0.06640090688218811
33736,0.07083210132247447
33737,0.19497163798297693
33738,0.5088447772286083
33739,0.060629856079813846
33740,0.17919938688127607
33741,0.4439586600518979
33742,0.20478559875904653
33743,0.09919441867098085
33744,0.22501722057042012
33745,0.24741620693262167
33746,0.204061874040164
33747,0.1347803969967838
33748,0.11571314882158537
33749,0.8645696667281476
33750,0.5032715987251698
33751,0.7290758759688144
33752,0.49327627544294167
33753,0.079833360739628
33754,0.44641861573548086
33755,0.23843196247108087
33756,0.11075847556130634
33757,0.2935960030335382
33758,0.5569981030811065
33759,0.05068457308739632
33760,0.12387069882416178
33761,0.1702482712692777
33762,0.23217586012720148
33763,0.525625933140835
33764,0.23830614648250215
33765,0.25585212846246963
33766,0.034568808994749026
33767,0.17418466911108427
33768,0.47966039294303947
33769,0.13366005593005412
33770,0.362376341174304
33771,0.24023418653310638
33772,0.10585189858715327
33773,0.13043414219057572
33774,0.04444480745399374
33775,0.061834380882999466
33776,0.38717701261729826
33777,0.13130465742168607
33778,0.06966255524862454
33779,0.09068224033116956
33780,0.10187177513311896
33781,0.03316423909835123
33782,0.08607728961923256
33783,0.09773176097939233
33784,0.0788742516581572
33785,0.09393932527819378
33786,0.13089687949570677
33787,0.08603318789836442
33788,0.18261346058300112
33789,0.058962361266694574
33790,0.0752003739661039
33791,0.06954427063435592
33792,0.03794202095281669
33793,0.40571488055139376
33794,0.14362406452747806
33795,0.4590878340520293
33796,0.5059422440385556
33797,0.2480085740143252
33798,0.06415295743251659
33799,0.23509023243194194
33800,0.15481461423956364
33801,0.11704121675327622
33802,0.11859771242662862
33803,0.18789903068295422
33804,0.09354341384113386
33805,0.791287439013286
33806,0.05170530279900767
33807,0.11499916988583135
33808,0.07384140970404787
33809,0.05078994308977818
33810,0.16336115545436355
33811,0.1279197017880965
33812,0.039554783839981435
33813,0.4502878318078475
33814,0.07397552965877759
33815,0.30890777235976724
33816,0.13122967118966114
33817,0.15474150217514937
33818,0.6234924563801109
33819,0.63855833715275
33820,0.06626681119088108
33821,0.42515454771973576
33822,0.2207392671531222
33823,0.04518067010458312
33824,0.09233670868641287
33825,0.19520252591969553
33826,0.12990106624425754
33827,0.20578452370956718
33828,0.5655530428050151
33829,0.4953799058167262
33830,0.30716885656234355
33831,0.45182670017408944
33832,0.42108509811501954
33833,0.06887582610185775
33834,0.060582056122165634
33835,0.0373333247172856
33836,0.06781621444885533
33837,0.048470655583362394
33838,0.043828570118323126
33839,0.18701448671766663
33840,0.04700214283201006
33841,0.5161146051394897
33842,0.08169766251839963
33843,0.04848140364633232
33844,0.11684794036732764
33845,0.4880053559683488
33846,0.07491712488348644
33847,0.19895560918581945
33848,0.10709782709994937
33849,0.159005950341898
33850,0.062461558154974055
33851,0.043650858579187046
33852,0.49430154165523876
33853,0.10082601430787745
33854,0.04522203949429377
33855,0.43956325977014254
33856,0.06238456318542096
33857,0.0719358878518397
33858,0.2053592989577578
33859,0.08765670426305197
33860,0.12471719849547683
33861,0.36833666821550326
33862,0.11171729911373957
33863,0.05995848929420126
33864,0.232226593085279
33865,0.049431908969118366
33866,0.5047486763118196
33867,0.2842746376628694
33868,0.10194032930970005
33869,0.030106590323463845
33870,0.06243232339453622
33871,0.11736494138156056
33872,0.2721112963125308
33873,0.03282976575864964
33874,0.21411821392310876
33875,0.7685349142703715
33876,0.03664335322871668
33877,0.4680343086633178
33878,0.38880695221546724
33879,0.04164706491733006
33880,0.07129301025039907
33881,0.0466564580998239
33882,0.10965910315442948
33883,0.17416927316796396
33884,0.18266886681284428
33885,0.17882908104582043
33886,0.10305939849888128
33887,0.17727449290966038
33888,0.22642746746553294
33889,0.16413037060561161
33890,0.1116715823411971
33891,0.20219123950971415
33892,0.4436189160078142
33893,0.08556235547519965
33894,0.7265517040012137
33895,0.10158198612243148
33896,0.2329181170888362
33897,0.09815304707005172
33898,0.08859778935351424
33899,0.13840593876350313
33900,0.061715269657708176
33901,0.0769081751783087
33902,0.09663621895074397
33903,0.13701073216237894
33904,0.2290250764685384
33905,0.20855215603289287
33906,0.519733213215353
33907,0.11333513192073533
33908,0.04567883769486421
33909,0.10105786223325634
33910,0.46961248863715943
33911,0.30833003635810263
33912,0.048836587632364974
33913,0.45303671972349835
33914,0.07371484635554557
33915,0.6365634466722809
33916,0.641692922093982
33917,0.07426303898916096
33918,0.19860289729935757
33919,0.07751507928974627
33920,0.627441228854931
33921,0.22512936152301563
33922,0.3049982728019522
33923,0.2669572043477345
33924,0.06548419101891348
33925,0.09900566071473843
33926,0.061881211272458145
33927,0.45632360172180864
33928,0.04127606848180242
33929,0.03935782467537034
33930,0.3152542539241489
33931,0.11546729017997885
33932,0.2805152018006175
33933,0.624822899634284
33934,0.3583587952951742
33935,0.08869477542005018
33936,0.10678267628188633
33937,0.27202621834150764
33938,0.5966045522904637
33939,0.7193627833636888
33940,0.06791917038296784
33941,0.0899729252584746
33942,0.04747442154844845
33943,0.2314663882586059
33944,0.08838883654594691
33945,0.12281456566338093
33946,0.08994648787236188
33947,0.12297157452201998
33948,0.08557119563844964
33949,0.6944953585852646
33950,0.03489831849747267
33951,0.19631657386750725
33952,0.031040395513312564
33953,0.09923713342606391
33954,0.7511685938082665
33955,0.6608443001229547
33956,0.0929360800702783
33957,0.08863338633314069
33958,0.07108034103312909
33959,0.4063458073446504
33960,0.10604317013723023
33961,0.031980689535284365
33962,0.34358951954822503
33963,0.020117924983746635
33964,0.09628120695802704
33965,0.6609771077347444
33966,0.5032694241167359
33967,0.2412792883413541
33968,0.4367207349262001
33969,0.22829969222004345
33970,0.15425013747836477
33971,0.11283152105447548
33972,0.10608132712834652
33973,0.06655315143445864
33974,0.05101777130928593
33975,0.0808405837011471
33976,0.2598907395534861
33977,0.2152280046266514
33978,0.11514570232531504
33979,0.062208475367191055
33980,0.06392922793512418
33981,0.24538724756139502
33982,0.1042469586718241
33983,0.6484490044945428
33984,0.09986159529593722
33985,0.08072672065655938
33986,0.05271658702214403
33987,0.11652371639598139
33988,0.3929703492080425
33989,0.054669217036768115
33990,0.125053716323157
33991,0.04335267606009717
33992,0.08693762646383445
33993,0.0634121140893452
33994,0.07131515333584565
33995,0.3928101535865199
33996,0.14480097806711315
33997,0.2358118591197641
33998,0.24509722855339955
33999,0.3519725796545152
34000,0.09006279243294607
34001,0.5506912373817707
34002,0.2115330160201752
34003,0.1388217226287432
34004,0.7678679665471906
34005,0.11150356685366847
34006,0.090941261729412
34007,0.20171589903176573
34008,0.2024821231644207
34009,0.05386261589066012
34010,0.10268077400550883
34011,0.548535053125848
34012,0.2979502934062863
34013,0.033977077742951764
34014,0.6072351996847571
34015,0.03400503833545281
34016,0.08222727269753248
34017,0.07091901427809094
34018,0.4376918327974935
34019,0.2842011901440625
34020,0.10278884353788169
34021,0.1499182496702068
34022,0.4442961095104021
34023,0.26649966163630234
34024,0.0528705452226901
34025,0.10008636206263076
34026,0.09864695327058667
34027,0.13568581685843847
34028,0.2631133621169735
34029,0.12538399595855912
34030,0.06518182966173039
34031,0.06790535166983945
34032,0.4528153100533063
34033,0.7094771433953299
34034,0.09845003940893517
34035,0.32843009704814025
34036,0.39204078643930673
34037,0.17010014438243498
34038,0.0589920369519303
34039,0.18281247117622543
34040,0.2008567401497142
34041,0.2362806050093341
34042,0.6102358551152781
34043,0.6506096690995103
34044,0.06866872266065817
34045,0.05094793873348687
34046,0.0546031192788432
34047,0.2345696175829334
34048,0.27005752819579487
34049,0.05407420289380291
34050,0.31668073098995153
34051,0.14894199848986778
34052,0.12831330425530896
34053,0.1236332657082211
34054,0.405414663298474
34055,0.08891214497155366
34056,0.19506189377589386
34057,0.45939797137110694
34058,0.0808414385012306
34059,0.6645737254051602
34060,0.17483321065142357
34061,0.47595474913141317
34062,0.08249175919102654
34063,0.5030782091724675
34064,0.30263468761182
34065,0.08845191504312162
34066,0.10073068533015252
34067,0.5069962164205467
34068,0.0374480618707203
34069,0.09862191312287782
34070,0.07622799497955499
34071,0.11828834724357658
34072,0.2570535461446828
34073,0.5925035614949133
34074,0.09749604717120239
34075,0.1905848251180843
34076,0.0916921719827815
34077,0.7451580207200783
34078,0.0389568121275212
34079,0.28606990835982476
34080,0.09825970371918066
34081,0.39816930687230057
34082,0.29577416738136975
34083,0.1034958257697266
34084,0.10669297802733271
34085,0.15335297653971247
34086,0.07008799019753383
34087,0.5539164222653177
34088,0.04443784639241303
34089,0.09973079675933305
34090,0.18644759562702137
34091,0.15104080032058134
34092,0.18052665217673863
34093,0.19145381040137535
34094,0.42808265459576916
34095,0.07921947455582753
34096,0.16884330399542188
34097,0.12467063783447069
34098,0.05072803217968538
34099,0.09955458836132186
34100,0.3838389972833156
34101,0.047740766961198354
34102,0.08396583617893898
34103,0.05750846645294599
34104,0.05094538493363858
34105,0.06297287925350709
34106,0.22328475337732967
34107,0.328138587652183
34108,0.07613431655279455
34109,0.1398485426066028
34110,0.05161191661134057
34111,0.031212350133030208
34112,0.19939945587032298
34113,0.36540801840250337
34114,0.05752526132591984
34115,0.06749385784263232
34116,0.49233307035432344
34117,0.28588654460966345
34118,0.0960329407969332
34119,0.1444097888531104
34120,0.034323777284533834
34121,0.09001399453742304
34122,0.6189760716598336
34123,0.04754705702497862
34124,0.4685682267627794
34125,0.07650854657913486
34126,0.13762878861188776
34127,0.1335414848870835
34128,0.20418457580194785
34129,0.10865955455245384
34130,0.44309690576504274
34131,0.08868672865282318
34132,0.08618267140153602
34133,0.07380205412687138
34134,0.3908643767384921
34135,0.3485928688630355
34136,0.1134881699456245
34137,0.2773892136926704
34138,0.63879638429642
34139,0.10637569549969957
34140,0.14788572417407136
34141,0.4009213595002005
34142,0.2870176777524632
34143,0.10759072015198705
34144,0.6931100778013511
34145,0.37131181695662135
34146,0.7365562120950664
34147,0.07853743584206313
34148,0.3085257143634909
34149,0.09930970218241046
34150,0.19321747468528913
34151,0.09828722257839069
34152,0.11440111405639163
34153,0.19002656561791714
34154,0.13111847347343744
34155,0.0425302272036255
34156,0.08018369040214678
34157,0.20202415661709794
34158,0.1393179315806446
34159,0.25131773613759567
34160,0.0632890066975828
34161,0.27216438285298167
34162,0.09466089090406275
34163,0.07130481876558041
34164,0.06794708766103096
34165,0.1785192060325694
34166,0.25673424410267665
34167,0.3824744968556153
34168,0.13237316116809486
34169,0.1791379861765459
34170,0.5032323820727495
34171,0.05628874695411421
34172,0.059744956698168795
34173,0.052954900388061374
34174,0.04966869478724833
34175,0.32778764093175594
34176,0.15957160580610832
34177,0.11584519534891674
34178,0.04914855009844046
34179,0.20791079139202284
34180,0.0531960353229709
34181,0.20902490844596752
34182,0.20395260391511535
34183,0.025038130651780007
34184,0.10763690190343922
34185,0.10069921025934611
34186,0.09373392457131662
34187,0.2392411756099071
34188,0.13782970340923298
34189,0.088215037848673
34190,0.18415345498265895
34191,0.08049167173365165
34192,0.3914998768701081
34193,0.1938379046603577
34194,0.09029437011394183
34195,0.7321349306179009
34196,0.048893742503864766
34197,0.7388942630658697
34198,0.20526692704870936
34199,0.09041543555421755
34200,0.2247170592213704
34201,0.15002526250067583
34202,0.08093479603114923
34203,0.0950803968607883
34204,0.19449469581946074
34205,0.49627140969765304
34206,0.14044696470121495
34207,0.08474148983952097
34208,0.16488729861652468
34209,0.26054153629349497
34210,0.45565382422708384
34211,0.4370929617502731
34212,0.09681779788753968
34213,0.29964444681738067
34214,0.5012186659381502
34215,0.07604261904816595
34216,0.20260820433549187
34217,0.1405282433299892
34218,0.09713423750855478
34219,0.16347889002516933
34220,0.25888728160958685
34221,0.24073985260265368
34222,0.5448784584328109
34223,0.1259030598985829
34224,0.24695463645827304
34225,0.1018534818862487
34226,0.035926851926436916
34227,0.035907276815173805
34228,0.06718641829178518
34229,0.15895943698978907
34230,0.09231293577415609
34231,0.16933709849059697
34232,0.07941055562973487
34233,0.10115084610193459
34234,0.519947618981517
34235,0.3741542196088325
34236,0.05252582060166932
34237,0.2609340537510484
34238,0.05305397808088112
34239,0.1386372770922837
34240,0.0554913763676997
34241,0.25824031311031387
34242,0.16792368984977996
34243,0.06777823480070659
34244,0.4069009145145765
34245,0.6444216226143553
34246,0.19060697162061452
34247,0.08212906849604656
34248,0.12196961660382355
34249,0.05336490047103235
34250,0.31032146451912906
34251,0.08947436521856837
34252,0.7264196207446688
34253,0.0593753458678146
34254,0.29149167833035805
34255,0.1733906835372112
34256,0.10998257409922539
34257,0.12461424746366291
34258,0.06179685559829807
34259,0.03652270696396559
34260,0.13411370618039625
34261,0.047951078969310154
34262,0.6745980143090053
34263,0.2497409765837009
34264,0.09858841376090248
34265,0.09625619499326649
34266,0.5110696146501723
34267,0.6791974194877305
34268,0.05325283682764663
34269,0.06935120794770472
34270,0.21554883340900063
34271,0.04674614705726201
34272,0.15025590375414505
34273,0.23525999545085569
34274,0.09138742961126023
34275,0.5130124656877371
34276,0.39161563383096176
34277,0.39768015390687805
34278,0.3050792590738535
34279,0.08571300391242508
34280,0.07414889613531565
34281,0.27245914254008574
34282,0.3057601519645747
34283,0.5314892773158085
34284,0.23332621497142994
34285,0.055487048530948414
34286,0.17194290582128882
34287,0.23877617495346926
34288,0.47505551697270876
34289,0.08195485605670945
34290,0.574382300933587
34291,0.12604179839044746
34292,0.14854800512327782
34293,0.2295477880567709
34294,0.04508853711743313
34295,0.15758682385704081
34296,0.10132825652668195
34297,0.5989855153658167
34298,0.07544005472325475
34299,0.07053708626397247
34300,0.2311205691550655
34301,0.3327812280718561
34302,0.13746105364374248
34303,0.13351811592898166
34304,0.03937948113559724
34305,0.037650655252893156
34306,0.29744477888763843
34307,0.08805358735716362
34308,0.04329739706690218
34309,0.08255857752354491
34310,0.08129166509646707
34311,0.07842717410112175
34312,0.06613946077592466
34313,0.5352629342785142
34314,0.16214499635317264
34315,0.13757448510363632
34316,0.685256636635738
34317,0.07145474015466632
34318,0.21834359203044865
34319,0.26912620136736737
34320,0.0827425897682539
34321,0.0954785008905985
34322,0.2125681466111902
34323,0.08388318423508528
34324,0.5113694900568362
34325,0.05796842789621178
34326,0.12809297625840535
34327,0.5973135677942677
34328,0.09338348878258865
34329,0.12988925260142425
34330,0.5478132476042156
34331,0.4159743986134903
34332,0.30834622608189166
34333,0.09231010088944135
34334,0.42136470553823957
34335,0.04358391042349811
34336,0.06603784836048057
34337,0.38952105563453204
34338,0.6586849493987476
34339,0.06776676012013819
34340,0.09100189600230006
34341,0.09953878622776202
34342,0.25326386217175884
34343,0.07449328332546797
34344,0.26343012686294937
34345,0.0776619132722826
34346,0.09322836412723345
34347,0.1822374697631462
34348,0.10595149907731904
34349,0.3482034971165018
34350,0.09333655746796453
34351,0.04709923473096691
34352,0.19653444081427646
34353,0.1122050409499945
34354,0.2687053696743281
34355,0.3404119240914369
34356,0.4349232918270255
34357,0.4013624860851429
34358,0.12755274318040086
34359,0.038915046799457675
34360,0.07929790184899686
34361,0.0951006174177992
34362,0.08175785435369957
34363,0.44794606622334
34364,0.2983867321166247
34365,0.5374127902186311
34366,0.1020672066786793
34367,0.18842074673701434
34368,0.07959269160373432
34369,0.14741547995281806
34370,0.07511539533890278
34371,0.08563593910087207
34372,0.038481740755120175
34373,0.20545677630538672
34374,0.09693635374810519
34375,0.09437969872876029
34376,0.3187145883543713
34377,0.23173065135794738
34378,0.1385316604351161
34379,0.16234573433453553
34380,0.12743714228625547
34381,0.10074114741723633
34382,0.3083209850113056
34383,0.06714272200877411
34384,0.28374776179878725
34385,0.11548269541840578
34386,0.37977571092630796
34387,0.041354717226030055
34388,0.3964733196036551
34389,0.4438517590034209
34390,0.4824241305318961
34391,0.11269289803206012
34392,0.08817599402433526
34393,0.12108538330710471
34394,0.04327843571778807
34395,0.21640568370382798
34396,0.06894909792181222
34397,0.06712018182676324
34398,0.48212293622565805
34399,0.0841477517914746
34400,0.7682559382006877
34401,0.2517031767666332
34402,0.062419211099327694
34403,0.09038079543233694
34404,0.062382896258958535
34405,0.07826635598434863
34406,0.6406586638659899
34407,0.3800485852518871
34408,0.08570529687673777
34409,0.08383623664635832
34410,0.17284652483318996
34411,0.07868221788129284
34412,0.17530381045394883
34413,0.038749071281990774
34414,0.7848718600952622
34415,0.05719389318242931
34416,0.1871210759114575
34417,0.1015137409142669
34418,0.2800450355526346
34419,0.07284602527048752
34420,0.05792975332754858
34421,0.29934376365373666
34422,0.08337663051264933
34423,0.1728488639656139
34424,0.0991065571278187
34425,0.06058541353665073
34426,0.03967399624587493
34427,0.7428324811843666
34428,0.06930599847501104
34429,0.1114773445552144
34430,0.4812703138015624
34431,0.07659872552537073
34432,0.06046336693966127
34433,0.3753925509833879
34434,0.5522610237439164
34435,0.47401422812798233
34436,0.18307732386349662
34437,0.05231066136141316
34438,0.09902886001902217
34439,0.07490977495297742
34440,0.1256771631893492
34441,0.1123262418157176
34442,0.07448637661743603
34443,0.09175338750638895
34444,0.09547340782387594
34445,0.031246694347001173
34446,0.05068739059804637
34447,0.13595995072742298
34448,0.12643698231308842
34449,0.07351152324190338
34450,0.38103747742334143
34451,0.11578573063997309
34452,0.6854752688085204
34453,0.21337382471901017
34454,0.1681595901659197
34455,0.2942317663010272
34456,0.10806044853268422
34457,0.4242082145418456
34458,0.10717444901276676
34459,0.23165323102388072
34460,0.4412523993709748
34461,0.1771534713002319
34462,0.06264645664021401
34463,0.31247422058842333
34464,0.04218128140765752
34465,0.055557274639104294
34466,0.04790432748451679
34467,0.37819585685366447
34468,0.6061449815569824
34469,0.24380185838306828
34470,0.6351054608225074
34471,0.0630081953104495
34472,0.7244605509895056
34473,0.05756452671832315
34474,0.04534325676053876
34475,0.06369285238598803
34476,0.2358361566410386
34477,0.2241318816435837
34478,0.2646791988973088
34479,0.05444126555889839
34480,0.08794763735836611
34481,0.21220322802457872
34482,0.23612282459195924
34483,0.4267398089601246
34484,0.07425836583558522
34485,0.42820033536347957
34486,0.1293914964509369
34487,0.055992646477005116
34488,0.1133734554890688
34489,0.07137719531048696
34490,0.22349551323739178
34491,0.0813048105200186
34492,0.1340488313177382
34493,0.10113159025026862
34494,0.27226207633038313
34495,0.09203360610794399
34496,0.29795724122826756
34497,0.4682346947963806
34498,0.05181336518463
34499,0.24707262718676357
34500,0.11791292504281775
34501,0.47620939799235024
34502,0.04805409897060926
34503,0.0966489946017357
34504,0.17900889410457335
34505,0.06472161952644008
34506,0.05232011968067078
34507,0.0493125109402766
34508,0.12043999256668086
34509,0.4325418237949275
34510,0.04776813855003283
34511,0.1308083075459407
34512,0.06674865889467631
34513,0.362393418061142
34514,0.057302193350475907
34515,0.0889029022898732
34516,0.23688679203511867
34517,0.15917928197238562
34518,0.09414162019743541
34519,0.06432675011757658
34520,0.11253211005128534
34521,0.6128423411426701
34522,0.39338345900425237
34523,0.16565087033940437
34524,0.39434320048543164
34525,0.049901430670526305
34526,0.373659343032374
34527,0.03987439496668541
34528,0.3218913049747325
34529,0.2960453038178786
34530,0.14490554567706865
34531,0.04871796744325343
34532,0.08471276092916159
34533,0.09448679051623396
34534,0.06551934061246807
34535,0.10326679553964237
34536,0.2407399219307244
34537,0.10702374400060406
34538,0.3885275045815157
34539,0.10178298908827971
34540,0.06503742274620244
34541,0.26239905911431227
34542,0.48548921185874727
34543,0.07876881470841346
34544,0.10123353375747325
34545,0.4296547504594803
34546,0.22880458661136188
34547,0.17988183032305916
34548,0.12710691257119
34549,0.06916397348473209
34550,0.10418549505735847
34551,0.38908184919628264
34552,0.04435607368679077
34553,0.7688710874482405
34554,0.13475019946031122
34555,0.09075323675705778
34556,0.059374080020301
34557,0.4688589682002051
34558,0.2540436070127775
34559,0.02625377555745748
34560,0.2277019740207882
34561,0.07011949596760811
34562,0.04534608035246882
34563,0.0728802219622938
34564,0.198239691677232
34565,0.36384609003274343
34566,0.10937662395641806
34567,0.1455476090645786
34568,0.16079648033709018
34569,0.10799823728331098
34570,0.25763713310984404
34571,0.5871348651019326
34572,0.24216002794154798
34573,0.07314518405711935
34574,0.0990320270273776
34575,0.18627807862446527
34576,0.28628129590884355
34577,0.11819194440339624
34578,0.35462676870112897
34579,0.17820897277694134
34580,0.062471322592753904
34581,0.0304166659821882
34582,0.09014292307896225
34583,0.1318034685844743
34584,0.11682473362761221
34585,0.10270324279349591
34586,0.04924613124607701
34587,0.49409207256577486
34588,0.40323686561498207
34589,0.6121214094675193
34590,0.7402365293238528
34591,0.08129222508180327
34592,0.1716725899085181
34593,0.48328296212473987
34594,0.24883443460339302
34595,0.16999059868474276
34596,0.5280257138105539
34597,0.15481060498968627
34598,0.14765216801228406
34599,0.5792939688326186
34600,0.2529283564299587
34601,0.23981801338120226
34602,0.09218521873166469
34603,0.08503810303644325
34604,0.0721397289744072
34605,0.4313438899645814
34606,0.08246615825547833
34607,0.18589004481796606
34608,0.5409047611573746
34609,0.06548467393464233
34610,0.03788392800751545
34611,0.07555292794437567
34612,0.07384948085926604
34613,0.1073137078515723
34614,0.5490235885753738
34615,0.06569538397592595
34616,0.23079317623888093
34617,0.025956662413728744
34618,0.11301063103269075
34619,0.08742362603153865
34620,0.261113664426849
34621,0.18604605050266396
34622,0.07318723502350101
34623,0.8453062944265766
34624,0.37992505933463416
34625,0.5816479902431951
34626,0.5805442776914772
34627,0.1147618791160252
34628,0.2014503787363662
34629,0.052157689407142285
34630,0.1854107407555336
34631,0.07829380540390231
34632,0.048789386137796535
34633,0.30844236163265365
34634,0.11527373319572398
34635,0.08241610381334838
34636,0.5881474062758097
34637,0.054663348129156034
34638,0.5593029654229403
34639,0.07044784188281786
34640,0.074806501211296
34641,0.12409130681078309
34642,0.08453706945252443
34643,0.6860596826941158
34644,0.21212187580697023
34645,0.07728574950646012
34646,0.10325740279626704
34647,0.6524359274905432
34648,0.10074689721459902
34649,0.0626366138153255
34650,0.4801199158366947
34651,0.4682806541924105
34652,0.17100602026391748
34653,0.5571116104139098
34654,0.32197267916663885
34655,0.14945357816542193
34656,0.08677759260346105
34657,0.26426293834158154
34658,0.13387668607584668
34659,0.12682482405864223
34660,0.1095441658636311
34661,0.14586553000286048
34662,0.29932555640620184
34663,0.4527766158462936
34664,0.18308186059874693
34665,0.19394314994247766
34666,0.07565521476145308
34667,0.06683464783049002
34668,0.11312866197699305
34669,0.1429566521622465
34670,0.591951968718179
34671,0.11131429885734309
34672,0.20476203803980944
34673,0.4340341936954142
34674,0.054494593746914954
34675,0.6107463034150492
34676,0.5760271620407564
34677,0.2074133758764104
34678,0.10040386877520555
34679,0.44076950452105734
34680,0.2373684418673074
34681,0.048939503922257106
34682,0.45874732100165955
34683,0.5201952874016248
34684,0.057883148145989716
34685,0.17740416168724019
34686,0.09822760161683658
34687,0.21654759009795066
34688,0.05760582249943733
34689,0.5538865043898624
34690,0.5427926390489816
34691,0.09195047380245427
34692,0.6377168747641563
34693,0.19157363200647048
34694,0.09569427469553615
34695,0.07293238852450291
34696,0.18816553693645094
34697,0.08840494378594412
34698,0.5038168902089653
34699,0.03876831529933808
34700,0.18046004761147671
34701,0.05195190867359249
34702,0.05752517965741184
34703,0.05166965332438611
34704,0.10303260962269381
34705,0.23026501240461633
34706,0.362495831587534
34707,0.04194170780350312
34708,0.07721671439170502
34709,0.053767168719342895
34710,0.05701580494230818
34711,0.6616469599176914
34712,0.43137307346564246
34713,0.06972509639896708
34714,0.18253332822927237
34715,0.08428041414996199
34716,0.18268918503311848
34717,0.06865884796710282
34718,0.10199167645630633
34719,0.15944080672283115
34720,0.23141669164835013
34721,0.04948039670863695
34722,0.04948320638779339
34723,0.08888675014734397
34724,0.6640791568338276
34725,0.465386263254943
34726,0.09862184479207557
34727,0.09109145889445446
34728,0.09807855687122256
34729,0.6858121458939314
34730,0.0914990897059987
34731,0.05429414728190602
34732,0.07205941497257061
34733,0.261819433859745
34734,0.1706513557438104
34735,0.13952051656571582
34736,0.06633189885854508
34737,0.04480144295223177
34738,0.047160107670094355
34739,0.04813594605920007
34740,0.08886951205199495
34741,0.05145316696044791
34742,0.1768979719953828
34743,0.08852812802232284
34744,0.10494462018939425
34745,0.08279430317051609
34746,0.06693728731099086
34747,0.13397385736878153
34748,0.6230206832168977
34749,0.08423821168468175
34750,0.09220749914230365
34751,0.4086352937209067
34752,0.421518721456969
34753,0.44714453187575864
34754,0.08858051532872727
34755,0.42342887623516984
34756,0.3931398736943113
34757,0.14033360258448724
34758,0.11512435858653779
34759,0.11057225394321767
34760,0.48906278295177
34761,0.028725112367194824
34762,0.3870260950911471
34763,0.3733148158186779
34764,0.07450081130251328
34765,0.14939525138953022
34766,0.32460592332678584
34767,0.11414223296954983
34768,0.5262408150586847
34769,0.22969928935428385
34770,0.07920655953897617
34771,0.2207483404587566
34772,0.23272818727974312
34773,0.25280376407060373
34774,0.3958554298133369
34775,0.14566579531213814
34776,0.18405432213686557
34777,0.03768116298766306
34778,0.410785117140062
34779,0.11420150827925603
34780,0.16505282618047798
34781,0.19424248245712372
34782,0.07023860743372196
34783,0.09548238672757951
34784,0.0629955332685047
34785,0.09662798161203986
34786,0.741034238372928
34787,0.06692340685995278
34788,0.43048533985663523
34789,0.073612871189016
34790,0.67490537136479
34791,0.05635431806037208
34792,0.09541723083640308
34793,0.6618062861536342
34794,0.07968716944012146
34795,0.20623382372743257
34796,0.11439601925411184
34797,0.1339014986644285
34798,0.43461796588131874
34799,0.08012981081653402
34800,0.07957667862271901
34801,0.2480752456969896
34802,0.23307389782305188
34803,0.4806624500391314
34804,0.3954539590639881
34805,0.20870906680287696
34806,0.2585913722118045
34807,0.2203638585048094
34808,0.31904376348103464
34809,0.2650678710039227
34810,0.5375879372909033
34811,0.05742291997107622
34812,0.1212266455411597
34813,0.04356463325060051
34814,0.05157427962703935
34815,0.32542851565103836
34816,0.1407966614701151
34817,0.06724618397258372
34818,0.11007496969859502
34819,0.0580559172157189
34820,0.07018446052743894
34821,0.031821009091953865
34822,0.09699241968382431
34823,0.1684095245117263
34824,0.08753328377226048
34825,0.039482684597537204
34826,0.04120507765364185
34827,0.20318052818135832
34828,0.07180105343242706
34829,0.542687006950044
34830,0.4404334236468079
34831,0.1548204599289905
34832,0.0813643628129048
34833,0.06844580788208288
34834,0.11208482545260459
34835,0.11543359353654156
34836,0.11213008534341955
34837,0.2082942707850384
34838,0.045422206310182914
34839,0.267530268868741
34840,0.12031992638318409
34841,0.08825946162334826
34842,0.02477933701953167
34843,0.13619145870037397
34844,0.2760492530442382
34845,0.0827720412494003
34846,0.14721106148007881
34847,0.5965587968302696
34848,0.039286712391584884
34849,0.3427686439523392
34850,0.4241976064344526
34851,0.0816350979097252
34852,0.2659936555522615
34853,0.165434187993196
34854,0.1588670242750384
34855,0.20880968039729159
34856,0.5259292288156397
34857,0.02590812832211311
34858,0.09963437063520864
34859,0.06590598630493665
34860,0.5812947459461257
34861,0.07289534527944752
34862,0.19470908929335085
34863,0.04418265602419043
34864,0.810124802578412
34865,0.4376788880772479
34866,0.7939620393407397
34867,0.14986415338889847
34868,0.4701989915874712
34869,0.16287624550912255
34870,0.060464228393919975
34871,0.03289729523805061
34872,0.5750465149705107
34873,0.15070862828842077
34874,0.19767387888344978
34875,0.30460375222535585
34876,0.39992271781498007
34877,0.1823668841381863
34878,0.22520215685190242
34879,0.06519000235587823
34880,0.16273759428014362
34881,0.49586127645112704
34882,0.10162021244474272
34883,0.08158750241881697
34884,0.12113959261936803
34885,0.6874827141562917
34886,0.39323893023397627
34887,0.061027342044632
34888,0.36004297463012186
34889,0.22050335967826465
34890,0.052550208050220364
34891,0.04669437039356136
34892,0.7866584038363814
34893,0.14903220065732975
34894,0.06502496987118929
34895,0.59670705578975
34896,0.09071644195350219
34897,0.643684755087504
34898,0.11868266965064715
34899,0.4317647190883244
34900,0.18870168846616428
34901,0.0537973345804827
34902,0.05328920525268768
34903,0.06659692939670826
34904,0.087550077679857
34905,0.10132942659288263
34906,0.12011686104604626
34907,0.04699613212461518
34908,0.05579532126586091
34909,0.09819403975528704
34910,0.5324348117929518
34911,0.6507039096392109
34912,0.10724275148742564
34913,0.29183886081864263
34914,0.13765595811555986
34915,0.08469283458166439
34916,0.2077039333843132
34917,0.3249697078107928
34918,0.22191728058325305
34919,0.37661941291450046
34920,0.7498905644199727
34921,0.3763209185111436
34922,0.09457305882173439
34923,0.10537388619476082
34924,0.39898738701372
34925,0.0502533162917228
34926,0.14567345933458947
34927,0.16854284241279902
34928,0.1517465832100957
34929,0.09688343585384293
34930,0.24157145421370424
34931,0.1194395380017292
34932,0.07772651855073107
34933,0.259273192641398
34934,0.05906511047391812
34935,0.18607280447118466
34936,0.20406485052146275
34937,0.05382331062652694
34938,0.3896330562542931
34939,0.09085763562170977
34940,0.5226395217369199
34941,0.04954445261210958
34942,0.5120037294557691
34943,0.08592112625831545
34944,0.12822219613998156
34945,0.17784723730718963
34946,0.30017567457210736
34947,0.10626022229032764
34948,0.19292102167230293
34949,0.09344358466560862
34950,0.09452748737378165
34951,0.10696251052227221
34952,0.18178534885271475
34953,0.23487913339530947
34954,0.5762197108788017
34955,0.0577601599806347
34956,0.6997713627842305
34957,0.47174130974360085
34958,0.1774548382183366
34959,0.254977670712368
34960,0.08764290213508868
34961,0.1464539154434218
34962,0.4655577292539106
34963,0.09548384674791953
34964,0.04186502736668107
34965,0.08568811243619677
34966,0.08709190889366307
34967,0.26086800558439543
34968,0.17988353062197765
34969,0.1209192970417322
34970,0.20233169057869083
34971,0.25237749279356775
34972,0.11729789991618711
34973,0.23991852228072982
34974,0.39339351335017686
34975,0.12214690617847818
34976,0.05230952184890758
34977,0.17423208770126272
34978,0.10661737016205261
34979,0.08742229563448463
34980,0.7223208574139172
34981,0.08227532100160628
34982,0.6461548532158911
34983,0.07983612349213523
34984,0.38363963214051755
34985,0.17827044082431423
34986,0.43713323422398037
34987,0.03245972383716214
34988,0.2938127657329191
34989,0.0651160516950602
34990,0.09531052534257356
34991,0.4626004658925055
34992,0.1459781233876687
34993,0.1534062197175049
34994,0.3033999456884003
34995,0.11156737775239157
34996,0.6902822435496031
34997,0.3531685523752996
34998,0.41386160661086413
34999,0.11794446546816673
35000,0.13056071888528575
35001,0.04482367697599793
35002,0.09241015240884344
35003,0.2339672727993097
35004,0.07941142212006978
35005,0.08621954298470708
35006,0.2062285632830823
35007,0.05054231083793751
35008,0.07972316472579034
35009,0.10674943539769577
35010,0.14873891510548945
35011,0.18034631755669178
35012,0.5594013490951408
35013,0.04590865231215619
35014,0.08000322204540201
35015,0.30243806202156803
35016,0.07703011494350487
35017,0.7130107133294695
35018,0.04728641342409538
35019,0.12228335463083172
35020,0.6144114023131577
35021,0.0740744293066411
35022,0.06346266950184773
35023,0.1719003493153755
35024,0.2710164952346647
35025,0.05337412282656491
35026,0.0699781216789889
35027,0.1599041613328778
35028,0.44571052842329467
35029,0.5341085922681561
35030,0.29575865214369157
35031,0.0722446367285564
35032,0.12755761833366802
35033,0.3298842618596979
35034,0.06480304788367293
35035,0.1220053449722409
35036,0.17453901336452426
35037,0.11238855990136033
35038,0.1490944849873483
35039,0.542244283770116
35040,0.12187106299500862
35041,0.14705806349655473
35042,0.08391219628641616
35043,0.09930786240029583
35044,0.08750827524080652
35045,0.030108311731399447
35046,0.48157224747355426
35047,0.5173379472514706
35048,0.13408089355794367
35049,0.13689781930701345
35050,0.03940659288839543
35051,0.10589129433456818
35052,0.06226051799335982
35053,0.09378383120747384
35054,0.06114073500141816
35055,0.2463952192180829
35056,0.1397032592374744
35057,0.039930392923636454
35058,0.4376684054611989
35059,0.1562370070738623
35060,0.13348210332698432
35061,0.15179019395228197
35062,0.1985609450552852
35063,0.054753482072222456
35064,0.1441015756003184
35065,0.4211967203712247
35066,0.12122204902652932
35067,0.05723783488179946
35068,0.20503721828926688
35069,0.11915098780254064
35070,0.3691858545561471
35071,0.312648713689301
35072,0.498372778219909
35073,0.2859720830874172
35074,0.43601421545407487
35075,0.0957594606623622
35076,0.09969631972452679
35077,0.05840697479957108
35078,0.3352804429073736
35079,0.6643256395209995
35080,0.2863909466024947
35081,0.21107140775546157
35082,0.048568337980339445
35083,0.16628594958284876
35084,0.6284007101195435
35085,0.0857339068208865
35086,0.0858025973345312
35087,0.0847906354213886
35088,0.28167286092196786
35089,0.07947384871516744
35090,0.4779501286825412
35091,0.06733913743204359
35092,0.11449020865501502
35093,0.04799745946824386
35094,0.15289542864381328
35095,0.2870431199816111
35096,0.07026340123138235
35097,0.655472843679735
35098,0.31842975469981577
35099,0.0639084723455112
35100,0.21752994600243777
35101,0.1572400416106746
35102,0.05410015894730753
35103,0.09144043069690906
35104,0.11837746965792542
35105,0.10370614940776934
35106,0.07236105936616068
35107,0.10286030455924244
35108,0.10450806918901452
35109,0.4770345805656379
35110,0.25179207256181024
35111,0.5630624364434896
35112,0.14782263240327656
35113,0.1418321063679374
35114,0.73616423351613
35115,0.20987113239634864
35116,0.02770188264318449
35117,0.08059764427488378
35118,0.19349211300636587
35119,0.053239054750625264
35120,0.045675290093320955
35121,0.5405293067565992
35122,0.04919967963031393
35123,0.3943667422616785
35124,0.2503321724346866
35125,0.10697624945985171
35126,0.09714249329119175
35127,0.10913095168920227
35128,0.0928947678113728
35129,0.2213558733488605
35130,0.15742323205641368
35131,0.1045756777887569
35132,0.41608239270419034
35133,0.12011283318573746
35134,0.3487986389045053
35135,0.28739064318749974
35136,0.42444821552182904
35137,0.6276889057921676
35138,0.05317073177987835
35139,0.10030208387637056
35140,0.11245399574811506
35141,0.09155487027500168
35142,0.05298719551246242
35143,0.05124973104243112
35144,0.15059665276566198
35145,0.12781401477628584
35146,0.11997089819637125
35147,0.03985803949282536
35148,0.05504377531507237
35149,0.09991267431723157
35150,0.21887006788107313
35151,0.21715385441251356
35152,0.06259254119313841
35153,0.12448296431470922
35154,0.385541133517467
35155,0.06982326696881959
35156,0.40247567855896327
35157,0.20346067695844447
35158,0.09986051428748599
35159,0.054859476447264716
35160,0.10546069025878652
35161,0.029990047285785523
35162,0.413416749344545
35163,0.16648442748461934
35164,0.23042382101426231
35165,0.4195809775948035
35166,0.06134953739553013
35167,0.06193301743503679
35168,0.16609723994016484
35169,0.120016700435247
35170,0.16083396319463464
35171,0.6942717981194303
35172,0.1571137379592394
35173,0.38215717341956496
35174,0.06650876617466428
35175,0.044380218425447836
35176,0.2294570704234467
35177,0.09101037927976535
35178,0.07333854894847429
35179,0.36369036101028535
35180,0.11794870157013641
35181,0.05363743007772205
35182,0.07680098788139632
35183,0.4987333013399282
35184,0.03982304135012329
35185,0.13340549658122255
35186,0.22415427686969394
35187,0.41043564987394326
35188,0.6265813849985782
35189,0.47269508551079725
35190,0.0655744967163699
35191,0.06267115658970555
35192,0.10533677881112617
35193,0.14315942593909917
35194,0.05837064026669406
35195,0.2022269507978368
35196,0.3264495869926922
35197,0.23539516460088844
35198,0.12008158402948337
35199,0.08032161665374202
35200,0.24946160578882323
35201,0.04538066942746332
35202,0.10272187860649766
35203,0.06794428221064477
35204,0.20897336392351004
35205,0.3696213205226437
35206,0.27786314801409423
35207,0.5130681952412437
35208,0.18648566636532013
35209,0.09394275676681302
35210,0.24358812787019574
35211,0.22344979313508234
35212,0.4250535677529071
35213,0.10022603875255004
35214,0.08441322436130262
35215,0.054071851126759836
35216,0.07675538172691931
35217,0.12444871918861675
35218,0.10891092203378491
35219,0.1008862032364159
35220,0.05708246057685717
35221,0.08498582709153027
35222,0.12790804356392105
35223,0.4204141818634152
35224,0.060393162379129506
35225,0.7115182305081507
35226,0.03306423830596126
35227,0.13161062342844407
35228,0.21316653898224522
35229,0.32429664691009613
35230,0.08772405003139805
35231,0.3960805220503033
35232,0.17542430573832168
35233,0.21349105000282245
35234,0.1412529943614515
35235,0.1402268603163432
35236,0.09035696210178937
35237,0.041398169511725584
35238,0.07605116078355588
35239,0.08430926777236801
35240,0.17391912181995306
35241,0.04333912194528647
35242,0.05526251329870736
35243,0.43494287473448867
35244,0.23074420538706078
35245,0.1692604453736592
35246,0.07487328906586452
35247,0.09169382491780659
35248,0.4920732686685766
35249,0.19245917809726681
35250,0.08710599987689428
35251,0.03987379875912675
35252,0.06441970821140608
35253,0.6071818249031288
35254,0.16261487664039037
35255,0.06483642665582907
35256,0.044225576604934584
35257,0.2982356565769348
35258,0.10240509844294553
35259,0.4616869605016994
35260,0.6661112829070913
35261,0.16405081035025632
35262,0.3146520741162824
35263,0.042414656273993344
35264,0.1296495865943944
35265,0.22178298946744932
35266,0.7128922714772011
35267,0.17290418701359958
35268,0.3580104778845478
35269,0.03670833233995761
35270,0.5248269545511702
35271,0.08908910385718458
35272,0.5724624764877521
35273,0.20982316656629388
35274,0.35229849574969274
35275,0.10457257427895326
35276,0.51226213882138
35277,0.18335707546792077
35278,0.06041073862101059
35279,0.4203759430389583
35280,0.04979056176251832
35281,0.07983504965812893
35282,0.07713437578197183
35283,0.22710855539167818
35284,0.46799085288905057
35285,0.09437997299130246
35286,0.40202998902353676
35287,0.1918192744563081
35288,0.1486918660611527
35289,0.04275805007708986
35290,0.10264045792821014
35291,0.08795052910633144
35292,0.06952786786404919
35293,0.027739031033850794
35294,0.20996671627671418
35295,0.08278997527502534
35296,0.09996633128394332
35297,0.060990377496402126
35298,0.1678894480124306
35299,0.10374778062023243
35300,0.06943238729452039
35301,0.080115480077551
35302,0.08241442445612748
35303,0.10144357227791895
35304,0.276146961039281
35305,0.08166679250577266
35306,0.03678245959785168
35307,0.18834906783787644
35308,0.15493215028151403
35309,0.567662566604113
35310,0.05985776700399521
35311,0.1143239461683076
35312,0.09798043946453451
35313,0.4921483204834969
35314,0.1263471314430875
35315,0.048924812453141155
35316,0.19678387462516678
35317,0.07979407179724624
35318,0.06539228711428557
35319,0.6233519491731598
35320,0.15054085713419435
35321,0.06997875329944071
35322,0.0635335805806576
35323,0.11587253197069382
35324,0.6952054539831037
35325,0.20485341462285278
35326,0.7713938492092758
35327,0.2591460410615972
35328,0.21283757096614256
35329,0.13292571457538635
35330,0.11549896436089675
35331,0.0729280910212492
35332,0.19088470829975654
35333,0.5820463691447468
35334,0.07005228461813334
35335,0.06141203523603321
35336,0.2368810076265626
35337,0.3235637734703041
35338,0.5004391540476931
35339,0.030546512931176193
35340,0.35176012724123695
35341,0.08985563793362156
35342,0.1452304131142623
35343,0.10824506208587004
35344,0.21551409647550174
35345,0.04701932876956801
35346,0.10219931291113896
35347,0.18270556295354154
35348,0.06221952238275086
35349,0.43291322319651715
35350,0.28316962138102864
35351,0.050253654214758164
35352,0.15201911779294702
35353,0.053541037176420496
35354,0.36119657628915885
35355,0.057959117436254516
35356,0.15838095028150745
35357,0.09925838441436366
35358,0.4058424201763691
35359,0.47435072851253823
35360,0.18142481488079043
35361,0.21251606661157718
35362,0.44571424897211304
35363,0.5260574643724596
35364,0.09409282396825018
35365,0.13694325283643585
35366,0.078250354793701
35367,0.07360289858309367
35368,0.15751776750374671
35369,0.18992893968200147
35370,0.4197797297592564
35371,0.1340137256515801
35372,0.09360952237474333
35373,0.1936467094597593
35374,0.05541039749566667
35375,0.1347409977474755
35376,0.06621177667923132
35377,0.3962755674268009
35378,0.34055416535748695
35379,0.11536398840221539
35380,0.3320961239625864
35381,0.21988591941650085
35382,0.352539955416275
35383,0.06654341406326078
35384,0.09291354973312682
35385,0.08232147587815776
35386,0.12431601238321464
35387,0.0652911149397949
35388,0.21840217238165285
35389,0.0541924665284042
35390,0.060208583383995075
35391,0.10362203436999212
35392,0.08054441811166789
35393,0.21612102801966168
35394,0.8310751337423246
35395,0.2807720308105038
35396,0.08067702475511436
35397,0.04981617163058136
35398,0.08345250100619217
35399,0.08060964886595552
35400,0.4750690521934901
35401,0.4742036665245424
35402,0.3087597717574533
35403,0.12094133308537583
35404,0.23194255338083597
35405,0.08466467275903797
35406,0.047659977582297466
35407,0.24779027183909583
35408,0.0625907525232858
35409,0.5731405708033172
35410,0.6716109230243313
35411,0.16940515857455984
35412,0.0814609115006203
35413,0.08907616635695327
35414,0.07076719043886216
35415,0.07099151783372427
35416,0.12449251986690878
35417,0.04369832521001335
35418,0.212986221382516
35419,0.10658457658207213
35420,0.04179947358811203
35421,0.02988667868785287
35422,0.16749580121851368
35423,0.149904696435764
35424,0.04689031160755808
35425,0.20129318603800933
35426,0.07011364477867754
35427,0.08512459240981753
35428,0.11661014018907248
35429,0.11692294364721521
35430,0.1659267091423228
35431,0.4146379454893922
35432,0.5424393494689386
35433,0.6065254199002335
35434,0.0931091858736418
35435,0.24293653351802708
35436,0.15855541542961396
35437,0.09416472185776513
35438,0.08064226477562311
35439,0.060421098818050786
35440,0.05498472171081704
35441,0.16469118964431004
35442,0.11987535709944207
35443,0.06818892199649436
35444,0.1650670006931215
35445,0.4097160316849617
35446,0.23886738323868997
35447,0.09649684664218627
35448,0.06005320177266229
35449,0.7996153316040592
35450,0.21160452616515485
35451,0.10322703495179018
35452,0.06494172891854852
35453,0.1039717522293723
35454,0.036384364441423574
35455,0.06400181431496711
35456,0.22250189172495885
35457,0.051235486746290616
35458,0.07573556170207056
35459,0.30361856570079654
35460,0.6593667193202142
35461,0.2039060678770067
35462,0.08626808198188715
35463,0.5600802430559662
35464,0.245766763900816
35465,0.09824265760768117
35466,0.32440612890648535
35467,0.13941303654826598
35468,0.10253119840098189
35469,0.30614273266576325
35470,0.40668661468519945
35471,0.02691496125560319
35472,0.35776356236292783
35473,0.06875238625304636
35474,0.3021195445016003
35475,0.32142004756687953
35476,0.11738719099434614
35477,0.07878416056344135
35478,0.12145108903005888
35479,0.05121045610777831
35480,0.11254888697672927
35481,0.776903995561099
35482,0.2171346105508958
35483,0.10881423061619405
35484,0.5042818916589663
35485,0.1623339818879716
35486,0.29206217721256844
35487,0.4170075400461614
35488,0.03637739901612395
35489,0.0945825509128435
35490,0.18205563535325264
35491,0.05812813934201773
35492,0.05790812219318146
35493,0.09337891696007798
35494,0.06518763774233492
35495,0.5137208681985971
35496,0.1295915945149204
35497,0.05007615942638861
35498,0.2317575037494304
35499,0.0868666495950893
35500,0.19988300290614733
35501,0.3294457159629748
35502,0.13299858522951105
35503,0.5821168127110913
35504,0.08919594269548334
35505,0.084163273420501
35506,0.29082459937508615
35507,0.5539915344329397
35508,0.08165583919814078
35509,0.3773117392970599
35510,0.12367468546026787
35511,0.08965152620071769
35512,0.10541339929307308
35513,0.18161650031830762
35514,0.2148812852607667
35515,0.19473519741798678
35516,0.35813847512491875
35517,0.5022273175771804
35518,0.15102753957730183
35519,0.16458042845143725
35520,0.297339646536367
35521,0.5277067211865387
35522,0.4992620387368431
35523,0.3344371903262801
35524,0.1840481489955389
35525,0.05369628105575534
35526,0.12552961361848544
35527,0.33228828029961194
35528,0.19261523716202497
35529,0.5640655488696569
35530,0.1664500284545835
35531,0.3502857264397416
35532,0.12616512729014198
35533,0.0530378226942388
35534,0.15670246608700675
35535,0.04382915191229409
35536,0.7849135574686891
35537,0.04207045837233413
35538,0.8298908787020778
35539,0.06373695669462365
35540,0.40291180445573993
35541,0.1953725666085172
35542,0.1991215819927825
35543,0.07071257891789716
35544,0.3693039712532886
35545,0.13798132660754728
35546,0.1557253317968711
35547,0.09346899793118951
35548,0.1102154531054136
35549,0.317648395279676
35550,0.25025433802370967
35551,0.040116478880675314
35552,0.08834840828767275
35553,0.4170932465714706
35554,0.38982113062892737
35555,0.2595449951684388
35556,0.038798530609614516
35557,0.07326546355890703
35558,0.04104892771381396
35559,0.09208962312566908
35560,0.3623625042716633
35561,0.0866470657998059
35562,0.0889212897776479
35563,0.08816835968793622
35564,0.10160709698295753
35565,0.1024914453813902
35566,0.06479306133079603
35567,0.031556566880537
35568,0.4017418925453158
35569,0.293869912262733
35570,0.16553362491143123
35571,0.09798784963548966
35572,0.11633964966484278
35573,0.2472848881495113
35574,0.05558757218996595
35575,0.175802886209353
35576,0.04611410501112419
35577,0.09170307553769581
35578,0.07226150933367176
35579,0.03717410915101976
35580,0.16647654716490187
35581,0.3471083239747359
35582,0.45252611247456076
35583,0.1725573508932089
35584,0.09914208461966009
35585,0.11931722317729963
35586,0.6858190603965749
35587,0.3654844786617146
35588,0.059168054020191554
35589,0.09621606542798315
35590,0.18669219342712665
35591,0.0932434722589806
35592,0.07250945491856244
35593,0.04295623815513282
35594,0.110561189408349
35595,0.3567975651037506
35596,0.39619250816161167
35597,0.15208183283438584
35598,0.07978517527861782
35599,0.09650842555842574
35600,0.13764680287281383
35601,0.2879372966007476
35602,0.39736996840864053
35603,0.1184909990431333
35604,0.646744200341076
35605,0.09896934804731833
35606,0.10209307668022413
35607,0.06931367538217015
35608,0.5524147184268972
35609,0.18324495461852958
35610,0.10700758686694269
35611,0.09998192663473705
35612,0.09205191170897192
35613,0.18586380428629062
35614,0.28025688219140865
35615,0.16720100081255593
35616,0.5303596290007715
35617,0.12190676604916947
35618,0.18289528925979726
35619,0.13614099344555036
35620,0.3101088372610772
35621,0.12424286016364046
35622,0.3985945515229193
35623,0.2708053201182341
35624,0.33970679186639574
35625,0.17358503850579163
35626,0.12266247941058644
35627,0.1572863327607061
35628,0.18896367550351278
35629,0.06945809708831925
35630,0.028513487761578738
35631,0.024845779557466915
35632,0.16750688186908297
35633,0.07787953110970254
35634,0.061128559657866455
35635,0.617356319798497
35636,0.22280320485181998
35637,0.2758119891415411
35638,0.08086716418072891
35639,0.6125098215234069
35640,0.06842204332110716
35641,0.08431841642835777
35642,0.07888273747034032
35643,0.38104554066976976
35644,0.042976282563326966
35645,0.28647493930571677
35646,0.1574315050341235
35647,0.15158412106422448
35648,0.254020048155599
35649,0.08702459721075058
35650,0.1595757507333783
35651,0.12655452646260387
35652,0.5008913754937218
35653,0.7578964833708226
35654,0.09529578562221569
35655,0.058110540198686673
35656,0.1429230557235025
35657,0.13557368168143344
35658,0.07853676580411599
35659,0.12268426193990574
35660,0.524068869550819
35661,0.04197364577709627
35662,0.23239832234118357
35663,0.04157617997714436
35664,0.5087529677321235
35665,0.07926703478072468
35666,0.085738438030929
35667,0.1899112779801734
35668,0.03856211604191487
35669,0.6755495946918986
35670,0.2241043354644171
35671,0.12254010447790468
35672,0.2991981430788616
35673,0.04899545816744988
35674,0.07746779650938478
35675,0.3558584049945816
35676,0.2569141500620997
35677,0.3282688947180308
35678,0.0821176094169973
35679,0.2908264459244375
35680,0.046922014502177686
35681,0.5766734643208489
35682,0.0572918359638548
35683,0.14690452503135581
35684,0.16973561354899075
35685,0.04053000898006082
35686,0.3159203110216394
35687,0.19382859116363943
35688,0.07522338384886677
35689,0.07541302869976806
35690,0.07192089404887837
35691,0.4883393587609601
35692,0.12080931860739338
35693,0.6381373557774515
35694,0.785589484857203
35695,0.6837826785345843
35696,0.09885816608290265
35697,0.20278838906678595
35698,0.1012417833364262
35699,0.05966817990282628
35700,0.06805278568929563
35701,0.04769928367497686
35702,0.05176943063641052
35703,0.12280180778420832
35704,0.6579763006028578
35705,0.0983752032947525
35706,0.15527335059271136
35707,0.13363274993779511
35708,0.609037902729461
35709,0.03667764144275136
35710,0.13698460119463388
35711,0.09867350221668124
35712,0.050886542778379
35713,0.1554095430800514
35714,0.22124884719250942
35715,0.41966946988467696
35716,0.054280003355056936
35717,0.04008885811743591
35718,0.15804757871158603
35719,0.038662753089048506
35720,0.14505879643139466
35721,0.06344644337135104
35722,0.14567679283066587
35723,0.4689392900200694
35724,0.056838113280047446
35725,0.094231475122369
35726,0.20777369505971663
35727,0.09562385430447462
35728,0.14530180530654485
35729,0.08519791949461264
35730,0.0693060496183325
35731,0.11228810057679157
35732,0.052536677504428336
35733,0.18166658478166708
35734,0.3342835010378477
35735,0.05214997676131719
35736,0.18073811170524942
35737,0.3980696317799053
35738,0.05568963859961527
35739,0.10636999287199134
35740,0.1714161335238039
35741,0.07071760973634338
35742,0.27006026795522015
35743,0.08970201137623589
35744,0.17868436447039604
35745,0.08511614559889856
35746,0.07926447477730439
35747,0.05127246957913416
35748,0.25680419303936813
35749,0.15543411165149618
35750,0.14624578403207267
35751,0.025906404991687594
35752,0.14351808390210782
35753,0.10542604993336911
35754,0.1752087144655514
35755,0.04316827823194686
35756,0.5341294571781658
35757,0.41748659794427045
35758,0.05436542154007077
35759,0.4304429772347701
35760,0.1417230967701457
35761,0.5851133774658603
35762,0.5785794141423495
35763,0.337484336151546
35764,0.34858523822949344
35765,0.07029333611658978
35766,0.6138100998678788
35767,0.12580017162771334
35768,0.0812113668969254
35769,0.2603161664349333
35770,0.43191788537558873
35771,0.16852301115771898
35772,0.28415224664080585
35773,0.15651756910188708
35774,0.204923807796737
35775,0.4652387371108425
35776,0.29749030545981614
35777,0.40735481920704913
35778,0.0514800668473387
35779,0.32711635472634415
35780,0.21133565811403468
35781,0.5961264475212664
35782,0.14781275286971668
35783,0.215083286854917
35784,0.7455750187760141
35785,0.04888394457560624
35786,0.09393977962036063
35787,0.09680700067861558
35788,0.09614016675188661
35789,0.22426394098492614
35790,0.44064948176627877
35791,0.2690822644078508
35792,0.11127032627087786
35793,0.36139642187326015
35794,0.16282651372379575
35795,0.3061398617493313
35796,0.06171870140423079
35797,0.06569537582523985
35798,0.07865270817213858
35799,0.05943179530462926
35800,0.17493517345644963
35801,0.13326089966971688
35802,0.0553138500379688
35803,0.10723597831094821
35804,0.04389399926535854
35805,0.06817542371978146
35806,0.24941103748852655
35807,0.1573377161419543
35808,0.08882604831348061
35809,0.11910146048092665
35810,0.18499264835605597
35811,0.15254652737186228
35812,0.0965675897186104
35813,0.18295622162615072
35814,0.3485527205966578
35815,0.1383224637946628
35816,0.6373708544532878
35817,0.072532867740629
35818,0.09635729653548894
35819,0.2858316070657077
35820,0.3157982740351659
35821,0.36509449572928815
35822,0.7011190560480218
35823,0.38583238317115964
35824,0.244360061808503
35825,0.8199180912850412
35826,0.08420395152199277
35827,0.08711767740607392
35828,0.03412427112000476
35829,0.03856572469514668
35830,0.08558575692290099
35831,0.07805513989309475
35832,0.1837949227891972
35833,0.25630547103098383
35834,0.17981840626675957
35835,0.045868819682479106
35836,0.3745829753910988
35837,0.07993429252670013
35838,0.036615085006869205
35839,0.2651198426277318
35840,0.039572218984768745
35841,0.3334180668806124
35842,0.48329586976296224
35843,0.7013271662241808
35844,0.09070650712314487
35845,0.04440922974037685
35846,0.02433721795987938
35847,0.21521621456485937
35848,0.15505400959587246
35849,0.2564476878388747
35850,0.1237895118944491
35851,0.4349901499179204
35852,0.06298194251299781
35853,0.17182201921179135
35854,0.3665543909054644
35855,0.06528364567780538
35856,0.43132617479429824
35857,0.08417923123943141
35858,0.24027127922668357
35859,0.13730973387478276
35860,0.11820232688211343
35861,0.7602884454332081
35862,0.19380537911920243
35863,0.7785862579032485
35864,0.3865085238689101
35865,0.31952402956969245
35866,0.09123133748071632
35867,0.08498287633050046
35868,0.06288474053298918
35869,0.11397312827399489
35870,0.08702846580818602
35871,0.4766436380966282
35872,0.04067791328404446
35873,0.10470065753619022
35874,0.4413032468530464
35875,0.08217646475583613
35876,0.23708065495162567
35877,0.21265129018390747
35878,0.6336371227080042
35879,0.18616218569095233
35880,0.3539005761511598
35881,0.321887922085658
35882,0.5794387439072918
35883,0.23184583149106597
35884,0.08394739879847757
35885,0.07622634185671805
35886,0.061182742746986145
35887,0.19058570446695788
35888,0.1812294086927814
35889,0.3469846367898988
35890,0.20173791427498888
35891,0.20518668179862207
35892,0.22108351612207594
35893,0.21193396582816648
35894,0.3891781369109799
35895,0.13949561297918928
35896,0.21654310754309047
35897,0.2903607334459717
35898,0.2963763062617554
35899,0.03360671405910137
35900,0.07488704958635697
35901,0.31604649459223133
35902,0.052507340506547207
35903,0.13328601556033712
35904,0.20678097843771012
35905,0.1162841453601574
35906,0.17522239508637727
35907,0.09195057064988092
35908,0.06624138235563125
35909,0.08256415061879868
35910,0.14154965279517215
35911,0.288142499346589
35912,0.265351581188665
35913,0.05854181445688956
35914,0.24504927690559786
35915,0.3062404378894625
35916,0.30850772994351044
35917,0.05000803338707198
35918,0.29148980829281
35919,0.19499505035202122
35920,0.14684462900814885
35921,0.10454427914382995
35922,0.08308962019946606
35923,0.15964433675950457
35924,0.06915016858252537
35925,0.6333601517681415
35926,0.10915202041734583
35927,0.14731448386288454
35928,0.0682488529716057
35929,0.32628135810147724
35930,0.10075999283503996
35931,0.6704741361309612
35932,0.744612117326115
35933,0.09497230573525049
35934,0.07759875667749995
35935,0.16922162249671782
35936,0.03279012546496623
35937,0.050286967798581404
35938,0.2466680401871541
35939,0.049572670188371144
35940,0.10110553939171568
35941,0.070770626534475
35942,0.07114275001930916
35943,0.08874684420121479
35944,0.043732955829380395
35945,0.057700622453652504
35946,0.2597686666308137
35947,0.6729330584722613
35948,0.23685060274715336
35949,0.21288408213860624
35950,0.5355849393038425
35951,0.06863472766504526
35952,0.12882301060840878
35953,0.08603294720449949
35954,0.06308548961312693
35955,0.5861800858274613
35956,0.8227661862593568
35957,0.05367697635270982
35958,0.07860469484744417
35959,0.06481209962365743
35960,0.18245976883979512
35961,0.03768594810205021
35962,0.04411657897951233
35963,0.0652030780750478
35964,0.0977243354274242
35965,0.1323655005043486
35966,0.1404725649398859
35967,0.06708473551895305
35968,0.08661042788731219
35969,0.5912774836717088
35970,0.12864395790095473
35971,0.27411301002741656
35972,0.1481617713718408
35973,0.03241173665508227
35974,0.10054582419351828
35975,0.10393784038382511
35976,0.06766046910946814
35977,0.035354572459759676
35978,0.0982196786785365
35979,0.454145330830946
35980,0.25627651121010087
35981,0.12100762456075496
35982,0.11702825570203002
35983,0.0850731770374382
35984,0.03041591875337988
35985,0.278939561344462
35986,0.10654546399460452
35987,0.127322906652943
35988,0.17961921612810422
35989,0.11764300445473101
35990,0.15994463844754914
35991,0.2711743028774037
35992,0.13317328149724175
35993,0.2896222918862083
35994,0.5781611775766673
35995,0.1245708972932295
35996,0.7468260169131207
35997,0.3884730215275706
35998,0.25884655501043385
35999,0.039173631842194405
36000,0.1822192849960128
36001,0.09752887745694482
36002,0.1873730739982893
36003,0.6160690846371772
36004,0.13953412374943683
36005,0.07918377361895171
36006,0.2226587058910945
36007,0.18722281719536188
36008,0.08813576440042435
36009,0.16779321820820456
36010,0.26665974584023966
36011,0.06803428691668499
36012,0.13169038431458893
36013,0.2316981065771698
36014,0.11264018018648753
36015,0.12269970958362035
36016,0.2122752047755983
36017,0.0664046254439584
36018,0.06089066618505515
36019,0.22918829346994699
36020,0.07690157104801294
36021,0.08973048059229594
36022,0.40671553452196657
36023,0.10674671954956923
36024,0.40752023740872556
36025,0.08854555129262803
36026,0.03867076071811975
36027,0.07255549243784813
36028,0.06122901911504442
36029,0.274266938840565
36030,0.05617546984430752
36031,0.09016866631213724
36032,0.03525222963644946
36033,0.07949602515876145
36034,0.0555305862870773
36035,0.07199092224037723
36036,0.1305969400312602
36037,0.5409647419295058
36038,0.2234559539802251
36039,0.05044785713975121
36040,0.4908031840563569
36041,0.08603854965887033
36042,0.22279555970576387
36043,0.6526029579741617
36044,0.2827116221043482
36045,0.22516358169192355
36046,0.22327870832719582
36047,0.214785204867645
36048,0.11623566674400308
36049,0.07140284259857349
36050,0.7189378096265031
36051,0.10622440521672255
36052,0.16097444412954992
36053,0.5701918922739576
36054,0.029749984371969115
36055,0.0776056254470733
36056,0.04793229390682386
36057,0.08576213530979256
36058,0.06166437650111153
36059,0.36333421874019955
36060,0.3097452146075998
36061,0.09545808722963854
36062,0.0792475624500167
36063,0.2328644169106915
36064,0.39511307425232306
36065,0.675768233305672
36066,0.08516544243515306
36067,0.39315761043604636
36068,0.20479713611029304
36069,0.05210850169036362
36070,0.10669794253706909
36071,0.6215091084410258
36072,0.0966487789942658
36073,0.030124673439000573
36074,0.07966364330376716
36075,0.08642241035189142
36076,0.3503816823010096
36077,0.48721647597496714
36078,0.1627404398922833
36079,0.1346331630616798
36080,0.6330503578560687
36081,0.11277382277240136
36082,0.12976574867121507
36083,0.6009676491630057
36084,0.22489893726783966
36085,0.12392736842300249
36086,0.05806014747157287
36087,0.1157679357813453
36088,0.37363386014075656
36089,0.25101983331583794
36090,0.10217211716113209
36091,0.1681853140743049
36092,0.08830508513900076
36093,0.30928285438580666
36094,0.06663088417497026
36095,0.36729455652343523
36096,0.31447278036200843
36097,0.17151865788961254
36098,0.20225183415012088
36099,0.1333791837676451
36100,0.09245424238059646
36101,0.8011516736829282
36102,0.05262074388205561
36103,0.2613350614216938
36104,0.3498069810188391
36105,0.08701645800821012
36106,0.21508646550630886
36107,0.12536159184667062
36108,0.2258004978612576
36109,0.6277718906902904
36110,0.07965997056757868
36111,0.37826673660449395
36112,0.6857961355082739
36113,0.07614646995973896
36114,0.3221394992092003
36115,0.38331657574398037
36116,0.19514129620767814
36117,0.37194643051473847
36118,0.07803440193596818
36119,0.08521333773662311
36120,0.05860786535845758
36121,0.03807455077218542
36122,0.355069947322067
36123,0.299262237410217
36124,0.07112324546143126
36125,0.10354332997959018
36126,0.07834020327717495
36127,0.19857083375254228
36128,0.16799472350519978
36129,0.14257539431865326
36130,0.30886349358133347
36131,0.15024896128494084
36132,0.0793900407190726
36133,0.11211925092775876
36134,0.09088553575575369
36135,0.13882309326479184
36136,0.020227597671503367
36137,0.1847457902250835
36138,0.12561727200753778
36139,0.5990424329639239
36140,0.13817140587735677
36141,0.09650574341434015
36142,0.10877471488477539
36143,0.08131534877937972
36144,0.12963215050937663
36145,0.03487618497404233
36146,0.7011949714369868
36147,0.16553428082779906
36148,0.06867197120460013
36149,0.10932960766086808
36150,0.09414636579485897
36151,0.14794418146763888
36152,0.34653998334939334
36153,0.26289907828781156
36154,0.23078851018321164
36155,0.05783138741795825
36156,0.049141940131983454
36157,0.1455300715869348
36158,0.22707638808055328
36159,0.0356097859038565
36160,0.06054828287514065
36161,0.5611112757335196
36162,0.6522404711928839
36163,0.13588159503555516
36164,0.10757510354859709
36165,0.034789733861027086
36166,0.08718938063102905
36167,0.08209373359136354
36168,0.05016049378199793
36169,0.08362956063262221
36170,0.23246503803657778
36171,0.08575416293273062
36172,0.28823768383266535
36173,0.30688781880899996
36174,0.046641672202546045
36175,0.19586003264559787
36176,0.044933892097062535
36177,0.5234816991419586
36178,0.3089257732951687
36179,0.08659709625508157
36180,0.2837533479206622
36181,0.13475157613027644
36182,0.17231241710290976
36183,0.5221665402353913
36184,0.7489413594701927
36185,0.3718419104592438
36186,0.09927484859396932
36187,0.27603205214132
36188,0.11760159788086914
36189,0.05160658800712692
36190,0.3742044376627015
36191,0.09010101005423582
36192,0.15971786511643032
36193,0.23975583272325882
36194,0.3600405198546902
36195,0.4643482987019294
36196,0.0947117218446216
36197,0.045993295417172134
36198,0.7824818691619694
36199,0.11375565331642548
36200,0.03981787756830617
36201,0.8068111066073058
36202,0.3703327607998568
36203,0.21342840253295242
36204,0.02618795143406122
36205,0.11000110706118105
36206,0.084055498462228
36207,0.1957443108099922
36208,0.09585370871735614
36209,0.15161392063878495
36210,0.08639871161444493
36211,0.030397749291914078
36212,0.06098896228341122
36213,0.30308677772116804
36214,0.49336585340310163
36215,0.550436360613512
36216,0.3785985980057654
36217,0.05249876254866191
36218,0.21400880173035128
36219,0.059414208317808116
36220,0.3421377233668777
36221,0.05384687585920141
36222,0.11051698524503564
36223,0.2731441236719769
36224,0.027885604128855056
36225,0.1121900218335842
36226,0.05679111519027754
36227,0.39598123310635425
36228,0.12166194847963792
36229,0.037165170565014644
36230,0.14427506809496604
36231,0.08430961713007783
36232,0.05624126616950103
36233,0.13164630864337734
36234,0.07377423124795818
36235,0.21125664213458223
36236,0.140886285819202
36237,0.49541112117180014
36238,0.05586979824108682
36239,0.43760993001438353
36240,0.09409565018602567
36241,0.3856115084536716
36242,0.03914200164924658
36243,0.17672782522873579
36244,0.13078858861437262
36245,0.2950836688552496
36246,0.7056699483123757
36247,0.4227909615161911
36248,0.15798419997836993
36249,0.12626005616867583
36250,0.32701099010795365
36251,0.21862584073509003
36252,0.46164202305541713
36253,0.07823710902053604
36254,0.5878700514123406
36255,0.172645453053227
36256,0.08529821883419655
36257,0.08162446636963622
36258,0.05914124621874856
36259,0.0511966891429017
36260,0.09150163115778198
36261,0.4583516205451983
36262,0.5960684717204743
36263,0.15314925681954952
36264,0.34087733327124137
36265,0.11379370950893869
36266,0.09964901608931621
36267,0.7189496951159136
36268,0.08579865696819028
36269,0.06980646439149792
36270,0.7332471105541299
36271,0.14369070635290115
36272,0.4253393018910547
36273,0.07883379321651297
36274,0.11744169171661957
36275,0.041554840827109404
36276,0.3527941616597888
36277,0.1068806490574791
36278,0.048020271421220485
36279,0.27202092039165926
36280,0.11541077495521598
36281,0.1324505927102615
36282,0.7303556927572183
36283,0.09855141202340321
36284,0.0962636937553359
36285,0.45195841702488593
36286,0.6936186488031624
36287,0.06297453184964676
36288,0.0936614034872047
36289,0.5312086379475222
36290,0.06129872450500159
36291,0.16342655833991704
36292,0.11414175148278179
36293,0.09658590737249252
36294,0.2779459910877625
36295,0.28910199698619443
36296,0.25131757018749273
36297,0.110308490352782
36298,0.2491548063835585
36299,0.06766365434373176
36300,0.10734841692494096
36301,0.05139809701054317
36302,0.038667697737086094
36303,0.2749109339608187
36304,0.08626514210085606
36305,0.1712985344487822
36306,0.5718598107510591
36307,0.33268036170836124
36308,0.14614304277606116
36309,0.1045527526884148
36310,0.08497059345177463
36311,0.17554471844436026
36312,0.13182023536014362
36313,0.190540283742514
36314,0.4746662040826084
36315,0.04602008034041196
36316,0.09256757356057295
36317,0.2081173193611043
36318,0.10996467618189729
36319,0.0343873371591938
36320,0.708784670518686
36321,0.04153320806515426
36322,0.570088442462559
36323,0.041817587415925894
36324,0.12480122579573906
36325,0.06701703918636473
36326,0.09972370519082109
36327,0.1986457206789911
36328,0.12514783941473057
36329,0.6274022156386899
36330,0.23569800852667225
36331,0.04806584766885945
36332,0.18031001773832123
36333,0.2388286898879032
36334,0.20174524127110025
36335,0.2924243871095554
36336,0.19419460604532338
36337,0.09665181583400144
36338,0.055679908071562506
36339,0.14445796256327048
36340,0.23281586695149126
36341,0.07853894470591566
36342,0.3093790882013231
36343,0.03938320627672851
36344,0.17410218173135214
36345,0.1996294265085901
36346,0.13274055850039598
36347,0.27915495051361555
36348,0.07053063628397499
36349,0.23205677624734014
36350,0.10716308798670494
36351,0.3289301749983492
36352,0.1588414807520728
36353,0.7098768696579242
36354,0.2086480570604451
36355,0.37843436990251117
36356,0.060692996069730124
36357,0.1529670568343135
36358,0.07368285719875532
36359,0.17553675094903617
36360,0.23115433402007093
36361,0.3201809798681095
36362,0.3662720697297776
36363,0.3880426940065571
36364,0.18579643883154204
36365,0.5377220295287745
36366,0.232892876869138
36367,0.1964705011218608
36368,0.7961174903568046
36369,0.43380347339277053
36370,0.1384981731530442
36371,0.2607352168911449
36372,0.035336872330991094
36373,0.21786460666979465
36374,0.0297313996411847
36375,0.0825757599612783
36376,0.09977393014975353
36377,0.06657796557038245
36378,0.0608231821518379
36379,0.04971000629201468
36380,0.8085811577033205
36381,0.1158825462765653
36382,0.14040686683910908
36383,0.12834868030331179
36384,0.33035964881554786
36385,0.23932223071698577
36386,0.19575024750007913
36387,0.2599216061653028
36388,0.2579547289010642
36389,0.047257584749832146
36390,0.5085785890036628
36391,0.19969439441593734
36392,0.1183648325855399
36393,0.0851639620630465
36394,0.2636403225078941
36395,0.33459749287375606
36396,0.3796921950677157
36397,0.3335442428294184
36398,0.2812757353156939
36399,0.07137333278583174
36400,0.054733721720137234
36401,0.04394608194479111
36402,0.12106455725402189
36403,0.029293818335451246
36404,0.49736922742887646
36405,0.07925094204774552
36406,0.18827451278621904
36407,0.5707199073819554
36408,0.347632346850704
36409,0.036970933277147205
36410,0.2299910279255819
36411,0.1646682966859762
36412,0.16231263640863205
36413,0.39377661695431904
36414,0.24089299353996318
36415,0.2890213851602518
36416,0.11524898915096202
36417,0.24879682986532634
36418,0.027009284910467037
36419,0.07788188989231282
36420,0.5214784313646382
36421,0.46041883787453297
36422,0.1163913090695673
36423,0.6812565041189492
36424,0.5032564223084258
36425,0.12415708804616986
36426,0.40987484016470904
36427,0.19137189400582513
36428,0.7775460804011342
36429,0.385062061072427
36430,0.25634406049144476
36431,0.12014891874689608
36432,0.11203356635860141
36433,0.119733141212072
36434,0.20388377369916297
36435,0.07530079164981741
36436,0.08672845519643985
36437,0.16887292902305365
36438,0.4469955524456955
36439,0.3442040516947032
36440,0.14990477915496206
36441,0.09863097657181115
36442,0.08978224526553963
36443,0.10885399853746999
36444,0.12530786500118413
36445,0.23574176963071647
36446,0.08444889562973114
36447,0.031010731401704017
36448,0.24006039281811753
36449,0.2570191457875618
36450,0.5326158874259691
36451,0.11511893092113229
36452,0.22623146045991888
36453,0.16594447774277238
36454,0.033200263374545846
36455,0.06252748178719206
36456,0.16147069761214058
36457,0.17502100371430132
36458,0.163268496607868
36459,0.055991222337481376
36460,0.589789419377654
36461,0.3008369513212523
36462,0.26149758107543764
36463,0.053073855728608475
36464,0.042088213401300846
36465,0.04853443539513831
36466,0.15040125825029652
36467,0.05146794083685515
36468,0.05130867849575225
36469,0.23667587483246705
36470,0.1333452452181353
36471,0.09361485666290975
36472,0.06692800949107652
36473,0.1655885625764915
36474,0.6424498441554166
36475,0.35936305484250614
36476,0.5218623136896394
36477,0.20646414355187723
36478,0.20531656951540042
36479,0.04166817527660793
36480,0.1853673930459913
36481,0.1281685238198551
36482,0.09075671642498875
36483,0.0782243108405034
36484,0.039078688451131875
36485,0.45769079909484145
36486,0.06145019957016545
36487,0.15994008861347844
36488,0.12438199990914368
36489,0.1898264234549503
36490,0.6206697399151356
36491,0.2734609188153851
36492,0.053186433543716875
36493,0.3224305275784795
36494,0.12716855972714963
36495,0.677950585545538
36496,0.0740502695431865
36497,0.03560015249775463
36498,0.37450776989598666
36499,0.1352238193110101
36500,0.3208755849268093
36501,0.05589240008192944
36502,0.27650962595049694
36503,0.37687048192733885
36504,0.5155200993894731
36505,0.17276619479210814
36506,0.2226767273655439
36507,0.15875804766806176
36508,0.09738833652836078
36509,0.7739143421812874
36510,0.16498765731525702
36511,0.138823629492041
36512,0.11755471621441428
36513,0.0756299897638509
36514,0.0703414354298648
36515,0.13993786479343867
36516,0.05539960595915698
36517,0.04802426097289285
36518,0.5488991899904144
36519,0.6604001240780657
36520,0.15035057612824604
36521,0.377701128368534
36522,0.12467316931323144
36523,0.057502978194136474
36524,0.048751970324283564
36525,0.21116172440870115
36526,0.10577446347812085
36527,0.07589016445687977
36528,0.26595799613008575
36529,0.27670989927744116
36530,0.24079805407262067
36531,0.42834455204797695
36532,0.28836193029960566
36533,0.1800607667427899
36534,0.06240047722300659
36535,0.6944161728921553
36536,0.16368308187104208
36537,0.14969910513347862
36538,0.052100971754901027
36539,0.31637347903854557
36540,0.1021677391918587
36541,0.16313357854675897
36542,0.3340929277963921
36543,0.1568832355017498
36544,0.4926424182165643
36545,0.3532512007384004
36546,0.07668063624294574
36547,0.7820387829155968
36548,0.6467732183070686
36549,0.0792381363511856
36550,0.11708354333370956
36551,0.04702144866666273
36552,0.22131526498158915
36553,0.19671023916441216
36554,0.11835793338219254
36555,0.12054267036577296
36556,0.10941404146695433
36557,0.06670169322493658
36558,0.18762130275517896
36559,0.13246160542986446
36560,0.07698496149797306
36561,0.11533211969281794
36562,0.04160764472541617
36563,0.028400315641434363
36564,0.1909822317550499
36565,0.15198055595937784
36566,0.09171176740001616
36567,0.0987926676878174
36568,0.10976813561045934
36569,0.13132543007142966
36570,0.06387584346443308
36571,0.14872546375317344
36572,0.06380539107072745
36573,0.2154294125778784
36574,0.07684101576030403
36575,0.07369570802451562
36576,0.07397574232703419
36577,0.0666042124319246
36578,0.19660518310529743
36579,0.16124034121199174
36580,0.19639130061071758
36581,0.1845301632874612
36582,0.33434625645413113
36583,0.19869721512815067
36584,0.8064999733633303
36585,0.3710697714987369
36586,0.09210932125209975
36587,0.06681100622734636
36588,0.07509428884103307
36589,0.17083447952545264
36590,0.049231235045100546
36591,0.09066571198133107
36592,0.07546853625691667
36593,0.36140973141087046
36594,0.3733482039369738
36595,0.10951614402562271
36596,0.08529571548644298
36597,0.552471979621289
36598,0.0871904841807144
36599,0.18526723363833245
36600,0.045263463169756185
36601,0.42728591290612444
36602,0.07913082111656383
36603,0.08993934691119901
36604,0.20646074692250094
36605,0.04936406146821504
36606,0.06666244732138127
36607,0.08943137030303588
36608,0.41456750847025997
36609,0.25530273986200813
36610,0.08647150741073238
36611,0.10051834278498051
36612,0.6181841698514315
36613,0.10317219443670897
36614,0.09739027091461538
36615,0.17642643926384427
36616,0.07735683897841819
36617,0.2763071402244482
36618,0.20850509451593
36619,0.03489943566432216
36620,0.22374802997881824
36621,0.17701426504902307
36622,0.0921356069248804
36623,0.33524463315847
36624,0.6200137905791799
36625,0.04185349915024599
36626,0.5017528810572368
36627,0.07904913189372352
36628,0.17173840865485152
36629,0.09572346454552488
36630,0.09184505786486676
36631,0.12252684336924377
36632,0.3867602341509936
36633,0.2319975759070073
36634,0.14344053469035248
36635,0.25107922180769304
36636,0.2820073860201493
36637,0.2296330320136115
36638,0.040504503326801104
36639,0.10373649849234322
36640,0.09337758459928193
36641,0.10711722399903721
36642,0.1215408215469409
36643,0.6183552610943176
36644,0.3884919566576256
36645,0.5207888146836964
36646,0.11171835220980185
36647,0.09175381052817135
36648,0.09272217263327172
36649,0.5451758090918412
36650,0.09076898750132607
36651,0.12031971827813666
36652,0.4142558661492197
36653,0.09787142152205343
36654,0.06214719529777937
36655,0.07706235448270421
36656,0.10468252693163847
36657,0.09969016684811818
36658,0.1206737167702823
36659,0.19932223437867666
36660,0.5265190089540557
36661,0.09334044594233827
36662,0.09384424089790958
36663,0.3355940754189369
36664,0.09058835666351646
36665,0.12131770852236529
36666,0.2738637808939415
36667,0.399682743781336
36668,0.12134290300600066
36669,0.12364059701247174
36670,0.05023340073991762
36671,0.39210937701826043
36672,0.15257124970639865
36673,0.6852417336695302
36674,0.38380078738219564
36675,0.058081796830424796
36676,0.1494592846952469
36677,0.05425686541231389
36678,0.5767864025806727
36679,0.126232240791532
36680,0.10915266481384724
36681,0.1568945765777712
36682,0.0935195118271892
36683,0.10401490387720304
36684,0.04569361270217607
36685,0.13222048680999215
36686,0.09605590065041929
36687,0.08946317651710704
36688,0.1327085989144748
36689,0.10164266162571149
36690,0.7281551827738297
36691,0.2594791220830832
36692,0.4083091683519604
36693,0.10945189367420274
36694,0.08160109344531273
36695,0.07301548572902446
36696,0.07408446465779515
36697,0.03049945663292047
36698,0.09444341959002732
36699,0.058901712181566514
36700,0.3727271496159408
36701,0.20590275787198073
36702,0.08371860714313513
36703,0.17286342357585038
36704,0.08144789134213361
36705,0.05287212589285268
36706,0.19089244033655473
36707,0.17763679659286158
36708,0.15556783366034532
36709,0.20490516595836697
36710,0.3184382944712275
36711,0.05927008949324709
36712,0.21774765565845716
36713,0.06047312353022094
36714,0.21396695586922646
36715,0.04451000424067171
36716,0.13449274057603436
36717,0.33311191973434057
36718,0.13629590332241692
36719,0.05122180826339653
36720,0.20120127252278508
36721,0.05750448531558954
36722,0.1722529796523707
36723,0.05875458969943549
36724,0.6697656470468508
36725,0.04321256789960647
36726,0.07991098156947621
36727,0.05197564260902325
36728,0.12689507453104054
36729,0.13329654559963974
36730,0.48810034846101313
36731,0.31908983589358814
36732,0.167261791848517
36733,0.04419778215520948
36734,0.22261212773738592
36735,0.09212851161470134
36736,0.09387549598950243
36737,0.3772815760782908
36738,0.6483743476016673
36739,0.0681225746133753
36740,0.24086601455875942
36741,0.08724167502525632
36742,0.4495031646055516
36743,0.22243702611140118
36744,0.06853975077470688
36745,0.3912479036710373
36746,0.37003771361576515
36747,0.10250865160029249
36748,0.6074573495940977
36749,0.24779747974287866
36750,0.19175979621228995
36751,0.20988615154611207
36752,0.07909426448273502
36753,0.35242160446840326
36754,0.04033132077178752
36755,0.3808347714040301
36756,0.2232058502194204
36757,0.08467212411516747
36758,0.03070680176377063
36759,0.06416328478227463
36760,0.06491860490939727
36761,0.04530515486538301
36762,0.3333255759252065
36763,0.3704892626669191
36764,0.09149681326765734
36765,0.4379988977108891
36766,0.10760465013806175
36767,0.09105977547588552
36768,0.457300791408956
36769,0.6115118269641875
36770,0.05370081372858201
36771,0.06186041520876409
36772,0.06479963856694443
36773,0.0703575677951867
36774,0.06737696534838816
36775,0.0625990421798681
36776,0.4646873914894896
36777,0.10686890221889683
36778,0.07739223092767977
36779,0.06910041826645183
36780,0.05220471926230977
36781,0.27362844947089204
36782,0.35052282668316553
36783,0.23917962551880378
36784,0.06062637308694831
36785,0.1811552438246347
36786,0.11771123192702668
36787,0.17930656464250588
36788,0.11028872888864269
36789,0.6051528324869967
36790,0.07024486177774145
36791,0.35282044291202225
36792,0.06915847943849926
36793,0.07702957335383927
36794,0.16375150516374382
36795,0.2746349449132842
36796,0.06807690707219856
36797,0.04579640310236788
36798,0.1299743307748305
36799,0.13214811851036243
36800,0.06045132202517733
36801,0.07876780981533302
36802,0.1775475691498396
36803,0.25081011264968184
36804,0.17159000714324218
36805,0.05222169997814505
36806,0.12790598474451734
36807,0.08963369131608573
36808,0.5622218246231073
36809,0.13526190406491392
36810,0.07905718213858662
36811,0.6683768323585341
36812,0.5833147222703411
36813,0.08666267158653485
36814,0.15131043355984922
36815,0.30943447864133583
36816,0.10374530800561899
36817,0.4165417431385846
36818,0.21524760364729909
36819,0.12718791643743355
36820,0.22227354074082176
36821,0.04148557344641201
36822,0.1901135150255485
36823,0.10356083453402054
36824,0.29847963975075614
36825,0.4931769100398705
36826,0.08017499364819988
36827,0.7414040134526353
36828,0.27270065661196213
36829,0.6847907490241725
36830,0.7149016123461315
36831,0.05241324543778576
36832,0.22529307381992694
36833,0.19121440669685744
36834,0.12812846194828892
36835,0.059945611450345604
36836,0.04273759576217278
36837,0.02457575089626701
36838,0.6081167916335143
36839,0.11645682742087046
36840,0.5004570197882721
36841,0.1414779506149692
36842,0.05826730737437786
36843,0.046829029681744884
36844,0.04230560284593656
36845,0.0751256956421881
36846,0.08862609199969305
36847,0.3300527341005216
36848,0.1818518311693127
36849,0.08951708495124318
36850,0.07130382600184461
36851,0.049357124789728826
36852,0.048496170802205
36853,0.14499216612185653
36854,0.47153463960848485
36855,0.0634942442217998
36856,0.08154459189967574
36857,0.08245281927524264
36858,0.039404101030431286
36859,0.33940219385082127
36860,0.14980631963782104
36861,0.07765097764323374
36862,0.22119178978705312
36863,0.09073612289455692
36864,0.09801590079464345
36865,0.04807223863050872
36866,0.10338158192761504
36867,0.21172577829954042
36868,0.7426887124780058
36869,0.30494626544218706
36870,0.13264548845202587
36871,0.49528761774387153
36872,0.08781631531899982
36873,0.1576928496316612
36874,0.3561404925054207
36875,0.08704755738084964
36876,0.054718579298325534
36877,0.14173029813151222
36878,0.4057067698421554
36879,0.2306721562990885
36880,0.08643915867364083
36881,0.17480995317026934
36882,0.09791030230035747
36883,0.6764095937914959
36884,0.05112561699545575
36885,0.176832593867075
36886,0.10310606153599844
36887,0.11567466575232316
36888,0.44066857744263804
36889,0.11546807843510071
36890,0.1412533091625147
36891,0.10152565388608249
36892,0.1566890496408245
36893,0.06953867108816261
36894,0.1703703339386954
36895,0.7941274319880235
36896,0.5283749762612392
36897,0.07832446878195971
36898,0.15160379467930074
36899,0.33251955797928384
36900,0.030113914957865622
36901,0.20472981861331127
36902,0.45229582777085414
36903,0.10604712570085563
36904,0.08904941336219854
36905,0.02674080203270807
36906,0.030658694093812264
36907,0.6730222392071421
36908,0.0975396564050801
36909,0.15549656067252213
36910,0.09127893949220196
36911,0.19301861930245648
36912,0.0995063545910889
36913,0.07577608408622219
36914,0.05265509057031924
36915,0.41937989416056487
36916,0.055009781447956374
36917,0.2126359950984493
36918,0.162649309422963
36919,0.05163950721796036
36920,0.14001974056183816
36921,0.06431355680689303
36922,0.2579955774624963
36923,0.1808262354481407
36924,0.47991649374872813
36925,0.05297699820072686
36926,0.0905061498213804
36927,0.40229764982915767
36928,0.07502221385360358
36929,0.056041279887480706
36930,0.25600211850511234
36931,0.2528085756309901
36932,0.07435522609839275
36933,0.21129122042404955
36934,0.027360796720180474
36935,0.101717579882732
36936,0.046174164564196665
36937,0.17707406543550075
36938,0.3160665511965214
36939,0.4006303862275202
36940,0.3648373018437922
36941,0.0522225104991939
36942,0.07834201510748946
36943,0.052757649995527185
36944,0.539421647902466
36945,0.06652027881067885
36946,0.24855089774327577
36947,0.0628871196480066
36948,0.1427757939510451
36949,0.06032845139174211
36950,0.21130029247221
36951,0.07177202241097853
36952,0.04021405366667758
36953,0.2703672188426171
36954,0.28691002321096015
36955,0.15820774759661238
36956,0.30904462371039
36957,0.15779972526863562
36958,0.13769883149498527
36959,0.4571156415822052
36960,0.20912817850846024
36961,0.2014640886934453
36962,0.07397631838432933
36963,0.17616276410338702
36964,0.6190647925816734
36965,0.06509361936320034
36966,0.0436649642894172
36967,0.07087211886112826
36968,0.5296622177350998
36969,0.11150952522398307
36970,0.04648442440994825
36971,0.640542761925354
36972,0.47557887300464985
36973,0.16580836658546383
36974,0.7001530015469609
36975,0.0782388069354607
36976,0.16586707867862713
36977,0.09687570702307237
36978,0.376799000227604
36979,0.06902323468988024
36980,0.09285479725045566
36981,0.5387808547813195
36982,0.03811543923093357
36983,0.387836830021918
36984,0.11921315497890166
36985,0.6885621863098722
36986,0.08487762133021319
36987,0.2815945869482629
36988,0.7305312262701432
36989,0.6375663945817286
36990,0.23542108103694895
36991,0.1126981223619912
36992,0.06301511403601968
36993,0.5110143798005634
36994,0.11903865578832556
36995,0.17300034650037324
36996,0.10014227082844165
36997,0.5999135945674366
36998,0.08944309851355012
36999,0.23045570859209888
37000,0.40544841622015715
37001,0.12104046787068777
37002,0.18381220121003616
37003,0.1411009501092812
37004,0.399617922141423
37005,0.15830299504459494
37006,0.7710789301084761
37007,0.03748854656897396
37008,0.3016957697964831
37009,0.2304893850954971
37010,0.31111075746098193
37011,0.12541102754472722
37012,0.5425387702392775
37013,0.05596288038006175
37014,0.044271047972236674
37015,0.05052872991966008
37016,0.06428536880645244
37017,0.21401895663868137
37018,0.12765675988915792
37019,0.11055597119205288
37020,0.10494656435007937
37021,0.23454715412299465
37022,0.15425553716377832
37023,0.23893160364307184
37024,0.4866539572057009
37025,0.07255708741116809
37026,0.04398487240866094
37027,0.17924098521139625
37028,0.27366110609662647
37029,0.0690006583514336
37030,0.04081292993725622
37031,0.0532718965085136
37032,0.5397323916447644
37033,0.42157148529876937
37034,0.033023237851428716
37035,0.050367594991912595
37036,0.19654906047856607
37037,0.43803296440711137
37038,0.16206456680721248
37039,0.11520574738205056
37040,0.08367208595204158
37041,0.07958636921548679
37042,0.04314789994334428
37043,0.1375620638645592
37044,0.13663509703828397
37045,0.05291115802632249
37046,0.5744561884034409
37047,0.037810686311778065
37048,0.5519500466908934
37049,0.11983783990968211
37050,0.1075360100030378
37051,0.15842709334186617
37052,0.1314047016849483
37053,0.1090828916731374
37054,0.0830184529329371
37055,0.16029251320823895
37056,0.15435493704774683
37057,0.12089016557847589
37058,0.033441087303641204
37059,0.1504739187393046
37060,0.15235082832337252
37061,0.17479968290392014
37062,0.12930801866897762
37063,0.3378445410769453
37064,0.06840073094993315
37065,0.21708978452298558
37066,0.10124479404381731
37067,0.3612279593309386
37068,0.0747646783050214
37069,0.1562849908111041
37070,0.16269320481113494
37071,0.6639401171470479
37072,0.10501621532971957
37073,0.17321005683125557
37074,0.12972228226737487
37075,0.05123535763222449
37076,0.3101380346019161
37077,0.10470879291726352
37078,0.08084890765520307
37079,0.0853039932981819
37080,0.5196166695085876
37081,0.10248494016318338
37082,0.3869444736999865
37083,0.6274484584152794
37084,0.1809534671971189
37085,0.1454587517106702
37086,0.20540990337694393
37087,0.3804135933099039
37088,0.031108020591248304
37089,0.13035611636098615
37090,0.20169922036443105
37091,0.5014530940967584
37092,0.1504809423267325
37093,0.025690066104321493
37094,0.0415348952758107
37095,0.06651102539225512
37096,0.16015930269891837
37097,0.15319271776816895
37098,0.5319243862809399
37099,0.09702710612624629
37100,0.05778119230544813
37101,0.12816027831607682
37102,0.09584763909485527
37103,0.12294937326691313
37104,0.07464488731594739
37105,0.3447389972476583
37106,0.09917594557633129
37107,0.4142785842505697
37108,0.03993692720060267
37109,0.16135568924823324
37110,0.054145166576252644
37111,0.2903283099355825
37112,0.1816413109047177
37113,0.5069980703654114
37114,0.5806134908943442
37115,0.07831971647335098
37116,0.2895314887158337
37117,0.044034974927440775
37118,0.2929377552609078
37119,0.09421443133927442
37120,0.062117748512825276
37121,0.0508184169708593
37122,0.041626161396049764
37123,0.06767913936692818
37124,0.08981767361864654
37125,0.22313959801777847
37126,0.06568054311367638
37127,0.07323468919949512
37128,0.10237830230018467
37129,0.5777482449988496
37130,0.709309663000408
37131,0.08020205692924379
37132,0.7411477702634451
37133,0.16142675463948308
37134,0.43869699681438684
37135,0.7532279017819157
37136,0.09169427410298665
37137,0.6912389264038495
37138,0.5082624778034244
37139,0.10647700195621577
37140,0.3329409361093179
37141,0.09534579079784335
37142,0.27722071304851775
37143,0.05224630844896008
37144,0.5413798617264735
37145,0.6886931780153589
37146,0.08589889448450093
37147,0.3186243957470553
37148,0.1999224353953228
37149,0.11193364091969758
37150,0.32384747680147996
37151,0.11903170508229993
37152,0.19714087335746083
37153,0.1709830093899571
37154,0.18763490481673523
37155,0.7222118950016757
37156,0.3343971444665191
37157,0.040725235078266475
37158,0.09968025503754158
37159,0.4838521345067028
37160,0.06994300926700481
37161,0.10174181968218668
37162,0.25040904342630116
37163,0.07217056776044119
37164,0.18948457600187898
37165,0.07701312803303857
37166,0.08636745932562406
37167,0.22050721316528643
37168,0.15489911244640267
37169,0.1435854942469454
37170,0.30602109981410885
37171,0.08902003368221356
37172,0.6777362089600291
37173,0.20203749397435006
37174,0.08956606823325756
37175,0.19914473251683995
37176,0.6230896070229093
37177,0.19228920104050945
37178,0.1704295576145148
37179,0.5606715619569191
37180,0.11021524364087043
37181,0.7106137870031509
37182,0.15825596162653405
37183,0.08064756318469832
37184,0.1849812899494539
37185,0.3527790204445393
37186,0.2184601999019194
37187,0.058414489949594486
37188,0.1423282943676688
37189,0.09212419363817964
37190,0.07338047797518311
37191,0.3912119434451163
37192,0.23006619145127039
37193,0.09160251647836838
37194,0.2320469774539954
37195,0.212209133016609
37196,0.05197637319736951
37197,0.655837853504199
37198,0.12917808812976067
37199,0.22090271306102713
37200,0.06301471415733675
37201,0.09202496206201918
37202,0.08671861720186302
37203,0.08903609385630103
37204,0.08283693231353108
37205,0.13580924435387418
37206,0.04614756649053591
37207,0.04565537692125564
37208,0.07905302859879386
37209,0.11359744917485408
37210,0.601491779747927
37211,0.4168154366889224
37212,0.07011228206020072
37213,0.7490893328416992
37214,0.046348315607185595
37215,0.5663118192268163
37216,0.6877776337034897
37217,0.11211967180882873
37218,0.1018871532822088
37219,0.07610954106490711
37220,0.07213920959547823
37221,0.13588735002042887
37222,0.07621188507769586
37223,0.5425776107469481
37224,0.11514618007121188
37225,0.07959898898951889
37226,0.6679062702327708
37227,0.10807070848657273
37228,0.15613722348193215
37229,0.3864766961731636
37230,0.5897048923125542
37231,0.5973466476023316
37232,0.08832576202733403
37233,0.10519118980436998
37234,0.28652600153671787
37235,0.4067007024114183
37236,0.18124448702228754
37237,0.1521004350670305
37238,0.4818167990824622
37239,0.1308847366116395
37240,0.16418443927567888
37241,0.08331644518624003
37242,0.26103879826026416
37243,0.09646477757683351
37244,0.10344305271324171
37245,0.7567587620143296
37246,0.08639950883622796
37247,0.08166610630174971
37248,0.07061973706401241
37249,0.35652660964801547
37250,0.18935365285600164
37251,0.10023471424956311
37252,0.04326184753195443
37253,0.13493497420522718
37254,0.2907856942132152
37255,0.5830220154299639
37256,0.1495673117260386
37257,0.21175746245510377
37258,0.14784344530628657
37259,0.05635234070153736
37260,0.07631599148894098
37261,0.17304347487150676
37262,0.15065800520043263
37263,0.07321453148570992
37264,0.08094684670343634
37265,0.08897400046411018
37266,0.5115808108820415
37267,0.22274269798328983
37268,0.1613978164886249
37269,0.09301772208239407
37270,0.10933990562344642
37271,0.2291314037447257
37272,0.03510065525828739
37273,0.06570953046913289
37274,0.17578668656548507
37275,0.06676476714858882
37276,0.08553994100795276
37277,0.17728035904945857
37278,0.49874927094902355
37279,0.4914645932506311
37280,0.2339115610287722
37281,0.19203830674166056
37282,0.21815197632056907
37283,0.06242805517401611
37284,0.10117452697513801
37285,0.058965443599737925
37286,0.13539621168781654
37287,0.18626557495172624
37288,0.2640692288171145
37289,0.1100541255813249
37290,0.7179249894013366
37291,0.12740259977246898
37292,0.14717554058500804
37293,0.8210718955949572
37294,0.031669079198537876
37295,0.10389124488691498
37296,0.13489316969911755
37297,0.06753919994307733
37298,0.16574812146035695
37299,0.06938961569903211
37300,0.08889156244167266
37301,0.07137283545971787
37302,0.09944752477217686
37303,0.16490564907212826
37304,0.06914826277008758
37305,0.05869656941765889
37306,0.03013581963350742
37307,0.11527551478596244
37308,0.6141176147010132
37309,0.48853864850329237
37310,0.5604958994363417
37311,0.060922538939319114
37312,0.03692998269751999
37313,0.26342703455970745
37314,0.4495815167434439
37315,0.26294675168655446
37316,0.2120552452121422
37317,0.10752793639591161
37318,0.06944118430669542
37319,0.3325704497622609
37320,0.13469485207881007
37321,0.05304862827724673
37322,0.08930635919629376
37323,0.2939094550926098
37324,0.388099842246704
37325,0.08502419189298764
37326,0.07919598946269438
37327,0.04018698094984949
37328,0.1543927530308368
37329,0.5991455522387703
37330,0.06540510053787991
37331,0.126082787982649
37332,0.06981740883058982
37333,0.10439580892673384
37334,0.11281921280217971
37335,0.11110557195749747
37336,0.26306965030621793
37337,0.03603007078977806
37338,0.10901567520506497
37339,0.0657710277487231
37340,0.46342006487613163
37341,0.44122057040247425
37342,0.08175350853453596
37343,0.20672657236866862
37344,0.20160158963029473
37345,0.6599854300000549
37346,0.042048296219626885
37347,0.13404111112231012
37348,0.08888143577084195
37349,0.12462955984356476
37350,0.07229892155324723
37351,0.1033722239665378
37352,0.10317021895029316
37353,0.23325901545914773
37354,0.11699069733513369
37355,0.13101281483003974
37356,0.14599086695105962
37357,0.10185601261792197
37358,0.2149893491720236
37359,0.1886797641784462
37360,0.021387489535763606
37361,0.1355504067357524
37362,0.09099386261823907
37363,0.38481713973484144
37364,0.05545355521053615
37365,0.1820902346889531
37366,0.3437095849091377
37367,0.14399985619533492
37368,0.3771304045502088
37369,0.04925530319225412
37370,0.07361274469405579
37371,0.07298320773503064
37372,0.4659932066667985
37373,0.4983200431343448
37374,0.10869242137199113
37375,0.11351272682154244
37376,0.3023608781977206
37377,0.04729929078797234
37378,0.07700417425140207
37379,0.059700252971804
37380,0.6512546837970153
37381,0.2480120098993173
37382,0.11521373908962376
37383,0.3152455954035708
37384,0.06202592510791824
37385,0.16746556781548214
37386,0.0855395180736242
37387,0.0772928932875496
37388,0.31118092560454585
37389,0.345221907031749
37390,0.07855501910840922
37391,0.06986256085870424
37392,0.32309318281154353
37393,0.09540135156103496
37394,0.1019751695373533
37395,0.2813041966947259
37396,0.1057294387529624
37397,0.10390221228830376
37398,0.1115548531221381
37399,0.04383165382212462
37400,0.4424781125659311
37401,0.67712391045244
37402,0.21372439071150567
37403,0.37593833760979745
37404,0.05648988592585713
37405,0.2517808966301794
37406,0.17541246386916864
37407,0.09966176495658136
37408,0.1232534049079416
37409,0.16034139832087438
37410,0.2812954108664291
37411,0.1606011103372138
37412,0.07913273267150733
37413,0.11774885144445654
37414,0.033602701793721615
37415,0.5999972104655144
37416,0.05949228130974604
37417,0.43874058379454745
37418,0.2844971944185742
37419,0.04868935521993296
37420,0.16242123097077962
37421,0.06642855308973893
37422,0.04793404649139631
37423,0.12711046452815988
37424,0.3154116688621783
37425,0.0939043942705443
37426,0.10938140365240331
37427,0.08249928833433291
37428,0.14036096575635607
37429,0.03726926452217978
37430,0.7378100644007866
37431,0.18338295414059588
37432,0.0360505127655344
37433,0.4442055410023781
37434,0.5044234041126706
37435,0.14429632129683223
37436,0.13517855993854105
37437,0.20989144127519208
37438,0.05072355136235957
37439,0.06589199853705305
37440,0.37670340294410604
37441,0.08668611999596017
37442,0.10613386413485937
37443,0.04691619968553853
37444,0.3301103899088113
37445,0.08105873490931403
37446,0.5788074556557751
37447,0.07316391347014342
37448,0.13213578564401973
37449,0.05803141301977894
37450,0.05062640978395855
37451,0.16848918997888018
37452,0.12637589907760033
37453,0.5037121458441084
37454,0.2318126983860371
37455,0.43293189940077526
37456,0.18066364175204008
37457,0.6123108122050782
37458,0.06142094492137031
37459,0.47391473774296317
37460,0.11831893917652508
37461,0.6854529699394395
37462,0.06244703965401619
37463,0.09670200089826074
37464,0.08265798902892431
37465,0.23517575972444812
37466,0.5345195636093001
37467,0.056432344208903466
37468,0.06176202625072887
37469,0.13305544466257457
37470,0.1083322128778551
37471,0.19958458646952026
37472,0.11236689765626773
37473,0.1744919257545327
37474,0.08935634675392201
37475,0.09319734250474018
37476,0.4946667557483488
37477,0.15125232297533678
37478,0.1813078041765131
37479,0.08980949240484935
37480,0.04328912836723834
37481,0.6215851293501654
37482,0.03295695469290001
37483,0.25289674997320805
37484,0.6485870319276484
37485,0.10896295048156579
37486,0.07302414627503094
37487,0.1622517496660529
37488,0.06324108951419341
37489,0.12493605457692193
37490,0.1606238802299184
37491,0.10210697638649457
37492,0.13130637166533152
37493,0.0418139313032035
37494,0.1883361952881011
37495,0.07677874719305247
37496,0.4153600555706714
37497,0.03814384930945189
37498,0.5214427325288448
37499,0.038027447407616995
37500,0.3028306179356242
37501,0.09287760735721486
37502,0.639807407431685
37503,0.05683218485951214
37504,0.2759196675495957
37505,0.492232840392244
37506,0.055954001313125105
37507,0.06163859642795059
37508,0.5391058468454812
37509,0.052834817460061266
37510,0.44679466865815876
37511,0.05898059623763551
37512,0.23157283784883698
37513,0.18596509218974855
37514,0.1320873612758913
37515,0.05661111278021618
37516,0.07927465780527329
37517,0.08055819303404886
37518,0.041556778857814836
37519,0.1041209170124048
37520,0.4318161735889113
37521,0.06865391219583558
37522,0.22933086769867553
37523,0.1655491032614831
37524,0.41730140904800656
37525,0.3157336072487496
37526,0.20548533163824884
37527,0.03658783187792034
37528,0.16088157891447952
37529,0.3520986324812508
37530,0.11693070562835803
37531,0.030458055368938114
37532,0.25078893053304935
37533,0.05301925849107788
37534,0.2572027614052336
37535,0.6022062451685404
37536,0.05894676547014232
37537,0.31395937116943196
37538,0.08817412245159886
37539,0.12267972579947586
37540,0.039884732219838195
37541,0.0551411059957433
37542,0.5412326129279759
37543,0.2873065430929773
37544,0.08139589539450655
37545,0.3501482711966662
37546,0.08695817972990177
37547,0.5530282527161849
37548,0.14522744867609502
37549,0.5756993502183227
37550,0.09820429238202683
37551,0.07687518772698511
37552,0.08554651481370876
37553,0.13664103368154437
37554,0.051117906983311444
37555,0.16914954674741547
37556,0.13459378248144444
37557,0.057458168987719584
37558,0.10621799264714996
37559,0.08123210616280559
37560,0.094711432917217
37561,0.11157222462745073
37562,0.29903436838534797
37563,0.07471003869053534
37564,0.193446310476681
37565,0.1918402511315081
37566,0.1631851521347504
37567,0.06372558094679875
37568,0.09581375605677295
37569,0.07567105199942735
37570,0.6867417407642229
37571,0.33218949245402446
37572,0.33675588418474145
37573,0.10527701870921106
37574,0.1185187755688072
37575,0.05631260405827856
37576,0.3927056806681454
37577,0.05251781879100636
37578,0.141500607813652
37579,0.5154533238682159
37580,0.06857583548358542
37581,0.16304237398720842
37582,0.11374619849447673
37583,0.08965984261334632
37584,0.07765362386535572
37585,0.22614056639717253
37586,0.13180590606324205
37587,0.7351227203279661
37588,0.14296245346766132
37589,0.3170627743963687
37590,0.07528715673862255
37591,0.23743799365765275
37592,0.0707233016587298
37593,0.25565154387721295
37594,0.3578702135630347
37595,0.4407079013666398
37596,0.24260492076928641
37597,0.19653756573586284
37598,0.2560140389043635
37599,0.046580614663829664
37600,0.09652551994095106
37601,0.10700464228472245
37602,0.19564896722252761
37603,0.46874723360497056
37604,0.053031948690228314
37605,0.4725018313630783
37606,0.18544321179792653
37607,0.30351532730226266
37608,0.08652593716013207
37609,0.0752466274702015
37610,0.10477195838568826
37611,0.17643727768403122
37612,0.09572968163955374
37613,0.6145730790673787
37614,0.23263355257972332
37615,0.07632062827977017
37616,0.16768765126356
37617,0.16314595852467145
37618,0.05357798600181081
37619,0.05013495391460251
37620,0.5290813888017647
37621,0.0725642149672326
37622,0.1136663380920962
37623,0.10194239357944843
37624,0.6440761085208915
37625,0.11131585826266599
37626,0.5008809649976866
37627,0.07562837333388435
37628,0.13970143595575227
37629,0.0878491159434007
37630,0.13985217748756273
37631,0.10623733807718835
37632,0.11255894992353684
37633,0.35615748784929824
37634,0.0532623902887333
37635,0.08830598025075859
37636,0.2242121421782243
37637,0.09694449832237334
37638,0.09113435270628062
37639,0.389000744804253
37640,0.3845154494470727
37641,0.18795892281823828
37642,0.37524278592024435
37643,0.3393601963383684
37644,0.4806489639214896
37645,0.1914714070581986
37646,0.17474197707301944
37647,0.057845742835063815
37648,0.14283912556421693
37649,0.05778661508824172
37650,0.13949748951677995
37651,0.06132446041162341
37652,0.3661657057716134
37653,0.0524372349034631
37654,0.09155174704448031
37655,0.6646355746400612
37656,0.08110638164683578
37657,0.08847951495911732
37658,0.21735740553434457
37659,0.02898779068887223
37660,0.09480439282409747
37661,0.16177564219502824
37662,0.09087042864702331
37663,0.09038520758946354
37664,0.043377347104738666
37665,0.05433204760963944
37666,0.42699238357234737
37667,0.10722739565487158
37668,0.06976142668559686
37669,0.1287756235291119
37670,0.08406901402409912
37671,0.046797664491141144
37672,0.5178128917522319
37673,0.14279304039190574
37674,0.09416859598453607
37675,0.3082917729428685
37676,0.08603873845806816
37677,0.05909597077615615
37678,0.13804265558683906
37679,0.12301560070592793
37680,0.07635212691340168
37681,0.2602879977656946
37682,0.11002403153257978
37683,0.09201427798979729
37684,0.10432427135366237
37685,0.16806946383683288
37686,0.1842723306635623
37687,0.0792339319303129
37688,0.09156234660256787
37689,0.5791951409583789
37690,0.08265437685450408
37691,0.47113663256748545
37692,0.18092839425493812
37693,0.313062612751941
37694,0.05387794122568317
37695,0.5990763664083919
37696,0.3212950253997424
37697,0.21542938996665129
37698,0.1609858887483373
37699,0.14881842899562395
37700,0.0771935283621928
37701,0.09806340759373021
37702,0.06390392345540821
37703,0.1149523717927168
37704,0.1476257830703464
37705,0.5690541898217492
37706,0.11308879294665514
37707,0.08037831665261322
37708,0.26644044886322604
37709,0.4283624695893596
37710,0.19546171683554878
37711,0.17185736127973997
37712,0.2544057356300374
37713,0.09899187094075411
37714,0.4587553501085009
37715,0.557356405894041
37716,0.3868692734461886
37717,0.70021459531369
37718,0.10305778860386126
37719,0.5130831724554838
37720,0.10502894671475906
37721,0.13362239998155598
37722,0.3697242528148414
37723,0.4223786496275368
37724,0.191182357416013
37725,0.19533631336413063
37726,0.15460881397502851
37727,0.22436612594250935
37728,0.09910004762017549
37729,0.5431158098689163
37730,0.23343071065752038
37731,0.06964813174201283
37732,0.46804975483500555
37733,0.5875795478714538
37734,0.4869272364763853
37735,0.1311095379262604
37736,0.3590099965517803
37737,0.19057213953445085
37738,0.17917529055709225
37739,0.7346139915545652
37740,0.6009521180625038
37741,0.21846553529225615
37742,0.49840400917932026
37743,0.6597169266759145
37744,0.04928167181485926
37745,0.12309697731642476
37746,0.2828296056358892
37747,0.10880702301163175
37748,0.5392675358612837
37749,0.6103212679041251
37750,0.1546532337695328
37751,0.11168835666729625
37752,0.5476911445709547
37753,0.1604277570142049
37754,0.09317294685289139
37755,0.11004619927255026
37756,0.10485050636421998
37757,0.11877911090493133
37758,0.059548953427342066
37759,0.06924503874439986
37760,0.3578881625503544
37761,0.2171332369030428
37762,0.6464400746869817
37763,0.09346982833941082
37764,0.08193093440514287
37765,0.07121152979092946
37766,0.08924184065503776
37767,0.4651864747854407
37768,0.2103048683777216
37769,0.0734281952492198
37770,0.06870805223121837
37771,0.17755916644127637
37772,0.2011090385539893
37773,0.26036398731730276
37774,0.09399186376173779
37775,0.07410884898591208
37776,0.13220938316245884
37777,0.21439656510343275
37778,0.04093535186784086
37779,0.7806784624242634
37780,0.040069795172368625
37781,0.049397087174893946
37782,0.22253760775262996
37783,0.036188167542182466
37784,0.07731401927862044
37785,0.11904376476592841
37786,0.09743808462685453
37787,0.4482050140821205
37788,0.46689578952606203
37789,0.0613257429756322
37790,0.07484803554575556
37791,0.2763131460514126
37792,0.22053443111288648
37793,0.06952550838320028
37794,0.3988764110275485
37795,0.05208940064825917
37796,0.04458608405152045
37797,0.056668585564566276
37798,0.04457872597897234
37799,0.07173509275825697
37800,0.23739965306668825
37801,0.04125825431241945
37802,0.40619483889753655
37803,0.35171517387639334
37804,0.5124091421887959
37805,0.14704073338990617
37806,0.4407988415329304
37807,0.7760628887595609
37808,0.11039060602016723
37809,0.16866093393623807
37810,0.31493288640259126
37811,0.09124158579462234
37812,0.7544191991285693
37813,0.06487450531932684
37814,0.2370118541588342
37815,0.09836559783910692
37816,0.08238964477297464
37817,0.6072866154613127
37818,0.3713087346548109
37819,0.4068816745277643
37820,0.22727529390181228
37821,0.15464441670764034
37822,0.12082241619950719
37823,0.05524624971472221
37824,0.09159879071734442
37825,0.06252990484565113
37826,0.16469081115917433
37827,0.4509822845208357
37828,0.05059112858280163
37829,0.2723343253778693
37830,0.49156006303670996
37831,0.10425637550743855
37832,0.06715834003828448
37833,0.13179356144884674
37834,0.811589412424771
37835,0.04514563910697483
37836,0.15217573280533264
37837,0.07519892089790425
37838,0.5599916787293189
37839,0.1497495728673776
37840,0.038082650658544416
37841,0.03367494004590299
37842,0.14533685103848326
37843,0.05939983931879522
37844,0.12322139265438616
37845,0.35600685170756635
37846,0.08729978903850079
37847,0.6866575818008666
37848,0.08979159138976033
37849,0.08890395837966981
37850,0.22651200486548062
37851,0.1548259420209028
37852,0.18861024142630006
37853,0.1560082454361356
37854,0.10279673638913975
37855,0.39158404020837884
37856,0.2130018764445182
37857,0.4832407708263987
37858,0.11011908126877551
37859,0.17245397099551588
37860,0.14895783806363894
37861,0.5468830403605462
37862,0.5546040806766549
37863,0.05472405656300709
37864,0.08229678392842285
37865,0.05638562147221099
37866,0.2546162812832119
37867,0.13958668426125173
37868,0.02874069128678961
37869,0.05362755483673945
37870,0.032479877954663214
37871,0.2389777981788245
37872,0.12837247300225577
37873,0.11017128435873746
37874,0.06025617673170738
37875,0.11855427333848972
37876,0.12645627323249573
37877,0.13025365731303618
37878,0.2134064594943443
37879,0.07169309050842472
37880,0.33475425283283533
37881,0.08792675144459408
37882,0.2047577298505899
37883,0.28795684422342155
37884,0.22201982710254592
37885,0.048130759053434835
37886,0.10040903751073223
37887,0.11262167124231567
37888,0.07264271857685273
37889,0.03997767981745095
37890,0.058992242014451864
37891,0.05261996084322518
37892,0.14695017566915
37893,0.5395944750581673
37894,0.284689853115886
37895,0.04598671097035682
37896,0.1207935072429118
37897,0.28744395490658986
37898,0.16137926596050967
37899,0.06879437869831673
37900,0.12343801152755397
37901,0.5029396517317918
37902,0.10995630781235588
37903,0.26864609182794025
37904,0.6100109498890679
37905,0.22311342894425498
37906,0.06952916451897982
37907,0.05741706917231666
37908,0.13372744939635023
37909,0.17120037951537254
37910,0.6092238345637193
37911,0.21558615773756842
37912,0.08915641127157169
37913,0.10158005312725224
37914,0.10811546985993123
37915,0.06535906215872202
37916,0.6469599299432506
37917,0.10575492379996304
37918,0.25061883339554036
37919,0.1931983907742293
37920,0.18607454109359664
37921,0.16955947956490008
37922,0.07883650771094308
37923,0.1036318832806793
37924,0.10753792974719562
37925,0.15185004793031512
37926,0.07597115051201568
37927,0.10751689919144229
37928,0.1193533135843735
37929,0.40295939895157873
37930,0.027746221132955443
37931,0.6629839852619167
37932,0.0433713488791749
37933,0.36563506588852973
37934,0.05802173236465073
37935,0.08430140879011087
37936,0.22442036563444068
37937,0.05496382932322318
37938,0.3346992538336029
37939,0.5663896569528847
37940,0.07736534248281762
37941,0.10310730264412114
37942,0.4417596788675294
37943,0.07644262414609061
37944,0.08142789965455799
37945,0.42428763329681035
37946,0.0807394285123424
37947,0.6032309516269002
37948,0.16203859418895192
37949,0.10488047769654021
37950,0.04870698842765559
37951,0.03416823455042933
37952,0.16030097440596505
37953,0.15389219771358278
37954,0.12310023833990648
37955,0.7021850925835602
37956,0.2428792408109925
37957,0.13862839255705348
37958,0.056342054294152316
37959,0.07318481249817398
37960,0.7582897420552595
37961,0.08405688820311073
37962,0.2337730330746929
37963,0.17297699878392397
37964,0.04525497898990043
37965,0.6016813933518925
37966,0.11045267357989408
37967,0.045875751706714096
37968,0.11741503425810831
37969,0.06828819006959491
37970,0.030233300976326566
37971,0.09560246989695621
37972,0.2710834837124736
37973,0.1897222033476415
37974,0.47768972498690127
37975,0.343591472830747
37976,0.27073972656716855
37977,0.14817336628890043
37978,0.33207136546828325
37979,0.054268764952250345
37980,0.16530080465105979
37981,0.05264161580656913
37982,0.1334636580944933
37983,0.18209385979146614
37984,0.07548306055196298
37985,0.21214167211970222
37986,0.051116599591535396
37987,0.13550914706136788
37988,0.12506156024034104
37989,0.05468096014284759
37990,0.03554057303205727
37991,0.08518243780192218
37992,0.09605888368791941
37993,0.07904955784295019
37994,0.040280537213655425
37995,0.16167515885500305
37996,0.6567572276856342
37997,0.20692869263769498
37998,0.2542245090656067
37999,0.40939714389217224
38000,0.25520970664153003
38001,0.14330911265992244
38002,0.6309388295594617
38003,0.4517542780633576
38004,0.07334186817242581
38005,0.2776398275620016
38006,0.06262365642685869
38007,0.5719408158246129
38008,0.1394476861103439
38009,0.041500205237996995
38010,0.1429524654785588
38011,0.5206166788344392
38012,0.10773399404955758
38013,0.16475102393031943
38014,0.11279076279651266
38015,0.11517072828063528
38016,0.129531440239467
38017,0.095695285087976
38018,0.03731137383902088
38019,0.5784921502267795
38020,0.053627952452174485
38021,0.11921421824717389
38022,0.460405147193954
38023,0.20458177446414222
38024,0.44384065875949197
38025,0.15707382558153857
38026,0.03998619593544414
38027,0.49858057113920023
38028,0.36010567770028645
38029,0.04922203677843538
38030,0.1327134126163503
38031,0.5590737337557466
38032,0.12227438709065777
38033,0.07248933139095534
38034,0.14692425272825957
38035,0.07367720116700599
38036,0.1848709107305908
38037,0.11704330227112734
38038,0.10766422399471333
38039,0.07896470286020062
38040,0.27288787799167813
38041,0.09751602352169271
38042,0.07127911135723027
38043,0.08289383646428734
38044,0.23072352090894674
38045,0.21553057102161743
38046,0.03945017552972909
38047,0.06665969487150089
38048,0.12733991628283275
38049,0.0986813255765897
38050,0.039653099296910736
38051,0.09688775021798746
38052,0.14602362408148736
38053,0.14198266456339448
38054,0.4614829331398516
38055,0.11848157771431632
38056,0.5149847331742783
38057,0.49659504460996906
38058,0.09096194925868976
38059,0.12180053379560661
38060,0.09725851704180237
38061,0.5479212901768772
38062,0.27671377056018787
38063,0.3478787976692777
38064,0.0378324551122516
38065,0.0415276094691712
38066,0.17689490650248896
38067,0.04808075434347571
38068,0.20671339314934606
38069,0.0981383133962245
38070,0.23737507443167455
38071,0.10033096463429098
38072,0.0452194210891837
38073,0.2396777552340012
38074,0.10677889476753921
38075,0.6117732382482259
38076,0.1827034583661342
38077,0.06209245036138641
38078,0.09353619966381135
38079,0.05347956409549334
38080,0.6503467851139338
38081,0.08674991353688657
38082,0.08060418185737081
38083,0.2730267205235725
38084,0.5347194150256533
38085,0.05659193273345276
38086,0.0785830431039451
38087,0.23764740556406044
38088,0.08783289431168116
38089,0.3918940154843868
38090,0.040941370396410624
38091,0.07768253794926411
38092,0.1662030309732968
38093,0.17360781131315947
38094,0.43975318180278045
38095,0.11934307374657253
38096,0.5072814368296695
38097,0.04710078759263408
38098,0.10497359622671554
38099,0.09040784001173535
38100,0.059293610083995404
38101,0.12245823309572425
38102,0.07150678022477627
38103,0.05225608555186392
38104,0.11391142418198628
38105,0.14512317673801642
38106,0.05481964137961756
38107,0.08229475501692564
38108,0.03826537528449169
38109,0.19215668532312397
38110,0.04253785046320226
38111,0.10689922747108999
38112,0.10455117871204132
38113,0.46885944113501693
38114,0.09287566472953866
38115,0.08372202291350052
38116,0.18938531848252615
38117,0.03038265185821085
38118,0.7173273027599003
38119,0.1168353840635613
38120,0.17772248396960347
38121,0.0729197629536601
38122,0.09321240864653524
38123,0.19361147938961076
38124,0.08392065473594555
38125,0.2885855099499897
38126,0.2130966729234294
38127,0.480495316500597
38128,0.08334418846765076
38129,0.07079496432519514
38130,0.09039597414110788
38131,0.07932253024423376
38132,0.031273279516527044
38133,0.0914936762401758
38134,0.09619727616348558
38135,0.08191243818741115
38136,0.10370878399678883
38137,0.7045561598445339
38138,0.04292030858008607
38139,0.731682908357993
38140,0.08214035855254925
38141,0.13756652745730946
38142,0.532215878960532
38143,0.709948848544069
38144,0.42060081022416745
38145,0.3717063232565524
38146,0.2724849290378042
38147,0.03945037192498448
38148,0.6814949954177395
38149,0.08511233768663755
38150,0.19570191275270687
38151,0.7046481253642166
38152,0.05778165461968669
38153,0.403777049382879
38154,0.04359335275233067
38155,0.14843555601420963
38156,0.511837416981114
38157,0.17119996791066894
38158,0.13280184332462464
38159,0.09479988469762009
38160,0.11563726725058551
38161,0.7198691618232654
38162,0.13861847627979407
38163,0.40165766775488787
38164,0.22414906533730033
38165,0.07206565836426437
38166,0.21644611747213702
38167,0.43266664140874506
38168,0.031791072615361404
38169,0.4791286715588301
38170,0.20457658196673903
38171,0.7143769813115083
38172,0.20083605951492264
38173,0.1092925897569319
38174,0.05243826866464712
38175,0.45738750730215844
38176,0.5621695366952736
38177,0.3471543736474667
38178,0.06013550015193117
38179,0.26057608416408456
38180,0.5445759780677348
38181,0.13380444669794522
38182,0.21846318544074023
38183,0.22984638275455543
38184,0.03525017696533825
38185,0.048398946201679414
38186,0.1015567975046031
38187,0.031331974032621286
38188,0.09627820052707156
38189,0.25014367109788316
38190,0.20306040420039834
38191,0.12062809532292512
38192,0.09447508618899995
38193,0.12655249475901834
38194,0.37674195044887293
38195,0.361894057389112
38196,0.024134970567950588
38197,0.06830837759925042
38198,0.24979762020856824
38199,0.15666731757144797
38200,0.028681710997478228
38201,0.06681621387534678
38202,0.7414719294025014
38203,0.19672800630102624
38204,0.04005431211174083
38205,0.05828098868585351
38206,0.47839811848666725
38207,0.28787317700830006
38208,0.1136162538643188
38209,0.07425947155514019
38210,0.25078031396305606
38211,0.0805686871940192
38212,0.3612828141998228
38213,0.03794376945142576
38214,0.2613198574675988
38215,0.08680766702349628
38216,0.13517064230583403
38217,0.041915879237910986
38218,0.11388026349413181
38219,0.049525668398838395
38220,0.3123643405374911
38221,0.09903872398924714
38222,0.095969400601837
38223,0.3550413264382879
38224,0.09440213404662336
38225,0.08444980048634436
38226,0.24730353868063745
38227,0.2150933632802228
38228,0.08711393485571914
38229,0.5439635355136457
38230,0.06329530393856633
38231,0.07725413180360548
38232,0.31085197310749846
38233,0.17229089803767383
38234,0.059332331582597334
38235,0.11282879335472056
38236,0.8466146697687778
38237,0.09268654583787958
38238,0.057207980303964234
38239,0.16542921840265806
38240,0.25764927412439304
38241,0.04778972918475801
38242,0.038990307348899744
38243,0.127733893248826
38244,0.042956476778517265
38245,0.19895863821435156
38246,0.10533207640007156
38247,0.3904448443008135
38248,0.5514831592173121
38249,0.0731801300933865
38250,0.11573044081767804
38251,0.04809455870696721
38252,0.03234282922328088
38253,0.36118268753016264
38254,0.35852479481818267
38255,0.7517228013418732
38256,0.08603996720524693
38257,0.05674462993461655
38258,0.6505274999748919
38259,0.03847579874077973
38260,0.10048051259939178
38261,0.0675706928311296
38262,0.0938785306971709
38263,0.06379393915509389
38264,0.2715017915315918
38265,0.15150145132384965
38266,0.0723953014096763
38267,0.1274003648077086
38268,0.45342128246926594
38269,0.18564533331820532
38270,0.07226065165015741
38271,0.04801998229030131
38272,0.08491570898396482
38273,0.29886128590326966
38274,0.2194312032812897
38275,0.10199376151157952
38276,0.1081677791172974
38277,0.07002464590828676
38278,0.4066513387979389
38279,0.5505030970944372
38280,0.10846887224872902
38281,0.6225425268396494
38282,0.07625520363755005
38283,0.7388471156136643
38284,0.06662836848355423
38285,0.2176410057910293
38286,0.4710148624043848
38287,0.08785228560199841
38288,0.10081100677931004
38289,0.19563175846691858
38290,0.20592741036422152
38291,0.13180505690722283
38292,0.27832272545521675
38293,0.11128614672165152
38294,0.2725683855218035
38295,0.45528717331607765
38296,0.05798168447796652
38297,0.574265424684428
38298,0.2296623791465206
38299,0.028050576981036315
38300,0.754153313584227
38301,0.4451640220510248
38302,0.3404523304209628
38303,0.10784890491042641
38304,0.08099400451537239
38305,0.05393873628560629
38306,0.08974271411488571
38307,0.1398380731025932
38308,0.06886165859694197
38309,0.03891290790244504
38310,0.06482883214930732
38311,0.5096709327312235
38312,0.26798531027432454
38313,0.3081116094184007
38314,0.03291323105530218
38315,0.3242686828342774
38316,0.10268113083040625
38317,0.052504920858826805
38318,0.08584554820942798
38319,0.43067845808177196
38320,0.18237830154857348
38321,0.4544988988818707
38322,0.18425968685821884
38323,0.23925218346939117
38324,0.2680495253427788
38325,0.50469838886054
38326,0.0698817785178015
38327,0.24790821452943854
38328,0.3027638418552382
38329,0.2215687671775652
38330,0.49543751793753255
38331,0.07606613160371631
38332,0.17864230569977088
38333,0.24583046984810453
38334,0.44938222303637826
38335,0.2956589876081628
38336,0.1079710355358239
38337,0.38895601583646433
38338,0.673579836438064
38339,0.6621276489640492
38340,0.10967634427300972
38341,0.688041637670565
38342,0.46448160462179705
38343,0.26214172493781257
38344,0.1514904125786109
38345,0.23516862944338934
38346,0.043516651942834765
38347,0.7323239191100699
38348,0.04225932761648258
38349,0.04190051928943055
38350,0.6593252816893013
38351,0.0834218292396362
38352,0.06505951551259997
38353,0.36359929105280686
38354,0.42961432609646477
38355,0.3967992932054134
38356,0.284063560706838
38357,0.7762309432722413
38358,0.31750177639940147
38359,0.07574745650847495
38360,0.06537400251169308
38361,0.43514099605474066
38362,0.15670263017232608
38363,0.10439652666125827
38364,0.052107572032392184
38365,0.5405791397562283
38366,0.34146979988298093
38367,0.4721924590989073
38368,0.06884335235312408
38369,0.545685875234549
38370,0.11853132285514076
38371,0.0641892397758681
38372,0.5000963465430387
38373,0.3322505524955177
38374,0.3814387399141115
38375,0.14976251573103833
38376,0.2222748304229475
38377,0.46136655797989495
38378,0.04725959125465599
38379,0.14853810745222548
38380,0.32365950706763885
38381,0.35812248962469534
38382,0.09961666501008751
38383,0.04763533504214928
38384,0.22613519806889482
38385,0.11222867202892116
38386,0.6683499297779304
38387,0.062525983567274
38388,0.12346066147156484
38389,0.4025154136164647
38390,0.07033941089087503
38391,0.6830773098671977
38392,0.4024131190813399
38393,0.6906226432498443
38394,0.2650041201702844
38395,0.08210659930520468
38396,0.16277627220324342
38397,0.6442966074525497
38398,0.10395551458454247
38399,0.06898777490109205
38400,0.5669816886999526
38401,0.4038342815220169
38402,0.0848365184569032
38403,0.08628285154965529
38404,0.08645824657974312
38405,0.4631977005611875
38406,0.23797735064377307
38407,0.4198038988016889
38408,0.042419363837377294
38409,0.07682046202239745
38410,0.041963973577083084
38411,0.6848500076469773
38412,0.234497422277134
38413,0.2065749235043265
38414,0.3784261793377589
38415,0.051565264894143197
38416,0.1778934914629617
38417,0.15493300468601326
38418,0.03464786673445035
38419,0.5228518049881938
38420,0.0522010285727165
38421,0.33606519758455167
38422,0.57688322507252
38423,0.19234212374478518
38424,0.026374608579916924
38425,0.20652968630861393
38426,0.08850112099780978
38427,0.07242217462024997
38428,0.45767318682764
38429,0.47626773741854256
38430,0.09863491767946474
38431,0.5219738410753917
38432,0.0964723449483126
38433,0.7362102659203648
38434,0.11424742580751454
38435,0.07614266365680623
38436,0.18555840531821294
38437,0.19757835304435103
38438,0.5139693527747682
38439,0.04775018361710974
38440,0.26124013833023485
38441,0.5643761013040521
38442,0.11641893244889596
38443,0.06973187534555142
38444,0.11857076365330045
38445,0.3277225207617509
38446,0.08893032529723055
38447,0.049804018115553676
38448,0.09774514135437602
38449,0.07283153779815238
38450,0.3123735512640445
38451,0.06341401363420657
38452,0.32623207765966344
38453,0.38939771466744194
38454,0.39181371286409233
38455,0.09884676265604077
38456,0.069178371176923
38457,0.3094735993230378
38458,0.042014345424484546
38459,0.528225501259524
38460,0.09567319172728492
38461,0.2072794146217073
38462,0.690954343693143
38463,0.6254462761000185
38464,0.19571976902861102
38465,0.03073754750113425
38466,0.053663285209208725
38467,0.4652138188693913
38468,0.2095272189756586
38469,0.06391105399449518
38470,0.6002786770494265
38471,0.04004571203413086
38472,0.12979446196906988
38473,0.14643335309727326
38474,0.19755277972689272
38475,0.11670053914196823
38476,0.06196655243449341
38477,0.09372548729470438
38478,0.5320082662144223
38479,0.4400176476496448
38480,0.5361895764320259
38481,0.10774559816807021
38482,0.6230634230364355
38483,0.06029557847905917
38484,0.14274971370941672
38485,0.09420184595475642
38486,0.2812157111532606
38487,0.101811322022736
38488,0.4592645295601568
38489,0.13587327606903515
38490,0.09423230797438793
38491,0.40078566269201477
38492,0.08243541235289027
38493,0.06924275637978144
38494,0.18185070858452226
38495,0.33952269995284945
38496,0.1285465077771814
38497,0.28235020553771006
38498,0.23855438756642455
38499,0.043836604924640796
38500,0.06629633276283409
38501,0.07981984999030255
38502,0.21130860001648671
38503,0.10840932853576528
38504,0.1217222173305172
38505,0.08877502615823375
38506,0.17337109162920844
38507,0.6294852901210405
38508,0.06885675609521937
38509,0.16788281910164096
38510,0.6070985034192514
38511,0.10500045849478414
38512,0.33228461350596966
38513,0.12103876360323923
38514,0.13148364097920706
38515,0.12851434044007368
38516,0.3229956395833348
38517,0.22309267207230846
38518,0.6432246221788942
38519,0.04969664777518839
38520,0.24629571137890258
38521,0.19096468265336083
38522,0.16565056515773133
38523,0.07898753520678092
38524,0.10273464960281052
38525,0.29427743157643677
38526,0.5871900174777369
38527,0.07897021898824348
38528,0.2002139317233969
38529,0.030356243494291738
38530,0.05623277908144089
38531,0.1105137081312962
38532,0.5852596116639049
38533,0.06097824727781701
38534,0.09200356288827445
38535,0.11491189241241213
38536,0.11673522127701083
38537,0.7263662064624234
38538,0.7929063799474856
38539,0.14501967260640686
38540,0.21287072473272764
38541,0.22676548048722084
38542,0.08343443912401081
38543,0.19998038992651496
38544,0.41493618917082886
38545,0.5705462542703464
38546,0.11501987540643445
38547,0.08035527404100537
38548,0.1233644694405024
38549,0.1185185342897697
38550,0.05376369789035299
38551,0.5839622301928388
38552,0.27559167814001395
38553,0.37148233543622106
38554,0.37228843714822446
38555,0.0498275560807667
38556,0.03397651872286525
38557,0.11897481979355573
38558,0.07357021652131489
38559,0.14776679536595383
38560,0.04037333551828626
38561,0.646494851765902
38562,0.5818837525922667
38563,0.19081179328262726
38564,0.18582912827840425
38565,0.47717393107907
38566,0.06513689042053672
38567,0.499248198029304
38568,0.3602474914174118
38569,0.06699752439569413
38570,0.7092095188957098
38571,0.13027750929864862
38572,0.1996939058181595
38573,0.06612525582893951
38574,0.11577382470416132
38575,0.16791667730738646
38576,0.0745413887592607
38577,0.1363440128724802
38578,0.2088727328509748
38579,0.09734674798508643
38580,0.3039437116834022
38581,0.5495748435146934
38582,0.7247177690487091
38583,0.11548351799325454
38584,0.20622719036290854
38585,0.31846976614544104
38586,0.0714293312425776
38587,0.08086548752367391
38588,0.06811621464903536
38589,0.03427469807644904
38590,0.12207899982280518
38591,0.08361988335541731
38592,0.18417778097684698
38593,0.2374480551124763
38594,0.04649113868027898
38595,0.05143675496743853
38596,0.3700027180709288
38597,0.2594327598246658
38598,0.29881625331936523
38599,0.11106284508555779
38600,0.062220654477333555
38601,0.1758118760490393
38602,0.5600501327265355
38603,0.08331956294843974
38604,0.7008601025745324
38605,0.09412366975754548
38606,0.09670375884020832
38607,0.3799528907253142
38608,0.10368395821791979
38609,0.09855967086476496
38610,0.0926620842517899
38611,0.06378193915946391
38612,0.15543656517373763
38613,0.18998634553407354
38614,0.053773270245326556
38615,0.06770219167316287
38616,0.049381765428316134
38617,0.22526926735674588
38618,0.14948454684980736
38619,0.06800314069507482
38620,0.2734119796160162
38621,0.5334271977886035
38622,0.07687505951832777
38623,0.07836223032174273
38624,0.05859515158415986
38625,0.045258105929074824
38626,0.20286667113499007
38627,0.7855703048434491
38628,0.03766341574948144
38629,0.5809098940443538
38630,0.21424312047206817
38631,0.11107520710523208
38632,0.09084353234335842
38633,0.22599772513711405
38634,0.1084099056661659
38635,0.05918694504096777
38636,0.19282342344410344
38637,0.1157492400202928
38638,0.07354103500377704
38639,0.5968113949105595
38640,0.06151508246272986
38641,0.35548807586171083
38642,0.03354841338414829
38643,0.3632203460723356
38644,0.06602155605927865
38645,0.5070189977754193
38646,0.5975428795400713
38647,0.033160124784886905
38648,0.6662755705683346
38649,0.5144437410843294
38650,0.04504916269448488
38651,0.07019624029931462
38652,0.3357982896805954
38653,0.0364594089808012
38654,0.060568811654280796
38655,0.09591350443793231
38656,0.1001926667671263
38657,0.06372410746347426
38658,0.09135735640850012
38659,0.04636043493753147
38660,0.7507922609107766
38661,0.16049038312589656
38662,0.07510519483358526
38663,0.18361856041366617
38664,0.5184467530846163
38665,0.15278140659258452
38666,0.09024857825125836
38667,0.3531644834469049
38668,0.09947290911361116
38669,0.09254692744807964
38670,0.37385401837648236
38671,0.08035846276974705
38672,0.14792676003808325
38673,0.4797006128557888
38674,0.23554490856196583
38675,0.15502926463271433
38676,0.14975398679302251
38677,0.11481395492432163
38678,0.40959308611063716
38679,0.14611241106630013
38680,0.16441094061871855
38681,0.03687471828028107
38682,0.5302587574289908
38683,0.4538778842955887
38684,0.1502443474642321
38685,0.20936611822001974
38686,0.22989019415444234
38687,0.14954072758422077
38688,0.20096453598361708
38689,0.0956065131703704
38690,0.10008452999704574
38691,0.1547061928210381
38692,0.053239822607611446
38693,0.08754954339279047
38694,0.0923348679602367
38695,0.22017536181947078
38696,0.09124911023598246
38697,0.12937435004154071
38698,0.25153282717024045
38699,0.1253667884996616
38700,0.07899925363386649
38701,0.3057522988899847
38702,0.10103093997703506
38703,0.1364958998533475
38704,0.6556975033281605
38705,0.37457296614549096
38706,0.2132099256871941
38707,0.17672294635182847
38708,0.517314480481953
38709,0.10940882558909834
38710,0.23623916604790873
38711,0.48903759435900335
38712,0.3986406841291822
38713,0.17289974219710566
38714,0.03155156130710705
38715,0.20686448324790946
38716,0.026400783117995697
38717,0.09094589980696788
38718,0.14340458477779475
38719,0.02536971080580592
38720,0.05842617368446046
38721,0.04545652641170015
38722,0.06738246121552087
38723,0.3335138273850063
38724,0.06926888415843482
38725,0.09544765785853421
38726,0.20402673089024317
38727,0.24652697952242156
38728,0.07826538568183493
38729,0.10302936241769844
38730,0.04584259922247693
38731,0.04180638101288404
38732,0.13240439938362028
38733,0.13058232251745047
38734,0.10656295821411217
38735,0.67994526281686
38736,0.029939018103424322
38737,0.06283796895523777
38738,0.2515704892683039
38739,0.2752753334079999
38740,0.07239566626946457
38741,0.049718311902798934
38742,0.3647164825889187
38743,0.1030322884558005
38744,0.47177172710184484
38745,0.12279797703136969
38746,0.14037908441321334
38747,0.17846287345254155
38748,0.5769890417607456
38749,0.30732973244947814
38750,0.09321614660086545
38751,0.1613112776256329
38752,0.02724790086832627
38753,0.23398763311482587
38754,0.04977260243982806
38755,0.3057823015760288
38756,0.05852940580471016
38757,0.30441136775009087
38758,0.07796286599011165
38759,0.36639434027967627
38760,0.04741064826774962
38761,0.032037173104519645
38762,0.36407092772329674
38763,0.08659520211826967
38764,0.053863673805501444
38765,0.04974113574077132
38766,0.14426516137850542
38767,0.4506222612668407
38768,0.6702132835577285
38769,0.29522187805429495
38770,0.07659999990701938
38771,0.09203118819138721
38772,0.11660259191455663
38773,0.11594965228220831
38774,0.20447467015430426
38775,0.5074324989258405
38776,0.19750962626520366
38777,0.0723657367859963
38778,0.25333021918419457
38779,0.044203177528109316
38780,0.4398343450010184
38781,0.27086087984044116
38782,0.04278345922235012
38783,0.27788722484655953
38784,0.5301077440527401
38785,0.11107740714770759
38786,0.08738827710091016
38787,0.43318913469933545
38788,0.16461161965966314
38789,0.31515380375944735
38790,0.2405035077356916
38791,0.15592938361756592
38792,0.4407252254481212
38793,0.5103073113883334
38794,0.1108020113460145
38795,0.2633235793632926
38796,0.45349277942565835
38797,0.09532720916566599
38798,0.10199717423568146
38799,0.07400482210957518
38800,0.09616661393774785
38801,0.04541498536557807
38802,0.08541079533390271
38803,0.1882599235788771
38804,0.4562863644700002
38805,0.2974048523449017
38806,0.6672416655528575
38807,0.027707497157666783
38808,0.08070102235999876
38809,0.2979685353993938
38810,0.09679139761128865
38811,0.07434248673095921
38812,0.28508164046604917
38813,0.17929459588694902
38814,0.35857916252182326
38815,0.051130382035396424
38816,0.18605278125641578
38817,0.19888205020659824
38818,0.49940266134233896
38819,0.10725242058094327
38820,0.053637761719093395
38821,0.09538538955543481
38822,0.1037523678679586
38823,0.048098141304464624
38824,0.25932877388505654
38825,0.4985011493464002
38826,0.25033855868107935
38827,0.22973455619774924
38828,0.08651775845625045
38829,0.15294097022690564
38830,0.1788059151978946
38831,0.07896039077468052
38832,0.06624916299714723
38833,0.08273764102502588
38834,0.05348700625961673
38835,0.06651475438952607
38836,0.12833151086139102
38837,0.5271204745266195
38838,0.07737009680643152
38839,0.10520534777993079
38840,0.11790113793423558
38841,0.05723009336574047
38842,0.6983984625369853
38843,0.11739439908037765
38844,0.19284217572151854
38845,0.08733558625690704
38846,0.12080169805868086
38847,0.27639786666661414
38848,0.08961371434154206
38849,0.5818545162164737
38850,0.1277658321157861
38851,0.19165820725966423
38852,0.13727356163191792
38853,0.04930921087600029
38854,0.2274224260907914
38855,0.12580211755272616
38856,0.10160155985482312
38857,0.060837440209789526
38858,0.23613909400639793
38859,0.19735405171332882
38860,0.04256513862237576
38861,0.08261686584774555
38862,0.09812101944588751
38863,0.05262509435767611
38864,0.14995948109581725
38865,0.036116491206107
38866,0.0791422192962483
38867,0.14502053226049041
38868,0.09272198970762231
38869,0.18071924540328113
38870,0.23626325660184502
38871,0.08933368521533804
38872,0.08217611479828783
38873,0.03797146470290689
38874,0.2885892679417402
38875,0.5256921518572184
38876,0.15202742664569052
38877,0.07941959827803957
38878,0.043814647880554385
38879,0.21458693130443943
38880,0.11838583931385195
38881,0.4025225384710971
38882,0.2581493547604809
38883,0.18745995435422327
38884,0.1674133437644639
38885,0.061966291855036125
38886,0.1735480276840941
38887,0.12909374758299605
38888,0.24709236167425502
38889,0.1394757838780689
38890,0.5872449555949407
38891,0.365200929868432
38892,0.18484673500667229
38893,0.4857373432477485
38894,0.8053159411462538
38895,0.7424902740762334
38896,0.05473168917392846
38897,0.35440377464904055
38898,0.5332794050169598
38899,0.10828442980736101
38900,0.5924752201122705
38901,0.18926781323853056
38902,0.15452376526787648
38903,0.7174283064802746
38904,0.05415766380678662
38905,0.12256218772299067
38906,0.5061972511416755
38907,0.3475111656913789
38908,0.05892229799514742
38909,0.06789269960000557
38910,0.0458654270396986
38911,0.1751629072560207
38912,0.10353769321573753
38913,0.393704553667363
38914,0.1804890261952267
38915,0.13765206726968873
38916,0.613390575863751
38917,0.2968280754558091
38918,0.15384000345208565
38919,0.30651445114523235
38920,0.18918825474610698
38921,0.19827783035288904
38922,0.08000444543962276
38923,0.16288159817102202
38924,0.05644555314937043
38925,0.6041962569040075
38926,0.23423400900645633
38927,0.07291941375751473
38928,0.055582413386323824
38929,0.23987673175376265
38930,0.030585204433932377
38931,0.08685798692338495
38932,0.7230408440812607
38933,0.057663473546777005
38934,0.12502022571667085
38935,0.10152738574478624
38936,0.4294999150872394
38937,0.14786773521095287
38938,0.12006885224373917
38939,0.5529467006196028
38940,0.42732023408219355
38941,0.07502674452618904
38942,0.022822701497809957
38943,0.5397749155006647
38944,0.6673110008726593
38945,0.06953619315625553
38946,0.6809077394655375
38947,0.11758115084489416
38948,0.4816477802429142
38949,0.3083459833999179
38950,0.13082365473346622
38951,0.21302856149789062
38952,0.08927306179693284
38953,0.08343008739448733
38954,0.7027686605021914
38955,0.44897610678628835
38956,0.10646338781524832
38957,0.07294327907118485
38958,0.03173378337745218
38959,0.05742141718697019
38960,0.09744355740324685
38961,0.06490122104835258
38962,0.0858591945322089
38963,0.19944672098774055
38964,0.055510463144406226
38965,0.2598295913946295
38966,0.07209821716588213
38967,0.048931923603603614
38968,0.10295091849653346
38969,0.6266864994628273
38970,0.14637615719539182
38971,0.15399707624075848
38972,0.1464592285461317
38973,0.19619488666378682
38974,0.7460322554494305
38975,0.09833236905367274
38976,0.6311461071564534
38977,0.12942597809710077
38978,0.0968552972273763
38979,0.12225782207957887
38980,0.1835189241978962
38981,0.037420577716077284
38982,0.41832441708364
38983,0.08783593033166452
38984,0.1896212744078786
38985,0.1284473679511972
38986,0.40996629690072733
38987,0.058097430286411816
38988,0.09491140675973994
38989,0.23194655466657466
38990,0.13508012419226365
38991,0.27942329266920435
38992,0.3076641279072174
38993,0.599882990980504
38994,0.07913214517176768
38995,0.08913656702132837
38996,0.07589354300581584
38997,0.030635311473095773
38998,0.18657837117437423
38999,0.0749469327193612
39000,0.41024405444884704
39001,0.09659147918924677
39002,0.07149406966870743
39003,0.4030775891813934
39004,0.27310593542156114
39005,0.15080338149903783
39006,0.5218105741798046
39007,0.026633394216323825
39008,0.09913383464857058
39009,0.21311821095025238
39010,0.7091169426147833
39011,0.07753921485899873
39012,0.06460684640492487
39013,0.4757155962466818
39014,0.3745662290745021
39015,0.12098254747965129
39016,0.3687211265381471
39017,0.06622677122733751
39018,0.5433131075946759
39019,0.12474994796875763
39020,0.130980156212446
39021,0.12205188661221418
39022,0.4724561839738114
39023,0.7392232916105099
39024,0.2615764060806905
39025,0.05334851024948462
39026,0.13435847801802708
39027,0.12823029924632717
39028,0.3762722212711582
39029,0.06716411896312355
39030,0.09112459268198907
39031,0.052211892766841066
39032,0.0715504200262257
39033,0.035065145099278536
39034,0.1923029461601381
39035,0.15030638132662047
39036,0.17077796328543807
39037,0.2517094151979027
39038,0.11412770091763018
39039,0.0724573035116764
39040,0.28674512035155125
39041,0.04424563084378587
39042,0.10679902056565202
39043,0.06566335804945393
39044,0.7038506568066306
39045,0.07853002444160799
39046,0.0401059230316333
39047,0.2619928126528465
39048,0.39035352984454313
39049,0.20967934480222966
39050,0.08927352082723618
39051,0.06804930485157913
39052,0.6356708265190346
39053,0.4701058609776608
39054,0.06297283535152538
39055,0.14043483180908264
39056,0.06371202135397434
39057,0.035176953673688637
39058,0.12582726310562622
39059,0.05840697223362902
39060,0.32165951370014706
39061,0.10350654950903031
39062,0.07416371578415257
39063,0.3167409636827011
39064,0.22247964063496486
39065,0.17869453354427914
39066,0.0942945922499146
39067,0.2170424617268831
39068,0.06364949256527588
39069,0.10004103756864274
39070,0.14806453765531907
39071,0.254968478254556
39072,0.028530378630398843
39073,0.3420507578849847
39074,0.18470772100508187
39075,0.3173963977923829
39076,0.0345396531282533
39077,0.15742814907885366
39078,0.09337325195816142
39079,0.07243209934754445
39080,0.36167111795963824
39081,0.12315240330847495
39082,0.02377466426300168
39083,0.07276039791968508
39084,0.4225600844954977
39085,0.3398215347060509
39086,0.0560928454426992
39087,0.30938055900828043
39088,0.7500072141127123
39089,0.1633168584855134
39090,0.5265704441567766
39091,0.34388390424836485
39092,0.4535816075287011
39093,0.21264293654812969
39094,0.08855002301136963
39095,0.48045949249071623
39096,0.0973595923088409
39097,0.19475308337425346
39098,0.07489043427787886
39099,0.48558496433009746
39100,0.23873155896962867
39101,0.12026582751469471
39102,0.06598991743916499
39103,0.09354621087802625
39104,0.08238014947599522
39105,0.17382778782587852
39106,0.06228565361766032
39107,0.29009184459774523
39108,0.4344000214046238
39109,0.24666243213687178
39110,0.08827942956505722
39111,0.2034872153617916
39112,0.24123782637730784
39113,0.11897303521428355
39114,0.43112001400417627
39115,0.06477653944979674
39116,0.1035540212178182
39117,0.0913814426222027
39118,0.0814047239963113
39119,0.5251442755206501
39120,0.5744754427262913
39121,0.07670065255636624
39122,0.06822382652867362
39123,0.10061858610236558
39124,0.09885536586474229
39125,0.09259608205642945
39126,0.1739819513534798
39127,0.43986493122834136
39128,0.06687567920597784
39129,0.12395219406793259
39130,0.5208324448631606
39131,0.5772539614199975
39132,0.1617625587225015
39133,0.04901218952811113
39134,0.2315357470638904
39135,0.2768401405154639
39136,0.112840657964203
39137,0.12390216537973436
39138,0.18810024903201272
39139,0.08866071661351012
39140,0.5775426177472822
39141,0.49465662023038715
39142,0.06793724622314853
39143,0.06196361351782314
39144,0.08123132089937439
39145,0.4173911498242306
39146,0.14174400906702514
39147,0.0775259083171761
39148,0.1760019757194755
39149,0.30564919944683383
39150,0.0673357767807166
39151,0.05767264452885737
39152,0.20418786374307996
39153,0.0909305511705642
39154,0.07772468700830287
39155,0.36934635241864705
39156,0.5233791244104967
39157,0.08121542612133055
39158,0.1530877330212287
39159,0.033871681406417976
39160,0.1863025527990669
39161,0.19116259493613652
39162,0.14941406355869438
39163,0.21654379574982874
39164,0.18530368176069534
39165,0.09216935544264288
39166,0.10676997167223864
39167,0.0980354255517696
39168,0.05227784461181093
39169,0.06637913659259485
39170,0.4382252593084141
39171,0.13689941165241468
39172,0.6692502279990434
39173,0.07933921365938258
39174,0.11804758066252687
39175,0.0881744556060182
39176,0.44456270203274395
39177,0.09076499377744816
39178,0.13920973602378217
39179,0.10411085448424119
39180,0.3838762231963738
39181,0.1685886516399842
39182,0.15458871669108856
39183,0.5835087018381394
39184,0.15461701216800705
39185,0.32260253465414646
39186,0.09877990295682275
39187,0.08907476365875767
39188,0.5845190323334472
39189,0.05580315081483243
39190,0.09179013874157649
39191,0.52258867398538
39192,0.27031500890213594
39193,0.2609127595336618
39194,0.16953369663363344
39195,0.040022499387632984
39196,0.15073547765754383
39197,0.4202913588437522
39198,0.312026589353441
39199,0.16527499441858004
39200,0.0576905127004266
39201,0.144352955227276
39202,0.04202830935852227
39203,0.3209458992660376
39204,0.12478275707423307
39205,0.03925811487460789
39206,0.7658512595016734
39207,0.19170746136273067
39208,0.08408619760468682
39209,0.07653107099914207
39210,0.1755287863383555
39211,0.04106628005633478
39212,0.05832025890304433
39213,0.1848102545005896
39214,0.40303530268378907
39215,0.34566170659886325
39216,0.03629447447261315
39217,0.12111918290115402
39218,0.2574798948411967
39219,0.11416781624424954
39220,0.0683426767143093
39221,0.7512511000620907
39222,0.6134898656004201
39223,0.05400215889513096
39224,0.17137295170188932
39225,0.3058899205796025
39226,0.3815715197417001
39227,0.07127042505904155
39228,0.09919100191734347
39229,0.20799850233209918
39230,0.03791159553333306
39231,0.12146568017955936
39232,0.6311180247536254
39233,0.10552082065537209
39234,0.10768034790409023
39235,0.07002358891610101
39236,0.05920191261879624
39237,0.2025865705941791
39238,0.43157663260536916
39239,0.0660706939897653
39240,0.086201851563832
39241,0.7153965338133464
39242,0.08760594156345783
39243,0.4364860475913817
39244,0.08207568698207415
39245,0.026502464908476634
39246,0.11463616475541114
39247,0.4164876581560231
39248,0.19792714927463675
39249,0.5176596179799527
39250,0.13426983914387394
39251,0.33324267733955504
39252,0.07039115518447116
39253,0.06287522562905125
39254,0.17111444604002876
39255,0.11347406356385899
39256,0.15921582431813058
39257,0.07220516201114512
39258,0.39723194358374764
39259,0.0652757993783981
39260,0.1286273095027044
39261,0.04389921034626274
39262,0.43443457013780884
39263,0.040102198968297094
39264,0.07113987421974574
39265,0.15380385529170676
39266,0.11033627521825272
39267,0.08494956074547119
39268,0.10467551775832666
39269,0.11523980569693698
39270,0.04301844337684835
39271,0.09491344916807963
39272,0.07978727410899557
39273,0.3701551400060431
39274,0.07298842258798136
39275,0.2026742969581342
39276,0.23437281528502404
39277,0.06597506236932733
39278,0.5094548481249385
39279,0.19447921696616588
39280,0.19494792419504445
39281,0.22536233096354924
39282,0.12111837621198963
39283,0.5835234820046656
39284,0.08374331330336841
39285,0.19430555474701272
39286,0.31829801354551396
39287,0.09010150373615386
39288,0.08016363658794165
39289,0.11139144103115894
39290,0.20821566912687456
39291,0.1818823513730707
39292,0.06766785060890039
39293,0.6617941457706001
39294,0.04151835237720323
39295,0.046859443023212745
39296,0.5299828632068452
39297,0.044502734648604395
39298,0.08145142617088222
39299,0.25036881921566395
39300,0.16669039988297688
39301,0.08640831343583362
39302,0.335185848857441
39303,0.08250505644142994
39304,0.4267187768573718
39305,0.12549367185586405
39306,0.042045425837715054
39307,0.1013455062664167
39308,0.6825184826886991
39309,0.7247041343818296
39310,0.07482845064288418
39311,0.39615713949232245
39312,0.07834580071212661
39313,0.20079860386413462
39314,0.6677895533631623
39315,0.23994326055277929
39316,0.042948773207004215
39317,0.11779052872339486
39318,0.06937399924891999
39319,0.13050535875896466
39320,0.6040621945248802
39321,0.05158689455957462
39322,0.0765198120315948
39323,0.07922622613234229
39324,0.17816272569812194
39325,0.19101602038959775
39326,0.38407134076369764
39327,0.03446066530734585
39328,0.3966454547835822
39329,0.3373683788130281
39330,0.13477269492683303
39331,0.06530612548794769
39332,0.048980049338126885
39333,0.20144533825955604
39334,0.09199298572087462
39335,0.04495534507509494
39336,0.06765890648763997
39337,0.2497945545564996
39338,0.18622092516379476
39339,0.050237210451533926
39340,0.07332739378655063
39341,0.06560811598476836
39342,0.17816576692827943
39343,0.43333578654161
39344,0.16990896842969772
39345,0.1499419120673511
39346,0.43826820391598714
39347,0.49978472255058703
39348,0.1755768934540071
39349,0.1087203558749178
39350,0.48080113398272006
39351,0.1062319389308264
39352,0.10577692507300224
39353,0.2153240183801354
39354,0.6156701215174513
39355,0.6678081701651618
39356,0.06902299227085577
39357,0.036215545728921605
39358,0.21633747472152096
39359,0.1842796111255933
39360,0.10384218090109532
39361,0.4738079574492925
39362,0.06850291846922792
39363,0.052396439679742536
39364,0.3786818228885437
39365,0.04578503512327955
39366,0.1673330800227072
39367,0.0563341659618962
39368,0.16454113508198018
39369,0.0818537444003735
39370,0.0696848399452676
39371,0.09505452275700106
39372,0.5904593063250883
39373,0.04940570265045625
39374,0.6503681023300211
39375,0.08451159787804188
39376,0.6840914011424475
39377,0.2721305774822293
39378,0.17751429635551638
39379,0.6643716907391222
39380,0.08791044618804313
39381,0.048453042457229215
39382,0.07061074302136686
39383,0.036203734690013964
39384,0.3037777666045315
39385,0.04819658289945334
39386,0.39430975041972505
39387,0.06164807024607687
39388,0.3149528736338394
39389,0.22292346620850537
39390,0.6389819059436254
39391,0.11813840820489942
39392,0.5469284836446558
39393,0.6926529992595873
39394,0.2827747364552713
39395,0.4784086290746442
39396,0.11721854409722127
39397,0.08789891213548315
39398,0.21976697627237626
39399,0.15239439249041545
39400,0.10865272114174
39401,0.30602853782090994
39402,0.3631000159570887
39403,0.21276775438239645
39404,0.22492287566213212
39405,0.054818232468037874
39406,0.18122534547611063
39407,0.08599029815241674
39408,0.06503774983866693
39409,0.03838762355453838
39410,0.07206416737567914
39411,0.11016967608878869
39412,0.10262799267536062
39413,0.2009446540663089
39414,0.1620224565598691
39415,0.13595677419515786
39416,0.17126361892599568
39417,0.6652062992452088
39418,0.4054581191693265
39419,0.10744010198149088
39420,0.11871550809459624
39421,0.05833011679348809
39422,0.4296280244598079
39423,0.21262533879164391
39424,0.09762244115533036
39425,0.4901242427437678
39426,0.07733186474311012
39427,0.13244390432134037
39428,0.7728816007439713
39429,0.28072727422366234
39430,0.35736694224076043
39431,0.1975038988524608
39432,0.45180602765506356
39433,0.07702576689621785
39434,0.1655334528856767
39435,0.21195126419098356
39436,0.21230445168722703
39437,0.1808717883475026
39438,0.7080725390644221
39439,0.272318520824044
39440,0.8026383732335297
39441,0.0828503785860449
39442,0.3439792699524486
39443,0.8117204311103464
39444,0.1367003281742624
39445,0.06315963386420834
39446,0.052572850464889104
39447,0.35824870592132246
39448,0.06989934389143582
39449,0.29698567559292516
39450,0.08858005971454486
39451,0.106613925695372
39452,0.17570703218458622
39453,0.13748082772601158
39454,0.3498022689084027
39455,0.06313437592021912
39456,0.0635503772466192
39457,0.07667412457810524
39458,0.36110680786539506
39459,0.13702579943389417
39460,0.12325854855785642
39461,0.1442417105262389
39462,0.5424652199651425
39463,0.20424661442128175
39464,0.0852574554047633
39465,0.048142572759114946
39466,0.09909724758894413
39467,0.25809603919543517
39468,0.21079120394702103
39469,0.08714303660109733
39470,0.08139058039785246
39471,0.08289776749592938
39472,0.2903353938155563
39473,0.3319606290279496
39474,0.17231801542638137
39475,0.1355441451157943
39476,0.2705396681778281
39477,0.0557902804653916
39478,0.19877612001106987
39479,0.28733679966927733
39480,0.11572888820147713
39481,0.11167123498929288
39482,0.11963040321753257
39483,0.08104680022874283
39484,0.05636613232650938
39485,0.07849613044547164
39486,0.17073964254433677
39487,0.1317913136962129
39488,0.2319840225567405
39489,0.4125873872808181
39490,0.5637004057077939
39491,0.042671041039839146
39492,0.6683180340031769
39493,0.2288232320336632
39494,0.07287007231721673
39495,0.23738389120297262
39496,0.2903992862545653
39497,0.597737559108927
39498,0.1883571062190156
39499,0.23394018779209153
39500,0.07111420395659296
39501,0.05735318422822857
39502,0.6212286150467609
39503,0.25393547834635527
39504,0.03890014376194411
39505,0.1502041418476475
39506,0.4418432481989286
39507,0.5598587242238318
39508,0.0726666358810817
39509,0.07894986338417569
39510,0.06782680442708346
39511,0.19649852116932384
39512,0.15501752922893744
39513,0.15618158621719444
39514,0.433382623953192
39515,0.159634957837359
39516,0.07997537487175604
39517,0.11696720755469046
39518,0.33758644317534653
39519,0.08482348488538308
39520,0.15537007146048162
39521,0.21492575688382676
39522,0.09510375457666602
39523,0.09682745408653032
39524,0.12920647254550124
39525,0.06632653293543594
39526,0.07050981812401734
39527,0.05651637108252556
39528,0.07657683024356217
39529,0.29100421694120826
39530,0.21067845429850474
39531,0.48678028506634935
39532,0.1633783405990845
39533,0.06099922130642689
39534,0.08075221918808367
39535,0.11191249688053863
39536,0.04458850697884998
39537,0.1625119169184743
39538,0.07429914316595976
39539,0.5526822583672958
39540,0.41843657025077236
39541,0.08496505952185424
39542,0.08530360135774885
39543,0.09982165634220189
39544,0.11596027948698491
39545,0.04028515759674738
39546,0.1046263557347066
39547,0.3033404400013227
39548,0.16192177565198534
39549,0.09745418742068487
39550,0.0609865876935402
39551,0.16014494050957673
39552,0.3605274215351603
39553,0.17930426287832846
39554,0.42711041498362523
39555,0.09558255799249228
39556,0.205493724469753
39557,0.16656269983863184
39558,0.15825256997906328
39559,0.0520983978365128
39560,0.0836027343063602
39561,0.2404349833494127
39562,0.08921188447809701
39563,0.11604101452388302
39564,0.4179605283082569
39565,0.07880723073188747
39566,0.231104882916099
39567,0.20573315626392188
39568,0.11744611884211215
39569,0.061616811492651316
39570,0.3018263301529868
39571,0.3915256006105757
39572,0.2840293517791449
39573,0.15572104035623055
39574,0.3570184959248089
39575,0.41898673474188947
39576,0.14244207183227164
39577,0.14366578852932288
39578,0.3212298866021714
39579,0.22279333619356276
39580,0.5429598137907559
39581,0.4463935036847254
39582,0.21675215127665093
39583,0.11452692593312742
39584,0.5214602036762224
39585,0.12299043973526473
39586,0.39169790897290846
39587,0.10937902458776748
39588,0.14967273216120736
39589,0.10132375539272633
39590,0.07833634468523161
39591,0.039337950357010945
39592,0.059774956523605906
39593,0.2701611360706804
39594,0.23287313253598105
39595,0.2738085512031569
39596,0.10112313025870365
39597,0.17552654434271667
39598,0.03907990825466657
39599,0.5772313260121024
39600,0.07049996151132967
39601,0.09644479735518932
39602,0.05524632273082909
39603,0.48112418554504205
39604,0.07531480168878181
39605,0.2624301258044418
39606,0.18685983454275898
39607,0.06259746521384889
39608,0.1244771992683027
39609,0.19010278114153686
39610,0.5433199439230392
39611,0.5714873915604233
39612,0.04856561952656389
39613,0.059951980153797164
39614,0.4829995958642522
39615,0.3882548768635565
39616,0.08402349799255657
39617,0.397248005202198
39618,0.5433922880264916
39619,0.5138612899792819
39620,0.4003569809730834
39621,0.09098862595337481
39622,0.17569551667044275
39623,0.04955341168596166
39624,0.13960776400195873
39625,0.12518949472231305
39626,0.07481411665903709
39627,0.07810073120482275
39628,0.5604967705041687
39629,0.16387355132151463
39630,0.09022625222331916
39631,0.09942513702084771
39632,0.06172115234932456
39633,0.10295898992754365
39634,0.7646562873897271
39635,0.06791088450913432
39636,0.10185112048407369
39637,0.07734414509871027
39638,0.17955322574494484
39639,0.46864851178235656
39640,0.38249612095842345
39641,0.47531744093393713
39642,0.10915775408625933
39643,0.5374407654103966
39644,0.10095089565684828
39645,0.05765971403209141
39646,0.10663320281548425
39647,0.10061551007513171
39648,0.31226037059176287
39649,0.04842861909012169
39650,0.2230349724893989
39651,0.06033402364167853
39652,0.10428218373880205
39653,0.20394461236501885
39654,0.08849561555001069
39655,0.1483793053674572
39656,0.20061674717979702
39657,0.07068052567648186
39658,0.4193575880746203
39659,0.5304597887553635
39660,0.0341811516316408
39661,0.13351749002411156
39662,0.06434859276275813
39663,0.11692516819327164
39664,0.10732527122504991
39665,0.06361654115471743
39666,0.3135312369598655
39667,0.1509030540347981
39668,0.6442278750402911
39669,0.5877244254304177
39670,0.05278929922408779
39671,0.20175320471050703
39672,0.20205642173887112
39673,0.08861822560177576
39674,0.19247397844669367
39675,0.05007397409524689
39676,0.2205004234681416
39677,0.568792381761881
39678,0.04693573587970206
39679,0.63925721254353
39680,0.14399790575213853
39681,0.15480917051776857
39682,0.14299641106824582
39683,0.2017872339922495
39684,0.1034356298761104
39685,0.566103834531035
39686,0.14372910148824114
39687,0.21865040086819937
39688,0.1045719569623746
39689,0.42641399461752355
39690,0.07852796618282108
39691,0.09390993924938944
39692,0.10085295339350661
39693,0.18219661002223111
39694,0.16196700866014094
39695,0.20468342895889008
39696,0.29813556215643877
39697,0.20762221008664322
39698,0.09295198429736527
39699,0.061118224863158564
39700,0.04646189172624059
39701,0.04125688041909829
39702,0.0986186384978125
39703,0.6712215745109857
39704,0.11570959691663824
39705,0.19704255223513892
39706,0.04938833353927685
39707,0.026695808475798912
39708,0.058143063381022
39709,0.1866081407114998
39710,0.7198175696615864
39711,0.4007288263607261
39712,0.05815277196135764
39713,0.25054069629056147
39714,0.05974346363339152
39715,0.17171872211957756
39716,0.08047033079299205
39717,0.2909306070715329
39718,0.10251438673202229
39719,0.07038254559585079
39720,0.1690442315110863
39721,0.1198004679792453
39722,0.1282466352361291
39723,0.0502469891847352
39724,0.10648916742694041
39725,0.5093157754732878
39726,0.036752250340199695
39727,0.11435967442543182
39728,0.1116537581026521
39729,0.0689304536651054
39730,0.08770849841454245
39731,0.07713399683199466
39732,0.05625833683610983
39733,0.0643069605517533
39734,0.16121306916864345
39735,0.2393912842649235
39736,0.046651954670701115
39737,0.1859830547374561
39738,0.39033614735505734
39739,0.4460956522940222
39740,0.41582100871002287
39741,0.0777219787758074
39742,0.5863468751714835
39743,0.11256536366954954
39744,0.2200607719333361
39745,0.2696377196413022
39746,0.043768070119839436
39747,0.5708790532318685
39748,0.04611693218044961
39749,0.07576536709916806
39750,0.18159753406476317
39751,0.03514385045562697
39752,0.2649422325928988
39753,0.09012313300088302
39754,0.048680520078526614
39755,0.6593630500240081
39756,0.0732279044793772
39757,0.10916688745028764
39758,0.335828669300639
39759,0.04683107107171384
39760,0.0727725723610993
39761,0.3059667886286455
39762,0.040937391259807374
39763,0.03950336809796804
39764,0.07149252410656591
39765,0.08096776871555944
39766,0.09177276443479018
39767,0.03469229490587986
39768,0.2294544944653189
39769,0.051175957701012804
39770,0.23154547121689503
39771,0.08228917375265792
39772,0.0662525758409706
39773,0.09948967339051233
39774,0.1959217381725636
39775,0.06443729546196703
39776,0.10696707292149654
39777,0.08175411284252983
39778,0.07697869958406842
39779,0.03681767214778773
39780,0.08852586934616599
39781,0.11195202565028974
39782,0.06769203372604463
39783,0.08139784032086693
39784,0.08399270381025316
39785,0.07997362320056393
39786,0.17679590294752517
39787,0.42480778133665353
39788,0.1434420245124553
39789,0.6219811253793471
39790,0.05226075051339205
39791,0.32401720245415666
39792,0.07592797959290162
39793,0.09634190866166645
39794,0.3567841356069475
39795,0.163276403227036
39796,0.061345641912205234
39797,0.06124333169016199
39798,0.1144579039178075
39799,0.18365541912158292
39800,0.10443194532007344
39801,0.15046319196184169
39802,0.11851419360899448
39803,0.0931897353946593
39804,0.08881274532574093
39805,0.08717529037807763
39806,0.04829155582181488
39807,0.05235405415225416
39808,0.059741025836254416
39809,0.27266683884236886
39810,0.2482555392872481
39811,0.2649271543490078
39812,0.04051373874930364
39813,0.418737763829997
39814,0.7465922752089768
39815,0.10231654850259644
39816,0.14015179039796882
39817,0.28237637266110094
39818,0.035307436943068836
39819,0.08593864175013224
39820,0.20181602927161527
39821,0.2226082892340357
39822,0.04457837654964402
39823,0.18376507108628162
39824,0.1125349439448428
39825,0.08847069953728948
39826,0.5733057367587088
39827,0.2355307088878341
39828,0.2018056731326734
39829,0.04628422482467969
39830,0.07069010725838415
39831,0.14382247233163434
39832,0.04761616177414828
39833,0.16358214605225538
39834,0.1963431071981184
39835,0.06697236321619443
39836,0.10648306161237137
39837,0.1231162307127615
39838,0.11888113882779516
39839,0.2599235063749853
39840,0.06206013668006567
39841,0.4170070299380511
39842,0.09526579415779336
39843,0.0599969982283956
39844,0.06160151844805784
39845,0.07660402417366731
39846,0.2415916651642396
39847,0.1489651584648925
39848,0.07613424894407907
39849,0.10170177632785737
39850,0.7692042198308667
39851,0.10813974593560438
39852,0.1312607752948228
39853,0.19787552368733177
39854,0.13351129856215577
39855,0.1701742445363019
39856,0.057667964529474626
39857,0.1854708664352955
39858,0.096989393139785
39859,0.1249909268640733
39860,0.41015089544209277
39861,0.07601557714234074
39862,0.0778536517545207
39863,0.07280553483901121
39864,0.16579640623911246
39865,0.13388086607482286
39866,0.036350764916865765
39867,0.13335590281352055
39868,0.7287283872839975
39869,0.1022321145412655
39870,0.1429243764149824
39871,0.05050204284713389
39872,0.045390213770368885
39873,0.2197291253013457
39874,0.1476894714671301
39875,0.2774975443494146
39876,0.04946009432332491
39877,0.03945250196606991
39878,0.0518906886559641
39879,0.1829712255738068
39880,0.23327446533289442
39881,0.09724785555492682
39882,0.32545507446240723
39883,0.5970113013412645
39884,0.12755823977239097
39885,0.06200994416656606
39886,0.04827539926797465
39887,0.04808336259698116
39888,0.05705095873305521
39889,0.19580380207084064
39890,0.08454803791812766
39891,0.18555457551872295
39892,0.20318376073410455
39893,0.17372233606038445
39894,0.14632764977919202
39895,0.24716817663329305
39896,0.14917165903631227
39897,0.09425616602371957
39898,0.05919030346393676
39899,0.041994983498015614
39900,0.2892598725719175
39901,0.08682905631299978
39902,0.39707654665888825
39903,0.5192248496366284
39904,0.07591770999249613
39905,0.08983795913072551
39906,0.15592381577492578
39907,0.10907562877438158
39908,0.24498723734074868
39909,0.1880896053709124
39910,0.16582841488288838
39911,0.14319430036402747
39912,0.3793656217106187
39913,0.04844014618466009
39914,0.6005384747798405
39915,0.08052357412653947
39916,0.04064770469260534
39917,0.27686978300001075
39918,0.20505409029734253
39919,0.10561525535807977
39920,0.2850503738763726
39921,0.08980075394405447
39922,0.38946933121314736
39923,0.12048588735656383
39924,0.04400087954599551
39925,0.07028212477881249
39926,0.4400042330283305
39927,0.0801669314930506
39928,0.14627308188937055
39929,0.04794252739019853
39930,0.13485456100504786
39931,0.2240578194009598
39932,0.18651965652991723
39933,0.2365319149643541
39934,0.07723064997084995
39935,0.07658327703812651
39936,0.10761927887679801
39937,0.21131724019014683
39938,0.040616781015952445
39939,0.3211960347348902
39940,0.3577667211331608
39941,0.5512007843224211
39942,0.1880685161890544
39943,0.5166055966933095
39944,0.570344680236385
39945,0.2637506169754649
39946,0.21059696292504534
39947,0.1276360602951818
39948,0.14291848293664788
39949,0.14178457148527115
39950,0.052025659220532185
39951,0.06062764068881253
39952,0.29168566563547227
39953,0.1827056932501018
39954,0.09655591250885891
39955,0.09107314462593522
39956,0.06947351415801496
39957,0.08615523673803696
39958,0.6899333875660888
39959,0.18343318565511887
39960,0.11111886340648625
39961,0.27722098859216804
39962,0.08098899094828821
39963,0.23641921468119903
39964,0.3007414763317851
39965,0.5386200331156812
39966,0.3355839798786278
39967,0.7728057185839196
39968,0.0799462798856147
39969,0.08703670890980833
39970,0.4887867990986386
39971,0.37030464027373683
39972,0.13751055701898993
39973,0.0515605334421355
39974,0.12221103762707067
39975,0.7487395532917491
39976,0.09037790053558488
39977,0.05410841657985324
39978,0.06282590152709276
39979,0.5261026485395138
39980,0.1352530181026813
39981,0.0820978721464035
39982,0.06691900023828289
39983,0.20544081635396383
39984,0.12584986966760434
39985,0.07354372491489009
39986,0.10387223245652961
39987,0.05299135658372931
39988,0.6525101221485883
39989,0.08350733266438147
39990,0.6273966875166198
39991,0.530893595410546
39992,0.09569399102985479
39993,0.17809937362694794
39994,0.5625773231915427
39995,0.07744478513448876
39996,0.49582950630002065
39997,0.15871694675984385
39998,0.09357034433107758
39999,0.08714430847311617
40000,0.06890529941864078
40001,0.15948181791851054
40002,0.2570495415611153
40003,0.1752813838693041
40004,0.04419056751408507
40005,0.05312025168264597
40006,0.3305033454614898
40007,0.36901299320281644
40008,0.09438814823149101
40009,0.14701130069006468
40010,0.4612528163970038
40011,0.17290176513060876
40012,0.3896421560984474
40013,0.16418210584473014
40014,0.11123931554935505
40015,0.15036176992932007
40016,0.11929786172132152
40017,0.2506328011062017
40018,0.051105601046496474
40019,0.07309115572167936
40020,0.5958309886241312
40021,0.20744331987368708
40022,0.06087639044632128
40023,0.4059726955423243
40024,0.7870626283223984
40025,0.09840447790322632
40026,0.04742146111929974
40027,0.24502809305120488
40028,0.7932382930398444
40029,0.08410608968271592
40030,0.05541943328685136
40031,0.06675084762663434
40032,0.12868428957778222
40033,0.26515000791484783
40034,0.15170273849242863
40035,0.15062657478803182
40036,0.36466526067612676
40037,0.4458543685391329
40038,0.12215401024011283
40039,0.21107478424668108
40040,0.21305776284074615
40041,0.2879003005285081
40042,0.08627390467487939
40043,0.3756673280217189
40044,0.6998055319794696
40045,0.15965589316879966
40046,0.09638681830693478
40047,0.33978825805531954
40048,0.16668699471615217
40049,0.48854595718965094
40050,0.6978102567107864
40051,0.39666310130364724
40052,0.05921840500894563
40053,0.05476636086923101
40054,0.21161128078668193
40055,0.31219763407972373
40056,0.10890618648874151
40057,0.7612556461688408
40058,0.17902729577491974
40059,0.1766216316689973
40060,0.07029614446427797
40061,0.09162230076492925
40062,0.07018409614849834
40063,0.40807808023201386
40064,0.09590356299472538
40065,0.7003202685873158
40066,0.1328190596338686
40067,0.07462960925344149
40068,0.09146439800487113
40069,0.4719740437060393
40070,0.08689930551719331
40071,0.5956148196416227
40072,0.07282008189702575
40073,0.06554184565961983
40074,0.2060410222263025
40075,0.11555966405397404
40076,0.14726359856476903
40077,0.12059165020181645
40078,0.10457460925936306
40079,0.25711228404854525
40080,0.378750791805464
40081,0.2294950962889611
40082,0.08751823133082673
40083,0.0858077347085267
40084,0.1489252221439527
40085,0.092666449651698
40086,0.0951382025208085
40087,0.38894551060268717
40088,0.21793089722607373
40089,0.697107549345165
40090,0.10059120321235028
40091,0.24945083293502365
40092,0.08780550696654767
40093,0.14435178794065417
40094,0.3672626069411192
40095,0.10697009069202307
40096,0.13158818557338384
40097,0.25162469461109055
40098,0.6846197115550325
40099,0.49059498471433205
40100,0.06571176060298958
40101,0.12317201232801492
40102,0.34465697030035747
40103,0.20848563123010289
40104,0.4086094983351121
40105,0.3892891675173678
40106,0.15929661417316424
40107,0.12942981803130033
40108,0.14529912628986252
40109,0.11896104707802332
40110,0.1768056674374714
40111,0.047775919588892754
40112,0.16495548265341842
40113,0.1553874704735532
40114,0.12028376566890402
40115,0.23359987261280352
40116,0.10174870548434498
40117,0.04711225498329468
40118,0.05824230204929716
40119,0.0728532487987874
40120,0.08213058694557131
40121,0.734002801515014
40122,0.13303731391611878
40123,0.5946369292084699
40124,0.053058975929082264
40125,0.24787517657981298
40126,0.06315968164606381
40127,0.10177267931036295
40128,0.0381254469070456
40129,0.38457985147776963
40130,0.08284240724844891
40131,0.6928603235861496
40132,0.0332226611661631
40133,0.07708986341583428
40134,0.4798966738371683
40135,0.08220449194936588
40136,0.16294823567205516
40137,0.09036593321062639
40138,0.07200055863901111
40139,0.14556873317193578
40140,0.08855644703710878
40141,0.11442443637599081
40142,0.3386536436912824
40143,0.2648586695246893
40144,0.053836247825921564
40145,0.03719911284305035
40146,0.04465300639681237
40147,0.28620398832512894
40148,0.33187648176633566
40149,0.7077313345589442
40150,0.223061781982246
40151,0.24450526186191449
40152,0.0724856714577148
40153,0.323773820169855
40154,0.052927472040246455
40155,0.08498400055809022
40156,0.542654946395448
40157,0.3969349182245292
40158,0.4198188090069579
40159,0.5243815845071302
40160,0.39305803370309217
40161,0.09146210582714448
40162,0.18716190494336832
40163,0.6033345543914097
40164,0.15741670017707393
40165,0.17955495791043474
40166,0.2231671861606965
40167,0.22667578075377293
40168,0.10793593273540557
40169,0.41904833082380555
40170,0.4742840376971667
40171,0.2256328412154699
40172,0.565341983414973
40173,0.12825124717072817
40174,0.18652830807843912
40175,0.10353102397753358
40176,0.3569147849084308
40177,0.3867230591417904
40178,0.10600634317870132
40179,0.07834148621653217
40180,0.10499427978342692
40181,0.0809821366640412
40182,0.7544907345596072
40183,0.591991098585446
40184,0.06327380261272067
40185,0.06477366429005488
40186,0.04852256760610191
40187,0.060017167072774824
40188,0.6439929511290564
40189,0.13214380815647067
40190,0.09369816769988687
40191,0.09740947596403152
40192,0.383246698173704
40193,0.3486138443814325
40194,0.1889931817467484
40195,0.11475145119123832
40196,0.7092107808451273
40197,0.06261799187285311
40198,0.33813470380232985
40199,0.07458461647080823
40200,0.18205415375149273
40201,0.572296510319023
40202,0.5602817687595851
40203,0.08728887617207044
40204,0.16736294158249448
40205,0.0482270162277195
40206,0.6474233124105611
40207,0.09694571247459735
40208,0.5597929766354374
40209,0.20265395149676874
40210,0.04458601351111439
40211,0.23982272139520489
40212,0.3011577898671477
40213,0.18876585533587614
40214,0.07780754235154629
40215,0.10826475152860676
40216,0.3643321009253825
40217,0.19478717379977548
40218,0.3939225346011847
40219,0.19931258697651902
40220,0.13643967735956986
40221,0.06787649891332732
40222,0.08423284778938525
40223,0.19548848243245642
40224,0.21463722659915527
40225,0.10698819833984614
40226,0.05276107307456963
40227,0.07938279370446479
40228,0.1563748094223319
40229,0.45578634399519435
40230,0.26807440432685553
40231,0.2763653785125434
40232,0.0879286337684113
40233,0.19970256493332691
40234,0.1317097966469443
40235,0.37080454607597974
40236,0.7030982551976318
40237,0.17683607065281345
40238,0.1432758004265911
40239,0.605610062826915
40240,0.45192155771340975
40241,0.4293310103161809
40242,0.20112612797756615
40243,0.10341011074637568
40244,0.21470096204594094
40245,0.032399544378817834
40246,0.2341795446734711
40247,0.08571444853908015
40248,0.09549238900575359
40249,0.10913261872713487
40250,0.6080507597124281
40251,0.06431290527202516
40252,0.611249068215783
40253,0.14062252513139348
40254,0.0890913170849257
40255,0.04118479907623554
40256,0.3575548772695207
40257,0.23823055059352394
40258,0.08808350022481105
40259,0.03735884842335757
40260,0.4364682275038167
40261,0.09450863969216916
40262,0.17532106809938133
40263,0.6978651348326953
40264,0.0793756152332781
40265,0.10212434802042573
40266,0.3537036895413124
40267,0.09706739946032814
40268,0.03522613483066429
40269,0.8106572073248519
40270,0.11177886696644708
40271,0.06848361287675507
40272,0.6631202986364314
40273,0.3525279366356037
40274,0.6565924414105361
40275,0.14656462662801298
40276,0.09357942665825995
40277,0.18328117289853543
40278,0.47893146834812805
40279,0.6829872294893287
40280,0.548874872050499
40281,0.1412885887066107
40282,0.21619672241716326
40283,0.11199252522808469
40284,0.06398963442421361
40285,0.06856977702872848
40286,0.10947983127708788
40287,0.4037185580358596
40288,0.10279945788871415
40289,0.1411166751776221
40290,0.052899033022266735
40291,0.29214326615958686
40292,0.07286456041682211
40293,0.122691079152666
40294,0.06170870105121626
40295,0.059559602900668765
40296,0.09342036153174252
40297,0.040656732705203986
40298,0.3241023051225024
40299,0.09285093687033004
40300,0.21721054021727051
40301,0.42926699583707667
40302,0.49536361885404745
40303,0.03018471793623241
40304,0.06596352634736596
40305,0.19053802013577864
40306,0.09745517505778928
40307,0.3938144632481685
40308,0.18804613670209938
40309,0.17113019156867676
40310,0.07814378427315366
40311,0.132227719821474
40312,0.06314640690100301
40313,0.11119900683857781
40314,0.0799459254942919
40315,0.060347165970530234
40316,0.10076753073616036
40317,0.12097629284686744
40318,0.05625318444415875
40319,0.4490713816930232
40320,0.06325339995836521
40321,0.26311377218937193
40322,0.25565603602474896
40323,0.058909824748033406
40324,0.08042644454402278
40325,0.06371616199588181
40326,0.046343128330205624
40327,0.026351016626033903
40328,0.1624275504426876
40329,0.06748983128737038
40330,0.36991737316060264
40331,0.1355397183268639
40332,0.05704080446830801
40333,0.4307056286678617
40334,0.10314114059721849
40335,0.41255969547328314
40336,0.0962399073415162
40337,0.11072036488723583
40338,0.11327606612916301
40339,0.13257605855931284
40340,0.44689507464356204
40341,0.47927743241805093
40342,0.032208683590915804
40343,0.07384422120266082
40344,0.4314958632132801
40345,0.14222062628443058
40346,0.5826324486982392
40347,0.5115812223497855
40348,0.08730259963877614
40349,0.5672913077043067
40350,0.11284061331173431
40351,0.44163074062974705
40352,0.23493606232854555
40353,0.22731270354017294
40354,0.1022319979507967
40355,0.06319757293733656
40356,0.19122273103514814
40357,0.1608613999509878
40358,0.5678630418574226
40359,0.11483968927098384
40360,0.11801908446634125
40361,0.26457310465340417
40362,0.05308978990121102
40363,0.06811232294204339
40364,0.1753733496844353
40365,0.3810046458708476
40366,0.24330641334737374
40367,0.10896502191184616
40368,0.11958902604212587
40369,0.18046681452713795
40370,0.2512758853938443
40371,0.05370674843023984
40372,0.08409657540199199
40373,0.054537874733208015
40374,0.21029922542213564
40375,0.11538164713545496
40376,0.14288064563533218
40377,0.5649371942436154
40378,0.1029298579854768
40379,0.19445369455935974
40380,0.16193620818441554
40381,0.07964822031655269
40382,0.07077945342037963
40383,0.1497589485566039
40384,0.1345318237464982
40385,0.08067171757023964
40386,0.09035031414035
40387,0.3190532755796216
40388,0.2766179589584243
40389,0.7029520104587428
40390,0.13017432389455405
40391,0.44645190347742625
40392,0.07893803967570152
40393,0.5371683826259339
40394,0.04455762072025753
40395,0.10195092665600702
40396,0.6176821920497881
40397,0.041820567688918654
40398,0.5709709721900381
40399,0.1707956024784482
40400,0.09381592326988483
40401,0.08255996516878263
40402,0.07686916918101684
40403,0.04418543494916496
40404,0.03697751397232883
40405,0.13785692573554428
40406,0.5833090701742634
40407,0.29246616022005156
40408,0.07285352991570226
40409,0.3395331926458072
40410,0.07438085495134773
40411,0.18046671542464884
40412,0.08794869394218058
40413,0.1053884782335136
40414,0.14198791361745433
40415,0.057986465439321684
40416,0.12108428184939533
40417,0.03758857759361477
40418,0.12860325727131972
40419,0.04937991664644751
40420,0.11926365565337868
40421,0.10857765253795103
40422,0.678089750950866
40423,0.465240494216096
40424,0.19913071374604846
40425,0.08184184726176612
40426,0.372812875839069
40427,0.11209279359202803
40428,0.24675079509463785
40429,0.585517101779292
40430,0.6407325224429644
40431,0.04307817373817056
40432,0.045160730068641075
40433,0.03787446928534031
40434,0.07305757730428053
40435,0.12067561039810665
40436,0.07197860342125735
40437,0.2054784228438935
40438,0.3942844083573646
40439,0.08928006308036544
40440,0.05918185957779838
40441,0.5056063861210907
40442,0.08493521722867554
40443,0.09068982738039387
40444,0.12718533722986164
40445,0.47006764711454535
40446,0.10205820581328158
40447,0.4904524841167901
40448,0.14027767614740252
40449,0.24570904920143563
40450,0.15230079985345993
40451,0.58452236140786
40452,0.1046823754107278
40453,0.7354959720729859
40454,0.053325466045617054
40455,0.6272847977955515
40456,0.30028707572349345
40457,0.10817005919408675
40458,0.07191775160700112
40459,0.8062393388226787
40460,0.2604695323109474
40461,0.033399883076244044
40462,0.49333896282116
40463,0.09632370868537132
40464,0.17293776850477863
40465,0.05708040578631555
40466,0.049614458730915315
40467,0.11827820774168428
40468,0.10315361490227243
40469,0.06833381284966478
40470,0.11551369988300372
40471,0.16452959017403965
40472,0.03849900165154589
40473,0.09630745135451381
40474,0.21013086077802726
40475,0.1327555610564849
40476,0.12682002205993853
40477,0.29789213603962117
40478,0.058696708864640276
40479,0.10282371810401705
40480,0.35787512837578456
40481,0.10189110448857797
40482,0.5954455891230879
40483,0.0368703067290619
40484,0.7079201394830573
40485,0.2645020018836646
40486,0.13316131660597863
40487,0.16795450203150455
40488,0.5135305896400862
40489,0.3226108389040093
40490,0.2288119237691825
40491,0.09861325412440697
40492,0.4652745897576681
40493,0.08641520001779414
40494,0.042975338028334885
40495,0.31947944498054615
40496,0.3475978343674094
40497,0.10102770986048291
40498,0.059012425209065494
40499,0.27227457739393673
40500,0.06339302722977741
40501,0.1525709474402854
40502,0.03831095817241732
40503,0.09268896985717769
40504,0.03967680853522737
40505,0.1363561993458929
40506,0.08485528282555367
40507,0.16304607916762662
40508,0.3347222324258501
40509,0.07901134957773351
40510,0.18166767663187297
40511,0.2337689172220935
40512,0.7029304925781678
40513,0.09813183951394751
40514,0.09701270293401333
40515,0.1149003953274823
40516,0.3391780802043552
40517,0.07118923725834372
40518,0.04767642702990108
40519,0.3996075094970788
40520,0.7498551957075767
40521,0.5442924797486892
40522,0.08014697532396883
40523,0.08061120227482757
40524,0.07481457552504675
40525,0.5507227868303505
40526,0.11346988737591611
40527,0.6546474770592231
40528,0.08788656550330977
40529,0.1889823118555612
40530,0.11093977793942071
40531,0.07119246579786488
40532,0.06467455754743977
40533,0.46410483211802434
40534,0.0863554306042658
40535,0.23048658473882086
40536,0.04245651265109684
40537,0.04165458661615636
40538,0.09961897352723971
40539,0.07986875805849177
40540,0.4364874367149546
40541,0.0945755800561085
40542,0.05714268262975271
40543,0.06818844242882417
40544,0.060833817202592115
40545,0.10865510432258439
40546,0.07430134936886215
40547,0.2926753380829191
40548,0.06746205823593637
40549,0.12158802387228845
40550,0.049539092324448614
40551,0.0978471351462637
40552,0.08002421304577585
40553,0.11528239127298183
40554,0.6352782468263831
40555,0.06358030680921466
40556,0.1035361137496932
40557,0.11264380500587198
40558,0.5189295467703855
40559,0.2924078262292654
40560,0.23211519224581517
40561,0.10159132817927202
40562,0.1220037764086259
40563,0.08370857890616933
40564,0.32115700551131754
40565,0.512665787659402
40566,0.08408631549840198
40567,0.5074570596149367
40568,0.05354940027317019
40569,0.20572697401362738
40570,0.6529940870380918
40571,0.10500890902384366
40572,0.0991043099107315
40573,0.09235181045659574
40574,0.08759703852205793
40575,0.6416502421577059
40576,0.02529811037042764
40577,0.19380976294348082
40578,0.2222491949701779
40579,0.05612905103370726
40580,0.07266076448070385
40581,0.14282564676293827
40582,0.6236081244080197
40583,0.03899606192728886
40584,0.14892923899346772
40585,0.05202456377847225
40586,0.065472066463028
40587,0.2387655514148613
40588,0.11962060645144845
40589,0.10946133574949973
40590,0.33184866666012613
40591,0.10793738528172883
40592,0.21231964546441154
40593,0.07380788285569183
40594,0.06887030368745915
40595,0.21968764355250495
40596,0.12447652647781661
40597,0.08641061617323824
40598,0.09644501170872274
40599,0.0840934994415396
40600,0.10761532473794837
40601,0.09682297851769386
40602,0.05870545665293033
40603,0.09815515687523015
40604,0.3782105202260897
40605,0.7024007890012117
40606,0.373526762222541
40607,0.0967754739295152
40608,0.05397460729400667
40609,0.11931039514848213
40610,0.08494995717909347
40611,0.06232199962845845
40612,0.19133772115729084
40613,0.46646044573290896
40614,0.10338950385723497
40615,0.04895383338122429
40616,0.0722778380747535
40617,0.14225420178820897
40618,0.10092081851349669
40619,0.2322736036520009
40620,0.2846334967467348
40621,0.16578554806169707
40622,0.05236987526857329
40623,0.2624424530855453
40624,0.6840393977697066
40625,0.10085769155108033
40626,0.059999257722855644
40627,0.10404117444605364
40628,0.030597419498882145
40629,0.09356702147170592
40630,0.08256150724980646
40631,0.07077106709025578
40632,0.5260917080358299
40633,0.16331801216437208
40634,0.1162763743933151
40635,0.12081079390023025
40636,0.0947582708438428
40637,0.5806936166409301
40638,0.0750628387982269
40639,0.11789677885176963
40640,0.08344264407963503
40641,0.06347207840656123
40642,0.2284368464385868
40643,0.14612100580123288
40644,0.09144242440938662
40645,0.12679939018027178
40646,0.2696299990935045
40647,0.5344446287447445
40648,0.23424074255549948
40649,0.12083351404934582
40650,0.7061853154646613
40651,0.2463132013269553
40652,0.2845520057602423
40653,0.13931415932153293
40654,0.06977169728943096
40655,0.36058624650293636
40656,0.06371774624761453
40657,0.24511750911378669
40658,0.1735944725733919
40659,0.06251770304575312
40660,0.14075602420915154
40661,0.06262906663817217
40662,0.6986317625430912
40663,0.38086703034686403
40664,0.26009479105025746
40665,0.10324258531216149
40666,0.08119976130875006
40667,0.18754683455439697
40668,0.08678550549851234
40669,0.036258479006617744
40670,0.035448821807425174
40671,0.3921805419408234
40672,0.669685118306736
40673,0.3246586007032336
40674,0.03836190626691625
40675,0.5111951647360755
40676,0.07495912330622938
40677,0.12123330666554546
40678,0.23782544814982842
40679,0.10307046425420405
40680,0.10501994408591554
40681,0.14715965747721327
40682,0.5549129086028902
40683,0.09252104084962211
40684,0.07288655805724271
40685,0.11731071666515697
40686,0.09219033977685258
40687,0.5043965974633843
40688,0.2169440482607742
40689,0.7360097386818554
40690,0.09023503670841308
40691,0.04381339280511617
40692,0.29218689392503666
40693,0.06562041153823811
40694,0.0674703579725358
40695,0.07863979160974605
40696,0.047496874492112526
40697,0.16298878199343994
40698,0.1170676460256209
40699,0.7219299150855785
40700,0.3188984841563558
40701,0.5716785191855441
40702,0.410008560801819
40703,0.33050264296263915
40704,0.4675490138205412
40705,0.09597743644847131
40706,0.05669789203641992
40707,0.6251458671044158
40708,0.5535354435929606
40709,0.09427482378118482
40710,0.5507084271491625
40711,0.18391548156064344
40712,0.06133000207466633
40713,0.1847660315212905
40714,0.06912984535520039
40715,0.6562115899130183
40716,0.11833481505194193
40717,0.08584522463937866
40718,0.1588152488330423
40719,0.07874247675374986
40720,0.0690953580904685
40721,0.22353365109929352
40722,0.10919379367934835
40723,0.06655321481573692
40724,0.08251413645565017
40725,0.07139894309070866
40726,0.1361367911605697
40727,0.0918493089890551
40728,0.07157318225321904
40729,0.040151817718065294
40730,0.13167553220327527
40731,0.08233944496410996
40732,0.06040352492751695
40733,0.059494446155669525
40734,0.084644175826168
40735,0.39349957052436474
40736,0.16736355968193703
40737,0.07884911388309936
40738,0.2739020626337588
40739,0.05488238780733199
40740,0.074369594370497
40741,0.05715027985920835
40742,0.08955763993716895
40743,0.4689683718251601
40744,0.24569211903942587
40745,0.06771179430340335
40746,0.03128418753318208
40747,0.17364014228556612
40748,0.19947188694964313
40749,0.09659825411909673
40750,0.21596148615763502
40751,0.10456139482440771
40752,0.12197962695146884
40753,0.44347590260653524
40754,0.04599235185082526
40755,0.1635614674760285
40756,0.13143597384445202
40757,0.2551288903756952
40758,0.29936502519471936
40759,0.08017979063518292
40760,0.07016253329280048
40761,0.6564473076040169
40762,0.12377377647203817
40763,0.04802195609917085
40764,0.12383174576431832
40765,0.29151535262376665
40766,0.6136817304882229
40767,0.04445174208704477
40768,0.22631879519483245
40769,0.038013641382825945
40770,0.02389183199522986
40771,0.0712664267747973
40772,0.6807464450994913
40773,0.10585991471730875
40774,0.10861885505903897
40775,0.038069992832650106
40776,0.11004592550839892
40777,0.3389695686033422
40778,0.034472849192714365
40779,0.10459957361914678
40780,0.0942467548888015
40781,0.569672366046053
40782,0.4727282463309112
40783,0.1672868450142119
40784,0.07246173563025311
40785,0.06550492854303036
40786,0.09117120754073199
40787,0.06813811443235013
40788,0.03722890365635549
40789,0.05458357081715595
40790,0.2097065842297348
40791,0.08687684533523589
40792,0.11512469436905606
40793,0.21534805509637028
40794,0.18647916210984944
40795,0.17159832108149298
40796,0.04916520957271154
40797,0.18795048907037928
40798,0.12196372503459303
40799,0.7119823323526453
40800,0.04371910640530231
40801,0.17900165426338668
40802,0.040883983794118554
40803,0.44927124401302443
40804,0.870795452539744
40805,0.3168342874396358
40806,0.19675634803076827
40807,0.2536126655257583
40808,0.10370325841405101
40809,0.028651704264786193
40810,0.07728616724136875
40811,0.23652815622656267
40812,0.061598487914664206
40813,0.08287755369431993
40814,0.14841999851405435
40815,0.14067631242495068
40816,0.054754242871308964
40817,0.03608928911869047
40818,0.11228065785693028
40819,0.09116494286531436
40820,0.0591031899954834
40821,0.11302037656776065
40822,0.18944161816658484
40823,0.48326669036075365
40824,0.11679434859798701
40825,0.1791878504724205
40826,0.4757133018288628
40827,0.10030401139378879
40828,0.07693748963121638
40829,0.13709658652510906
40830,0.12299811839002116
40831,0.15482343018446804
40832,0.8147496060425159
40833,0.7972256703146808
40834,0.07588284683956523
40835,0.09415274804512283
40836,0.08212598254263934
40837,0.05971434912748801
40838,0.2896030527594639
40839,0.37686911100216586
40840,0.43997071528924325
40841,0.42604352086851305
40842,0.3029786030327914
40843,0.16159345025084604
40844,0.1102950832144905
40845,0.08085280592917596
40846,0.2530630425403864
40847,0.5907980592705004
40848,0.3101543255330627
40849,0.12250107673381767
40850,0.2740074144221015
40851,0.15828614704220673
40852,0.05693587272790952
40853,0.5757191229138151
40854,0.19915912290301316
40855,0.06376701737835491
40856,0.13426536495052435
40857,0.4775570601069698
40858,0.21944682178168132
40859,0.30606152525900965
40860,0.6244175818167873
40861,0.07616105149302423
40862,0.1840277121151512
40863,0.08939657243555343
40864,0.19118111526923737
40865,0.12376450779419382
40866,0.1211405102879516
40867,0.1774511046016585
40868,0.08402903099731829
40869,0.20956033062848026
40870,0.05294730172204048
40871,0.2991199371378307
40872,0.12412941819875885
40873,0.6233008528790994
40874,0.4642868861200778
40875,0.32930864328979204
40876,0.7859290296597495
40877,0.14344460972939133
40878,0.14948218338861105
40879,0.08662385334691751
40880,0.5772674117461792
40881,0.1218871530848529
40882,0.6282867093588907
40883,0.4970217469541502
40884,0.03509467767035912
40885,0.12407114849565225
40886,0.045979917450206007
40887,0.10651223444330939
40888,0.4069673500865293
40889,0.07686799453549398
40890,0.11738180963405251
40891,0.09901916535341047
40892,0.16166197207979718
40893,0.3593592121296392
40894,0.14771753819487105
40895,0.3844197213334486
40896,0.17677379680771885
40897,0.4665001601753277
40898,0.4777638178963225
40899,0.18796528044311808
40900,0.07650437784324259
40901,0.25047985499134595
40902,0.39224009918515473
40903,0.06839619533374884
40904,0.15857071280269125
40905,0.44388830784484773
40906,0.5727321082519007
40907,0.28753224659205134
40908,0.13100257994001802
40909,0.13673403414699944
40910,0.4740102227096742
40911,0.1140502532382993
40912,0.07796053843320346
40913,0.19620703004939774
40914,0.6671703556886648
40915,0.1780236924995373
40916,0.11474208485988091
40917,0.06908784211905894
40918,0.38953201908889
40919,0.4928199502833157
40920,0.05893658114048126
40921,0.054575701672232954
40922,0.0899808639884807
40923,0.10179587536954554
40924,0.11921890536470253
40925,0.04789029071595277
40926,0.4946698918200815
40927,0.060827241074521594
40928,0.4272930951362194
40929,0.0593061269724658
40930,0.2702202569670012
40931,0.15178434380519662
40932,0.3378973447984234
40933,0.6989002726341498
40934,0.6455060712283752
40935,0.09876930633741471
40936,0.09720011566415541
40937,0.12598663518755257
40938,0.028789997200782007
40939,0.31828836093824336
40940,0.05404524242448899
40941,0.06190636564785521
40942,0.08942914496663615
40943,0.03521352207678607
40944,0.09803619546049935
40945,0.07249996595450527
40946,0.06728513326846221
40947,0.11279076042482401
40948,0.09616714901578166
40949,0.09578397718626519
40950,0.11000196309397142
40951,0.7242543827854472
40952,0.2427475179503169
40953,0.11729440087280807
40954,0.2704591748468754
40955,0.16540971775077706
40956,0.149681219697658
40957,0.09609991675346997
40958,0.4673451386069508
40959,0.08101056204542165
40960,0.4633313614602365
40961,0.07832774246178753
40962,0.3580496167797642
40963,0.05726404968245297
40964,0.29306201301028445
40965,0.5542520450926817
40966,0.07915777784464045
40967,0.09249163265379064
40968,0.2356221681977851
40969,0.08586615338854223
40970,0.09792791724363108
40971,0.07705909126449077
40972,0.16193887429348275
40973,0.04350558902971776
40974,0.5082346467267674
40975,0.47795160660161656
40976,0.09468237596257244
40977,0.15107216556138273
40978,0.029526671858835656
40979,0.48681149326532497
40980,0.06486778044921673
40981,0.08585211699095327
40982,0.10840451218278745
40983,0.36933595068782354
40984,0.1609684150919363
40985,0.6742157181900164
40986,0.040300038942134075
40987,0.5203424401920694
40988,0.06702189097344739
40989,0.12057773608863315
40990,0.06938071472571107
40991,0.07711830126993685
40992,0.14168237612411647
40993,0.12466638165617766
40994,0.3834728055479302
40995,0.028710118339691438
40996,0.2756373168788518
40997,0.11282070763309072
40998,0.1153748406765878
40999,0.20086922586598144
41000,0.2565821284161073
41001,0.030901710026552277
41002,0.21820153497664313
41003,0.20682481031537986
41004,0.09145163559636638
41005,0.33622333214338107
41006,0.07620208067313908
41007,0.19953246836151717
41008,0.07462826360686443
41009,0.07760642991666071
41010,0.09221759568138338
41011,0.43151393468157817
41012,0.5696083463369154
41013,0.30823931881597955
41014,0.05201392593164454
41015,0.13236526417214728
41016,0.07512918817766896
41017,0.06336968130490137
41018,0.11918112993929258
41019,0.12083091859866267
41020,0.09104983170009709
41021,0.1848037879335966
41022,0.08201233074500572
41023,0.14492324198892054
41024,0.218228707719187
41025,0.06531946212439334
41026,0.05464487175537807
41027,0.5304715929645122
41028,0.1107681745841061
41029,0.09405585757978877
41030,0.34266172608803735
41031,0.49306421693617525
41032,0.12257224506881902
41033,0.12697407487907583
41034,0.5121617960243183
41035,0.08401493920008894
41036,0.4215877370033159
41037,0.09649760933133213
41038,0.6035781880248953
41039,0.0375975475342444
41040,0.04505289571286547
41041,0.2419281439040078
41042,0.6380058770264797
41043,0.12800296060596988
41044,0.1591707158883504
41045,0.1190774940550594
41046,0.06421527159114432
41047,0.16443709694649739
41048,0.41812995864169916
41049,0.16655527139742674
41050,0.20567884499859537
41051,0.39800477243953825
41052,0.1103861072814545
41053,0.5019728154231801
41054,0.5085141327317494
41055,0.05338030669423016
41056,0.14650177053304572
41057,0.043426113543112564
41058,0.08417191197354734
41059,0.06936394550775728
41060,0.43340326196403994
41061,0.2724160174652235
41062,0.1415271524321311
41063,0.0666132070750196
41064,0.1412089046732528
41065,0.19676925902687134
41066,0.03572419040260779
41067,0.18501004378448171
41068,0.12170028980823223
41069,0.5927138411441586
41070,0.2766326093181089
41071,0.05214259866778939
41072,0.13059760427364356
41073,0.1028091683252843
41074,0.13735862775770982
41075,0.2148010189542828
41076,0.318424365562049
41077,0.15146531653316267
41078,0.2832201747657701
41079,0.06342154489330853
41080,0.0862450439267139
41081,0.06387981030226929
41082,0.35847521768381035
41083,0.07324987905518608
41084,0.10630246727247399
41085,0.13235883680141589
41086,0.07851210408811367
41087,0.24434379088965316
41088,0.19968437215502804
41089,0.3764493952874986
41090,0.08745501741075222
41091,0.8060012378831779
41092,0.08519808277956446
41093,0.12857069634393545
41094,0.05175989935963578
41095,0.17954860614692184
41096,0.03688168833915841
41097,0.2563148106859117
41098,0.1912988786941188
41099,0.09619612751258706
41100,0.31995200201136675
41101,0.07038062185123942
41102,0.3690418011166231
41103,0.07679496071402853
41104,0.06154477504002269
41105,0.23908241039908826
41106,0.11514016945917847
41107,0.7363582854770564
41108,0.26852374668844264
41109,0.4644114640245613
41110,0.5280661262018341
41111,0.09146993417374259
41112,0.063411543948964
41113,0.5728893465021323
41114,0.2812909204915003
41115,0.2600953542526346
41116,0.2559020430795431
41117,0.39694480062183857
41118,0.2406302099799507
41119,0.0719552610858912
41120,0.16600581339794318
41121,0.2252278053493604
41122,0.23452379780910637
41123,0.22440797288181022
41124,0.2830735266672245
41125,0.14865060964520127
41126,0.24251742439965635
41127,0.18699328782770686
41128,0.18622819024417264
41129,0.09113532529189142
41130,0.1256407068523527
41131,0.16987513484892583
41132,0.49541696851476746
41133,0.11908072198444157
41134,0.03818748710592084
41135,0.16387159864784417
41136,0.17771302357139251
41137,0.04258841490816706
41138,0.07660426180205314
41139,0.30775843562704325
41140,0.09711721700025522
41141,0.3692661733734783
41142,0.3317014397259365
41143,0.11438622543337632
41144,0.3667337514240887
41145,0.40724026264302327
41146,0.4932403230614587
41147,0.07369197576485945
41148,0.0439165270347022
41149,0.06525641051993601
41150,0.10359487110215644
41151,0.06723920915046587
41152,0.5266878385929057
41153,0.04405285625029932
41154,0.07723015868105201
41155,0.16079097665609154
41156,0.03249534709575473
41157,0.12019963119997963
41158,0.4918937077486883
41159,0.15235305154127465
41160,0.13419553795617575
41161,0.03814417620369452
41162,0.07270790419175008
41163,0.08743180272457166
41164,0.11713905473687068
41165,0.5933227793533011
41166,0.2458165415121369
41167,0.09450774067600226
41168,0.2843643694988936
41169,0.06989561574460154
41170,0.4767607718573768
41171,0.660498365258621
41172,0.14577234321766727
41173,0.09776446308162895
41174,0.3227819122052782
41175,0.10220009529580494
41176,0.04804329481753592
41177,0.21562803756793728
41178,0.08211997719109121
41179,0.08058528263835839
41180,0.08430030508723853
41181,0.3451642004057222
41182,0.05883417907062133
41183,0.13644391780939025
41184,0.19324505918767157
41185,0.13508728821197627
41186,0.11031453952664054
41187,0.06732416152084444
41188,0.7018393555715056
41189,0.04894709477713077
41190,0.5706782238803967
41191,0.7000209267562917
41192,0.06521421896494015
41193,0.3719762754251707
41194,0.2746530015767455
41195,0.13247921004834998
41196,0.2205610576064374
41197,0.11542261694913589
41198,0.1657226624202346
41199,0.21111726389952154
41200,0.16910850027406382
41201,0.04326857017201276
41202,0.7056771014578522
41203,0.5930732608571013
41204,0.15092238148963735
41205,0.04546706203830902
41206,0.26479169854950824
41207,0.05479430983271872
41208,0.19886811062589851
41209,0.13152082404303547
41210,0.17431138869060672
41211,0.12941951767742085
41212,0.37660463731081906
41213,0.10802017327388931
41214,0.8115151270348101
41215,0.07762934183744907
41216,0.20140480056186094
41217,0.09585121931265847
41218,0.083377385604369
41219,0.061453130062945775
41220,0.05022373572169565
41221,0.3386597764950594
41222,0.0873847087420827
41223,0.7105813113004954
41224,0.13277081467050075
41225,0.047153973882897486
41226,0.476418372104603
41227,0.05127480813400455
41228,0.07294902439808824
41229,0.10919183793193404
41230,0.15394188411878018
41231,0.11601100334426709
41232,0.05659980011233015
41233,0.12291394124776964
41234,0.0901956320076274
41235,0.5464165199211654
41236,0.08330570764221285
41237,0.25823279417984596
41238,0.6795704291156599
41239,0.037386548549067256
41240,0.04082757774604295
41241,0.18789915220109846
41242,0.07619750855422888
41243,0.05478429686454106
41244,0.059967679708061696
41245,0.38216060946812325
41246,0.15818676703329285
41247,0.2209181027171796
41248,0.6594161859917708
41249,0.6962121805712668
41250,0.14973556281217618
41251,0.07986870328997026
41252,0.11586088049364295
41253,0.6696498363928756
41254,0.1540083815221789
41255,0.5707027648173539
41256,0.25334163131060977
41257,0.5166959886798489
41258,0.05006811364109962
41259,0.20616611790204908
41260,0.18683547679071819
41261,0.19202819467458815
41262,0.22982705076966695
41263,0.03757087384274673
41264,0.7100106271545298
41265,0.06437298484041987
41266,0.03592282709708416
41267,0.07674076182290442
41268,0.07607446955947408
41269,0.5734510023713515
41270,0.1059408593169658
41271,0.28218149463635034
41272,0.07326786585297138
41273,0.036388757944698286
41274,0.2941539582716919
41275,0.05228387036723435
41276,0.17846357983518882
41277,0.15220802280597914
41278,0.07019477328460669
41279,0.09079255241444441
41280,0.23191861937818822
41281,0.08561744398278799
41282,0.08944017003408183
41283,0.14923646492308898
41284,0.11199445639727512
41285,0.08919822375226434
41286,0.05479643002119153
41287,0.2419563398357549
41288,0.048541474525296675
41289,0.27269521532123214
41290,0.1999967522277867
41291,0.3573262210069402
41292,0.1664461780362669
41293,0.03965855048774753
41294,0.2020246632819583
41295,0.18107520225214893
41296,0.035958658280985434
41297,0.06859197177703912
41298,0.1717211150105048
41299,0.1119785294748587
41300,0.048532837487201094
41301,0.2077629579790738
41302,0.11056604142189178
41303,0.07195875467407489
41304,0.2919835416148024
41305,0.43494388370394593
41306,0.08328350963077479
41307,0.10477488955405766
41308,0.05950200784441781
41309,0.040281220595718856
41310,0.2933598341152812
41311,0.32745259544320016
41312,0.18098524164696872
41313,0.19613305453001173
41314,0.7305763520873155
41315,0.04353141525457025
41316,0.09098563088976125
41317,0.24910461389971814
41318,0.11325307690035781
41319,0.062381782441849984
41320,0.3247655794685012
41321,0.3528415910844614
41322,0.23406400651072243
41323,0.09030579393335039
41324,0.3657697547699119
41325,0.061135211989792757
41326,0.20608429368753234
41327,0.04119380220537933
41328,0.13316273708828807
41329,0.8422540896226673
41330,0.1222347245859004
41331,0.12006309232980598
41332,0.07241823650227301
41333,0.32610820525456885
41334,0.06981998454770894
41335,0.07537983312706333
41336,0.04603008368370974
41337,0.5003009562454224
41338,0.03565936420619838
41339,0.08147609911592589
41340,0.6321573060960516
41341,0.1334399403915769
41342,0.41914013044836057
41343,0.39224492489054613
41344,0.43086000463500845
41345,0.0684829394707402
41346,0.030840870724615298
41347,0.07200053286842445
41348,0.08087664492224582
41349,0.07040824463168532
41350,0.4533697151434647
41351,0.28724603350705574
41352,0.5857942548697165
41353,0.07873735805387086
41354,0.08254964719432203
41355,0.036683375328508266
41356,0.09843279324844965
41357,0.09562287740207241
41358,0.12849632490356067
41359,0.3313846768391503
41360,0.20138700322730105
41361,0.14335654953131052
41362,0.10993381951011666
41363,0.09189186597708465
41364,0.08461721141510163
41365,0.07875131470280393
41366,0.0706495058142544
41367,0.029818259478488405
41368,0.06346807022500658
41369,0.060561681411588436
41370,0.08938563086873709
41371,0.10484227936047089
41372,0.23124071681420064
41373,0.06002257875073861
41374,0.06645055454104395
41375,0.10604968064793441
41376,0.25588597084601955
41377,0.08597173092830132
41378,0.3067215913392574
41379,0.04395498823093806
41380,0.14275997447840744
41381,0.06487521912853608
41382,0.17654253734222833
41383,0.09502260729493116
41384,0.061338917552524054
41385,0.09876989598920728
41386,0.20978359478893865
41387,0.29037563518948123
41388,0.06187937171292376
41389,0.0823384937070273
41390,0.07044561131300596
41391,0.6524742989239732
41392,0.1275690324885524
41393,0.18873463936361337
41394,0.1677492287383778
41395,0.15766382625853148
41396,0.10240156087840885
41397,0.1007086969383844
41398,0.3398693631742417
41399,0.10078787925396394
41400,0.19406469540030788
41401,0.3907250439773941
41402,0.19039138263133673
41403,0.1024744832114584
41404,0.06220537583682931
41405,0.1998877668426945
41406,0.23379048832526095
41407,0.0685478986736742
41408,0.20156956614919577
41409,0.32501659464327837
41410,0.16844046430701112
41411,0.07464023930770285
41412,0.09058007745351579
41413,0.6784274302741908
41414,0.09898183229557166
41415,0.11879195345951639
41416,0.15575294544088847
41417,0.17228228376538607
41418,0.31210809624315117
41419,0.3502098434356515
41420,0.08757859241761752
41421,0.8375725822825174
41422,0.05121887818578236
41423,0.27535125156666035
41424,0.1331338209375427
41425,0.4201374365323036
41426,0.07845432832595561
41427,0.14436388236052888
41428,0.195219468228783
41429,0.08935320524954256
41430,0.1254942259841551
41431,0.6832234996118179
41432,0.07685601753942746
41433,0.46113176320006277
41434,0.1219635145044443
41435,0.05841838580801134
41436,0.32363010269401116
41437,0.1279420747645217
41438,0.11264456581573291
41439,0.039930950055500576
41440,0.025064254502736777
41441,0.08259598254142048
41442,0.2163358903283545
41443,0.10371157560563293
41444,0.5995465366961404
41445,0.11133528806164836
41446,0.09197674341348516
41447,0.2635232753163111
41448,0.06234119910863677
41449,0.18843080109054142
41450,0.27391566133587264
41451,0.06295275204428974
41452,0.09779339230589501
41453,0.4307504706322151
41454,0.5705382344069643
41455,0.23921011575483728
41456,0.6910591037404082
41457,0.06886374907096225
41458,0.2426076671976611
41459,0.035164113822842125
41460,0.22161039749479539
41461,0.4789171009790894
41462,0.2229218696553436
41463,0.2705813851349054
41464,0.10271308279594253
41465,0.09293377697108443
41466,0.15726451411336828
41467,0.1577780256483389
41468,0.11160058997404007
41469,0.6349255669293152
41470,0.1024591836802505
41471,0.6433630541146694
41472,0.2109698665905286
41473,0.4445269807278563
41474,0.24376178476330254
41475,0.10086133792120883
41476,0.08549160780314233
41477,0.1091948362323208
41478,0.08088459419520672
41479,0.20012226253296783
41480,0.09669866352798479
41481,0.07028026918146832
41482,0.07312605472315711
41483,0.09218593249507327
41484,0.045797562586319424
41485,0.06454235447107225
41486,0.05617365335702807
41487,0.3956536435825401
41488,0.08947812206858273
41489,0.10275335425602107
41490,0.062065489364361806
41491,0.3976058875476579
41492,0.08218481151190454
41493,0.4389126668769274
41494,0.054354458952258114
41495,0.09107529827537665
41496,0.09013645827853255
41497,0.09700044715969071
41498,0.1314063145597979
41499,0.2693412912010214
41500,0.08287261765729834
41501,0.4371465674143826
41502,0.09313456859074637
41503,0.35439675926767206
41504,0.10464675594444012
41505,0.09650550533274879
41506,0.4145170681117778
41507,0.041374769526406674
41508,0.07794121383604576
41509,0.09494994789930403
41510,0.05874319105314312
41511,0.12183919331047474
41512,0.08830162527510221
41513,0.43545543086437516
41514,0.16639151315929387
41515,0.09554404582702407
41516,0.12283593295486796
41517,0.05981118025615714
41518,0.4814056195606493
41519,0.13174171209998503
41520,0.23770129873192639
41521,0.1117081117954827
41522,0.0994698632162264
41523,0.03831512771393775
41524,0.5951194688029593
41525,0.10319063702500902
41526,0.1003981404068899
41527,0.15686368174379342
41528,0.20639001930902526
41529,0.24847505389179314
41530,0.053870197342564055
41531,0.46180853450562087
41532,0.44999790592516886
41533,0.4820693441025519
41534,0.14124308362162194
41535,0.1364550587436405
41536,0.41660092478597693
41537,0.4228162219610154
41538,0.4081196902509876
41539,0.2711471638211951
41540,0.35113581795091986
41541,0.6499589404311625
41542,0.1095573685984836
41543,0.13711128588536053
41544,0.12989415968038232
41545,0.10397872883663055
41546,0.2006593103759273
41547,0.20133956038242865
41548,0.12139675719564548
41549,0.08536160242605935
41550,0.1714901367660727
41551,0.11282041096114599
41552,0.30408012634573345
41553,0.06798430414385855
41554,0.7108412789768014
41555,0.20414606778996447
41556,0.2948553903564959
41557,0.22101627672818003
41558,0.7332736576672075
41559,0.0987055434984885
41560,0.07824311256961256
41561,0.4335445462824678
41562,0.19368142549668577
41563,0.14354006560640242
41564,0.4805949200734861
41565,0.07554561817662288
41566,0.2920561616541731
41567,0.288086773180492
41568,0.30730180725177536
41569,0.06424874608183133
41570,0.10740658694065987
41571,0.07406471992223793
41572,0.08866141600330589
41573,0.46687229918949263
41574,0.029760423578032557
41575,0.7880868032557878
41576,0.5126150163242541
41577,0.11221897520405451
41578,0.07093027281847482
41579,0.07869722773664439
41580,0.20355295833001547
41581,0.03965636560011757
41582,0.11034859193546744
41583,0.11450200068562481
41584,0.07146406358630304
41585,0.13593533554281012
41586,0.0992543375635341
41587,0.4966618196537138
41588,0.28893733477023087
41589,0.6237194606804833
41590,0.1350280455083301
41591,0.10265380088454734
41592,0.17874103527575044
41593,0.11915807841776503
41594,0.06857877960396323
41595,0.10159311112311438
41596,0.37294677022838746
41597,0.07941187718654447
41598,0.7524044942907496
41599,0.19178709539854435
41600,0.15176611975317963
41601,0.38241653007185133
41602,0.07300432221110477
41603,0.10640058566020542
41604,0.5274408813358982
41605,0.08800759180638157
41606,0.140099096687878
41607,0.11584477359906839
41608,0.08329425939657813
41609,0.08427651270537583
41610,0.05921302136277969
41611,0.3073000917986878
41612,0.1726446426983425
41613,0.6023508621675591
41614,0.6374311624037486
41615,0.6216322662798774
41616,0.6846336920179296
41617,0.0709107396951941
41618,0.7558983759728539
41619,0.17687636957977176
41620,0.09351370559214503
41621,0.3734749053917385
41622,0.4736016660376037
41623,0.3934728681706815
41624,0.4558176559226979
41625,0.6280414421986649
41626,0.02962493895671516
41627,0.20528641010293167
41628,0.05324070515167692
41629,0.09064206815784556
41630,0.28112404027182686
41631,0.5140241271553231
41632,0.47535731201561676
41633,0.07101313333117619
41634,0.15069125169417563
41635,0.4017912196779143
41636,0.11757001758824359
41637,0.10708285795760901
41638,0.03465282458406436
41639,0.2004401668803592
41640,0.4039761424596468
41641,0.3859646721600057
41642,0.09039759897144212
41643,0.1031267622521232
41644,0.09979939040613257
41645,0.09929572335049205
41646,0.1928085513395155
41647,0.09436009156099799
41648,0.045245245519340026
41649,0.0996909975941475
41650,0.47734498534936354
41651,0.09785577445425833
41652,0.7412068768657146
41653,0.04189328631562007
41654,0.10522075420349361
41655,0.036425030833269256
41656,0.22330952924829844
41657,0.07713492808762133
41658,0.6825091996673259
41659,0.15080424021687894
41660,0.08686074523830281
41661,0.4869477773861392
41662,0.12964182748538625
41663,0.0587085979203444
41664,0.5778212398937659
41665,0.06772733812093869
41666,0.22383812249648155
41667,0.05881697177635928
41668,0.07951564658229293
41669,0.032203467722769566
41670,0.07779978321599039
41671,0.030395987252424508
41672,0.09474345747261674
41673,0.044429236587144275
41674,0.034506944393763166
41675,0.22281136058406945
41676,0.08740988837388276
41677,0.1931822583639126
41678,0.05997620183820596
41679,0.23635505118292865
41680,0.07317420872240418
41681,0.7358981887721296
41682,0.06468187800552308
41683,0.05529392391562293
41684,0.12432390011972447
41685,0.1422987649781164
41686,0.09249207480013866
41687,0.035701282369563374
41688,0.05155633538859306
41689,0.12429199380436565
41690,0.11691223389115042
41691,0.47572171554104964
41692,0.07743568348378407
41693,0.31157221208659625
41694,0.05571524956558279
41695,0.3993143830970233
41696,0.03868669271857905
41697,0.058542425968675725
41698,0.13532543239696146
41699,0.17059544345768515
41700,0.03339478899653095
41701,0.5387893018485225
41702,0.39977088263612043
41703,0.24897744910840008
41704,0.11167654160404653
41705,0.128575399655013
41706,0.7962491795219565
41707,0.04835284061062264
41708,0.059533561402642994
41709,0.608617852491283
41710,0.20460337795552527
41711,0.7529190242637684
41712,0.10877263836965118
41713,0.2115930975267472
41714,0.33669938410840194
41715,0.13529854035705044
41716,0.09790433979291353
41717,0.07357913009740472
41718,0.09748492282468682
41719,0.0846934440544738
41720,0.38358723000589945
41721,0.052390915465585594
41722,0.05712374057776478
41723,0.09687035570605997
41724,0.10176352668715732
41725,0.36539997529738166
41726,0.051287238565769284
41727,0.6336806813128432
41728,0.04883155728332659
41729,0.1392488173723111
41730,0.06639950586054498
41731,0.07458662122076715
41732,0.10572889357559138
41733,0.2069584050305201
41734,0.428223108501314
41735,0.147545409537355
41736,0.08936218959812359
41737,0.07894382327762563
41738,0.04084597847210532
41739,0.16458657871192764
41740,0.060038160833590266
41741,0.14888375885827182
41742,0.10465139603196211
41743,0.1295873982048819
41744,0.13049503752136254
41745,0.039448934338756805
41746,0.05987083888720357
41747,0.6083235278074108
41748,0.1190835439498938
41749,0.062202780966969254
41750,0.07723103491511792
41751,0.6744100002746405
41752,0.04597719382931221
41753,0.06178970134309737
41754,0.5053343331052649
41755,0.08819085602652048
41756,0.08751241027546303
41757,0.5016776224496236
41758,0.4971312457561148
41759,0.08214458585134742
41760,0.08204401717129234
41761,0.5429477943991058
41762,0.05666686889858983
41763,0.17429398676169341
41764,0.04849550527644944
41765,0.036152940943344994
41766,0.08556818785163244
41767,0.09630941139805876
41768,0.4761146539927617
41769,0.06588605621878235
41770,0.23902317244865942
41771,0.10051280603947128
41772,0.24757137247136793
41773,0.08648640554220448
41774,0.608640713803332
41775,0.07657833340981772
41776,0.07062804676047833
41777,0.4095053112709565
41778,0.06473530134031363
41779,0.061946914600789015
41780,0.053706604548536575
41781,0.036297460044977484
41782,0.05464284049604429
41783,0.05851695661503401
41784,0.05205176639468377
41785,0.041439228686072624
41786,0.08254010750242147
41787,0.1259387868529434
41788,0.17249506165204773
41789,0.07589489788758742
41790,0.42845097875067095
41791,0.2730319901292683
41792,0.3229055323487803
41793,0.07087132048663151
41794,0.08352741950535822
41795,0.037092626357321044
41796,0.708078465067658
41797,0.09296258763579533
41798,0.11427101435192716
41799,0.6195627362311892
41800,0.05691684921937161
41801,0.24570023056821805
41802,0.0626312019676272
41803,0.21229867517009077
41804,0.2444328395857516
41805,0.04156474982156088
41806,0.21168394875398883
41807,0.03677763307840915
41808,0.08410924851163219
41809,0.05770543509374034
41810,0.4379870441539978
41811,0.08065166508014082
41812,0.1679123249255648
41813,0.09968989392010656
41814,0.06207084773303472
41815,0.16525357782952835
41816,0.06548791083255323
41817,0.14055096341592796
41818,0.10366295274418298
41819,0.2044649374745121
41820,0.04123253918136319
41821,0.06928690965288474
41822,0.11389505484955623
41823,0.07125343988659741
41824,0.051293795027939106
41825,0.10351151501006928
41826,0.19295557967026516
41827,0.11539449920128433
41828,0.21996744435104476
41829,0.06220280034818605
41830,0.23155511153818695
41831,0.13714709197534536
41832,0.19020433659512204
41833,0.0653948193612345
41834,0.22994258028226133
41835,0.39800514813761934
41836,0.4149781475566778
41837,0.07689260669317513
41838,0.08157109366260001
41839,0.28648262571896205
41840,0.3245233289463672
41841,0.10121951380654216
41842,0.3006573023256868
41843,0.08808875408018862
41844,0.051251003996568754
41845,0.15392952938769108
41846,0.10467094983730098
41847,0.07442738437783758
41848,0.5594086163634573
41849,0.08272666945544449
41850,0.06217823929046285
41851,0.10118209668080086
41852,0.06475938402164345
41853,0.04514165198426959
41854,0.1465730329020678
41855,0.2617670063242816
41856,0.5395590915239221
41857,0.14630687336943526
41858,0.44991129660294094
41859,0.3995581406085421
41860,0.17974532287328085
41861,0.18660755172348747
41862,0.06753122873052327
41863,0.0724733905599578
41864,0.07940184767291218
41865,0.4602214282175302
41866,0.18524279526638296
41867,0.6968352161755885
41868,0.10334940914713886
41869,0.18413745903404619
41870,0.08185469290506804
41871,0.19107337955216416
41872,0.09599989815779959
41873,0.35773408368120985
41874,0.21646528123392003
41875,0.09340576349085593
41876,0.0347750424285762
41877,0.047003147489300824
41878,0.7228332524993243
41879,0.08710882630227741
41880,0.32101941856201366
41881,0.09138613476547294
41882,0.24002469103132212
41883,0.09936891741942068
41884,0.04118174177496154
41885,0.28666449109927805
41886,0.03855425816033734
41887,0.31320658911710697
41888,0.1072846249124648
41889,0.07006193623110187
41890,0.1625876209855686
41891,0.050472016404609396
41892,0.1307455545462246
41893,0.2657223738685492
41894,0.05345022153599133
41895,0.3619595309982397
41896,0.18602901901360488
41897,0.17921944456681607
41898,0.08288217199559376
41899,0.1649063615641383
41900,0.4008224748717753
41901,0.15148824548442189
41902,0.25824174377863796
41903,0.3879656197123957
41904,0.2100423799855403
41905,0.13617786586234473
41906,0.2741414356372372
41907,0.566072017719958
41908,0.04322678424920633
41909,0.5875458013095337
41910,0.628236137121654
41911,0.05262998210169816
41912,0.043900866373729655
41913,0.06550803592172184
41914,0.31945545342738996
41915,0.04744607509210138
41916,0.04470532870163046
41917,0.07179404507125227
41918,0.6731683333050033
41919,0.0839605263693489
41920,0.06620616320649746
41921,0.16584743993294024
41922,0.07094383149145853
41923,0.10056952006918464
41924,0.02609145705019904
41925,0.09641984923890798
41926,0.3607940977681548
41927,0.11141828421080874
41928,0.226812666219125
41929,0.4344243773778453
41930,0.2626722459457891
41931,0.07375485542679434
41932,0.2805184747832996
41933,0.45424148646466306
41934,0.2472805577817269
41935,0.07951764906397285
41936,0.03160380426766086
41937,0.40757388314062337
41938,0.3835441876939558
41939,0.07690062235501043
41940,0.1732103105790147
41941,0.7795674414062532
41942,0.07140251983877531
41943,0.17207111640280773
41944,0.13129093925744675
41945,0.566263466936954
41946,0.06501267980979311
41947,0.1128923767897645
41948,0.08107623784107326
41949,0.055428734087250325
41950,0.47795535270055156
41951,0.14966237893945242
41952,0.05513690524740407
41953,0.10146009547718605
41954,0.10457578133651951
41955,0.10317498185414185
41956,0.16665411008619355
41957,0.059534117434687686
41958,0.5371923063404523
41959,0.23230236020117365
41960,0.2372612536447714
41961,0.7329275128072616
41962,0.20800156990705804
41963,0.09895276170975069
41964,0.16711371696340027
41965,0.40815834028350956
41966,0.12208701666489669
41967,0.05186530780898599
41968,0.08945037441583414
41969,0.15052487936739695
41970,0.054321359615404734
41971,0.7431388542298301
41972,0.10631694906664647
41973,0.2231720734709125
41974,0.1021039198829511
41975,0.16084661155866464
41976,0.09491841004996097
41977,0.0731856883868104
41978,0.05258774226887493
41979,0.579276760054938
41980,0.10878072601737178
41981,0.03601779940702962
41982,0.3700152616866463
41983,0.19410839510563682
41984,0.1455097738306013
41985,0.5577285831506188
41986,0.10386604457756264
41987,0.6167238503667392
41988,0.04738549020845901
41989,0.429793697754301
41990,0.20608323830685185
41991,0.21813698923309643
41992,0.1870985954268117
41993,0.08817487613176365
41994,0.046203888061852674
41995,0.46447414975163887
41996,0.09219293749455508
41997,0.05503760282889909
41998,0.1429606837070436
41999,0.24275220456257918
42000,0.05571607327968413
42001,0.28095181484671095
42002,0.045314620061933666
42003,0.042260507110034616
42004,0.27196712260196537
42005,0.28049557384459073
42006,0.4740621546610965
42007,0.2885246427537772
42008,0.0602551898528253
42009,0.29365299524065697
42010,0.16999781005143244
42011,0.05954635472095087
42012,0.05077098224277517
42013,0.26389699198927036
42014,0.22626779321606103
42015,0.10218405196151314
42016,0.10029918833417581
42017,0.4458917138308572
42018,0.22896308260819154
42019,0.5528897903291708
42020,0.06806782168119602
42021,0.06455641899062507
42022,0.7879257199325861
42023,0.1223549976189057
42024,0.05272477119803367
42025,0.3500137848994322
42026,0.5170713282091159
42027,0.2589001465505037
42028,0.1389061696233581
42029,0.06895249141763535
42030,0.05122603026550569
42031,0.09529477464232763
42032,0.6725640573474267
42033,0.25160659435131727
42034,0.16911992585549002
42035,0.039509319123483336
42036,0.12071606681386281
42037,0.06510643521744158
42038,0.10498291965706273
42039,0.11128276292407392
42040,0.27986978542429203
42041,0.6181458400319393
42042,0.07824746540997231
42043,0.17875170589315842
42044,0.11781466212410076
42045,0.3477544100208147
42046,0.20397815036925301
42047,0.3175859437053357
42048,0.26137766101812815
42049,0.32855480162880873
42050,0.08404381650509826
42051,0.2929340081438234
42052,0.16882011634152172
42053,0.07804233764340213
42054,0.24690878411609068
42055,0.684939037909911
42056,0.09321526190527754
42057,0.08623995637242939
42058,0.43622700717719454
42059,0.07800216499371362
42060,0.13178306800513467
42061,0.06688401436032859
42062,0.03698000849260235
42063,0.3945746049570912
42064,0.15284197098622693
42065,0.5164939869390212
42066,0.0368308300621274
42067,0.10225078437725903
42068,0.2514041990734488
42069,0.11049387877334403
42070,0.08502718617263247
42071,0.025736992247421084
42072,0.2118389462521559
42073,0.14015587751110536
42074,0.17265242974053335
42075,0.10273961537115125
42076,0.12928034602400143
42077,0.07830630281628898
42078,0.615100365273048
42079,0.06733637251520563
42080,0.141768146996426
42081,0.08316437857631925
42082,0.10323727360147886
42083,0.08369926625907481
42084,0.5770869384454106
42085,0.2975823203672107
42086,0.3609138332948312
42087,0.2569368207203761
42088,0.08010220572212891
42089,0.11404039846941397
42090,0.06136776348195854
42091,0.07303544508815461
42092,0.0726030471591286
42093,0.38125274493119904
42094,0.1888926979450816
42095,0.2226691290423509
42096,0.03293398499694298
42097,0.026188122769316403
42098,0.45265918969208646
42099,0.07951565998706489
42100,0.7863307509969378
42101,0.4711667347198409
42102,0.08034322196974676
42103,0.15284131154550024
42104,0.1524852844876464
42105,0.10197010090158101
42106,0.07280320633634133
42107,0.08695741475335157
42108,0.32450082169048
42109,0.5696480451547976
42110,0.19929316674315603
42111,0.2346763404950073
42112,0.06132448528510408
42113,0.20305555042784246
42114,0.05533682601355853
42115,0.056604852718640464
42116,0.12984770779379518
42117,0.08138130490314337
42118,0.6119645622279054
42119,0.3398994218694655
42120,0.09525562344113708
42121,0.32690327618811615
42122,0.09114131043204719
42123,0.09543578042949155
42124,0.31942538602553605
42125,0.7412722674593456
42126,0.11281718090951773
42127,0.37415041610685396
42128,0.1563956460863726
42129,0.09189229849819719
42130,0.4216250887498791
42131,0.06861022140573034
42132,0.039659456457834655
42133,0.18746891736620364
42134,0.09421357186969713
42135,0.09108312637312985
42136,0.3258686203680497
42137,0.34835162667677316
42138,0.495170430157867
42139,0.08135227922804283
42140,0.03843300733942611
42141,0.12020733135950662
42142,0.04609437483990396
42143,0.0909720016171207
42144,0.08769596387327588
42145,0.09699612620963018
42146,0.10825334729028534
42147,0.2740919711187313
42148,0.45883011668689855
42149,0.07187131296833897
42150,0.2554493698690742
42151,0.41202590281507
42152,0.07819629341570196
42153,0.2996878559243337
42154,0.7445149626194293
42155,0.08758322775054331
42156,0.07390184744126636
42157,0.25003594121366235
42158,0.08767157784428926
42159,0.0451273737444331
42160,0.18270465537184458
42161,0.14752782305177034
42162,0.08522694786973964
42163,0.12842385417435256
42164,0.07135650678561903
42165,0.03961251567562051
42166,0.0872449164916708
42167,0.07980731269202809
42168,0.12580228296832655
42169,0.09602126974945153
42170,0.043918722531644555
42171,0.5455427200747581
42172,0.02526001346178186
42173,0.037317060451963396
42174,0.42287619080958966
42175,0.1099535893267132
42176,0.2759389654047228
42177,0.06383409613658725
42178,0.08432573113282466
42179,0.03446953713636375
42180,0.11930961327488812
42181,0.2200957328304284
42182,0.048085800196330124
42183,0.0782608584155815
42184,0.24438184511391062
42185,0.2716461744435614
42186,0.1598228642595497
42187,0.10579712724084585
42188,0.08255915275186394
42189,0.1036319238186849
42190,0.3111637162955586
42191,0.10784313471080881
42192,0.04059814443446684
42193,0.8111116022368694
42194,0.14932570318379737
42195,0.4120997944549948
42196,0.18110068268064294
42197,0.1071813679527021
42198,0.18102524299978578
42199,0.2593817360056062
42200,0.12142139432971734
42201,0.22282235889201038
42202,0.2889936758869656
42203,0.12059554191578221
42204,0.44783525421891474
42205,0.1814663949223755
42206,0.12717212761569596
42207,0.14784476461928764
42208,0.04102549522833085
42209,0.1334624019473398
42210,0.05717434971295544
42211,0.07817768354143584
42212,0.22117536964624435
42213,0.2288411388225855
42214,0.08624431126410308
42215,0.1491197255544886
42216,0.10887228413723606
42217,0.1369002638071159
42218,0.02031423920052978
42219,0.05698777355690096
42220,0.13903164891942071
42221,0.06423925236518156
42222,0.20281890258082724
42223,0.11003307906574981
42224,0.07745381267873098
42225,0.3672652162758256
42226,0.11016608635890753
42227,0.08856201170107413
42228,0.23215331075308246
42229,0.06500009829143695
42230,0.22892186296160724
42231,0.11191879213127891
42232,0.7295650394708109
42233,0.20632003334496102
42234,0.6987270006348757
42235,0.10006338715059382
42236,0.08270779780210263
42237,0.08889636982767989
42238,0.15150193432774395
42239,0.13770830488814362
42240,0.1392103786510882
42241,0.273672465484856
42242,0.06480326390791932
42243,0.0909819896224142
42244,0.26201069739238925
42245,0.04698981447030234
42246,0.2085960280964659
42247,0.15068639630818614
42248,0.22058006966320523
42249,0.11098270335256241
42250,0.11417197893101175
42251,0.16110788609626306
42252,0.07664373734858286
42253,0.6771450113173628
42254,0.23376493639952528
42255,0.12720065557755253
42256,0.25149724466208423
42257,0.0800146516303291
42258,0.052903654776716526
42259,0.06178288235110063
42260,0.2620385634286588
42261,0.1423830180706714
42262,0.03528908242225462
42263,0.20891033884845078
42264,0.09620269405089424
42265,0.1010202380273097
42266,0.05982016419056927
42267,0.20842037801668187
42268,0.19330421472946097
42269,0.10938206748318884
42270,0.097656978489001
42271,0.4936577312744393
42272,0.0674574316157518
42273,0.054827335638370264
42274,0.09271479740200869
42275,0.6602682321298206
42276,0.0983383060288915
42277,0.02624256855385705
42278,0.04754670005418643
42279,0.11473902652598031
42280,0.2058197063203571
42281,0.027907872001766223
42282,0.10172779307560653
42283,0.2289366430048716
42284,0.03133633719815957
42285,0.19587784448555137
42286,0.08385569331608425
42287,0.10736082341546284
42288,0.064443574558068
42289,0.11457609417191206
42290,0.06144393896376847
42291,0.13532301611194367
42292,0.21355857476305534
42293,0.17331096030539672
42294,0.3799244274330441
42295,0.15727216787087428
42296,0.1926586714334122
42297,0.04315998931834729
42298,0.09737860291775194
42299,0.3068862286176416
42300,0.03954620604714033
42301,0.23511965371280097
42302,0.17820001523429424
42303,0.2379119028451791
42304,0.07444222657722772
42305,0.28451921995197105
42306,0.0569736953105628
42307,0.7546659128610987
42308,0.11157158045635093
42309,0.10998606219282697
42310,0.035158154287657284
42311,0.11461783532872247
42312,0.40448400133741036
42313,0.26557944472479544
42314,0.07000737666409555
42315,0.08860502801337808
42316,0.08100497803052771
42317,0.42213290619848415
42318,0.1220135818843532
42319,0.045848660660399755
42320,0.21271296479797513
42321,0.6906911706739524
42322,0.13420581574524712
42323,0.09003305139511877
42324,0.06303745015265362
42325,0.4021045990130188
42326,0.09261003618673604
42327,0.03200535706285717
42328,0.0924169114475946
42329,0.27209885408066614
42330,0.05665013241085276
42331,0.05949083762935852
42332,0.1393591394809551
42333,0.10516823818863412
42334,0.7055661256300386
42335,0.09538347743568719
42336,0.06582616640005101
42337,0.1257830720133208
42338,0.26653639658002876
42339,0.38772255896826524
42340,0.1899860548403538
42341,0.32618697900989985
42342,0.03541413402180435
42343,0.2461917395965699
42344,0.17164284498964527
42345,0.08623766146624699
42346,0.36918717021000363
42347,0.1535145690612618
42348,0.2034925959011556
42349,0.0835173938811319
42350,0.23854029699086757
42351,0.8072651247062962
42352,0.1924693935393206
42353,0.7045907490597721
42354,0.7434279156144186
42355,0.10708192616465256
42356,0.14366388718062112
42357,0.05695055977322794
42358,0.06588799729596652
42359,0.33581058067884817
42360,0.5622420437625313
42361,0.10443988902148864
42362,0.3150338474119712
42363,0.13369760136765255
42364,0.06773672828214607
42365,0.4686888436040208
42366,0.03488385178438233
42367,0.2802951871712671
42368,0.44915982681927186
42369,0.39972386935351595
42370,0.15993668496705157
42371,0.49244509306905326
42372,0.30912031036218274
42373,0.09670203181332426
42374,0.06955683387557186
42375,0.07476750546516926
42376,0.13926598800259277
42377,0.04561728132310311
42378,0.22503456086163684
42379,0.14301002678328323
42380,0.06264775308825919
42381,0.10254268572367112
42382,0.1434025577634243
42383,0.18215030562877216
42384,0.4040389821780083
42385,0.259461801549075
42386,0.12749320454608218
42387,0.07017431482954337
42388,0.32880676292703515
42389,0.08977596085787062
42390,0.0377421414352385
42391,0.09090504804758293
42392,0.07448472741620743
42393,0.40982624139522905
42394,0.21570948825559474
42395,0.34864060179280465
42396,0.14314812186654144
42397,0.07665216133800482
42398,0.06353444707986085
42399,0.22719908607573525
42400,0.22005316334450772
42401,0.09289918776507138
42402,0.09997022013366273
42403,0.18715290363866965
42404,0.13391648411226206
42405,0.4027423389563503
42406,0.09242348558920578
42407,0.21621805143275735
42408,0.04758116358832138
42409,0.3349627780468871
42410,0.41433416292874714
42411,0.08941164476992695
42412,0.581364015365391
42413,0.0700305941268444
42414,0.053891430863230824
42415,0.07557699509388709
42416,0.20822502353567804
42417,0.055054403601040934
42418,0.1053076236780707
42419,0.22559292077526977
42420,0.04772605479063227
42421,0.11354776750305705
42422,0.0442728449609684
42423,0.07781047061581073
42424,0.08889963205275322
42425,0.03958188341220212
42426,0.09268418442804628
42427,0.10988408266478679
42428,0.08938031938076657
42429,0.028369029233847584
42430,0.2940320880360875
42431,0.3888046697744312
42432,0.05419730213595582
42433,0.223607074992764
42434,0.056513431494218495
42435,0.0490039073286374
42436,0.02730970966124304
42437,0.04978757758716697
42438,0.43029387005611514
42439,0.7397717758706192
42440,0.3578403463644565
42441,0.20865832588943425
42442,0.1280923721150497
42443,0.07631943016538906
42444,0.20812117130973018
42445,0.03096823966445403
42446,0.15924817703097355
42447,0.20216149943108544
42448,0.05154720815472178
42449,0.08375265069827469
42450,0.18682207217359245
42451,0.16341277904462168
42452,0.10730497682993721
42453,0.06694024497952657
42454,0.10459225352682874
42455,0.04692428563453649
42456,0.23620222359779774
42457,0.0858525116868569
42458,0.2262291441122199
42459,0.07259243769615534
42460,0.3201525614578404
42461,0.21108584373856248
42462,0.7296500377737719
42463,0.2425638401761745
42464,0.4520611272936004
42465,0.1473998831884532
42466,0.1499694925628222
42467,0.09262690418304072
42468,0.12889298243739483
42469,0.08877448495559062
42470,0.627280254273116
42471,0.09850406007282513
42472,0.09184346370049239
42473,0.38326869171335415
42474,0.1137137947809434
42475,0.5149124971634178
42476,0.0902066453092803
42477,0.3435262639172368
42478,0.024955030937180826
42479,0.1662610233646007
42480,0.4782273870343975
42481,0.0643495996622718
42482,0.07934743039811924
42483,0.6065390983218009
42484,0.057518891534028685
42485,0.03488730236139818
42486,0.8107893002065918
42487,0.22286922764041062
42488,0.08045760875473547
42489,0.5804761018751325
42490,0.06784809325977526
42491,0.15889977415520024
42492,0.21571406051028963
42493,0.1220157339175942
42494,0.23363335099634283
42495,0.28335672523075295
42496,0.47999149548727466
42497,0.15809264341031423
42498,0.42743193751370695
42499,0.04509258199610507
42500,0.08103058321536714
42501,0.42009476280085506
42502,0.058119243363841104
42503,0.09652552856232122
42504,0.037784340062474095
42505,0.10755715263090335
42506,0.06737724532934926
42507,0.10536085165718781
42508,0.22773141767208485
42509,0.14723943828003425
42510,0.15083965739713012
42511,0.3714168479864508
42512,0.40730151227630773
42513,0.0539820096520598
42514,0.162027563750079
42515,0.4896318056125848
42516,0.11837710803148442
42517,0.19010955608969432
42518,0.12362787255898981
42519,0.08105764537169009
42520,0.21133980932849775
42521,0.1767577789529634
42522,0.11792508196763142
42523,0.7012394798328818
42524,0.15317268489921793
42525,0.6427710712622335
42526,0.051041749376031564
42527,0.24071943671012458
42528,0.0790487213582324
42529,0.5532107930451449
42530,0.08760229797785919
42531,0.06500295226097601
42532,0.06154893412381993
42533,0.04916916118715793
42534,0.04302263239791101
42535,0.4753724687923077
42536,0.03826265277454682
42537,0.09292993496304668
42538,0.05294265800032504
42539,0.33747744378815486
42540,0.14146146627745146
42541,0.16523614109339244
42542,0.04715831852329099
42543,0.0755635399824012
42544,0.0317232173705753
42545,0.13302961187399162
42546,0.05946492921829128
42547,0.19780393765513446
42548,0.14196979234771603
42549,0.0781853017765971
42550,0.7588432327239301
42551,0.33773230064239324
42552,0.03377705336600784
42553,0.7529944590139033
42554,0.12183334674088246
42555,0.5519993796648679
42556,0.25496086080190244
42557,0.13396979767450024
42558,0.21684310482949148
42559,0.1659680451341849
42560,0.13152830581614547
42561,0.34030135413507356
42562,0.19777197603277943
42563,0.18823571079668855
42564,0.05141743661878424
42565,0.3212252242715093
42566,0.12756901642341834
42567,0.22598136411708766
42568,0.28045053926983965
42569,0.5160026986976171
42570,0.15099456581860646
42571,0.1273802589429677
42572,0.09229473801302847
42573,0.14377021071439988
42574,0.1364590816697034
42575,0.1876188803413605
42576,0.2964666814622592
42577,0.05104442992457499
42578,0.5651934346826554
42579,0.12912478589011406
42580,0.08789017252506481
42581,0.2802191825634596
42582,0.07637606469556454
42583,0.6654523326634313
42584,0.06383602876967669
42585,0.16969843654528377
42586,0.38293898954363076
42587,0.03676456616145281
42588,0.14205186699456265
42589,0.1898575746219502
42590,0.42018279369881445
42591,0.16458471354807933
42592,0.14587323185108558
42593,0.3209384783580319
42594,0.05558794111188126
42595,0.3194038214091559
42596,0.050155226706860345
42597,0.12501787961657884
42598,0.25908447190345774
42599,0.12736753931141231
42600,0.24682258537641644
42601,0.3729972478077331
42602,0.5660587303489589
42603,0.6023287662629158
42604,0.2698477752564624
42605,0.11356363264847007
42606,0.1717741076080719
42607,0.2468620341610177
42608,0.13170055453399335
42609,0.31248828388075506
42610,0.09011685718440071
42611,0.6427455091278876
42612,0.12115886662069966
42613,0.0371893897780766
42614,0.14863479751973224
42615,0.09280015752379787
42616,0.09458061913632335
42617,0.12518578021299104
42618,0.12188864358487873
42619,0.2502630825511789
42620,0.03712282046729246
42621,0.059670156667915086
42622,0.09265934214096273
42623,0.08433209292427164
42624,0.08792647851469322
42625,0.08457131842320971
42626,0.7065642372047235
42627,0.1683524091960111
42628,0.3050934119755764
42629,0.43015475251970553
42630,0.12124982561332188
42631,0.1827269054940221
42632,0.08366343046252955
42633,0.04009367025788146
42634,0.13135809347158123
42635,0.27699346746929415
42636,0.6775800227042013
42637,0.20254441093356856
42638,0.4282920612852555
42639,0.08583343190221637
42640,0.04432243314834286
42641,0.20270711767825844
42642,0.08378293180300476
42643,0.30962084395609657
42644,0.24563150338820436
42645,0.12699127431685292
42646,0.16454182742999554
42647,0.38733819238468514
42648,0.16381925653784712
42649,0.05677432598099286
42650,0.10674033233092318
42651,0.2824268615170056
42652,0.3483487887110995
42653,0.2666946773400815
42654,0.7066067208318532
42655,0.054849249213824613
42656,0.1420898076074088
42657,0.047522941226792285
42658,0.05000066989487838
42659,0.10337540580935603
42660,0.31890365791088454
42661,0.14133452031424443
42662,0.08458515577253094
42663,0.11614899367273132
42664,0.4755342230702648
42665,0.0983914734964225
42666,0.14553622707684488
42667,0.5460128905819388
42668,0.07501339859996707
42669,0.03771767922172004
42670,0.07325463460505431
42671,0.17200622626429446
42672,0.4961274720959438
42673,0.5783980952442601
42674,0.25360510687641136
42675,0.07109990691348209
42676,0.0773494175104977
42677,0.08697533803448856
42678,0.052352585900569334
42679,0.07078557585794924
42680,0.18132729304027712
42681,0.042512545885772385
42682,0.08939556262373508
42683,0.2771561868797259
42684,0.24255124631440375
42685,0.1538449257285398
42686,0.6024649747214863
42687,0.6544560335919068
42688,0.17609417183203965
42689,0.7898360386217409
42690,0.027504179923724874
42691,0.1183912930094877
42692,0.1644379131140198
42693,0.2590672487817199
42694,0.12434117522313294
42695,0.041978244479191545
42696,0.11955715303892157
42697,0.06427859465552621
42698,0.6303911456452811
42699,0.17960662492883772
42700,0.1214847004924281
42701,0.10131592682302512
42702,0.07554885527100338
42703,0.10282944614396343
42704,0.17944003903498568
42705,0.04012576984318795
42706,0.3338217516032854
42707,0.05090941239678122
42708,0.09430400256269866
42709,0.18453977612239272
42710,0.05012988875286052
42711,0.11163696417756509
42712,0.09146731097456388
42713,0.2225381196189509
42714,0.213818500003925
42715,0.060730231508904095
42716,0.2342564691882493
42717,0.1442216390606105
42718,0.4824772486527422
42719,0.22397630513106093
42720,0.6525588782535536
42721,0.05013621679023823
42722,0.29677143021544256
42723,0.19186259578820683
42724,0.05655734412934836
42725,0.12945160578837325
42726,0.13344134141204445
42727,0.08007732764837437
42728,0.07566692928927363
42729,0.22412108038965817
42730,0.14307052394550504
42731,0.24201907202557885
42732,0.14584766619726355
42733,0.13389648569772958
42734,0.2039868104610275
42735,0.16805971752011142
42736,0.3945621130854198
42737,0.12050760450960489
42738,0.10361103037429517
42739,0.3604466548341836
42740,0.1227326599499879
42741,0.1642538747483351
42742,0.07510992733015262
42743,0.03649285275573389
42744,0.03162318686707739
42745,0.10963112271623375
42746,0.04463936212044868
42747,0.16736405320968933
42748,0.09226598687561453
42749,0.520270344910664
42750,0.06780682816311968
42751,0.09078827568898364
42752,0.09285320749553103
42753,0.22439432352264926
42754,0.0645256079712051
42755,0.08148335129928297
42756,0.19987153579613492
42757,0.2327152210701289
42758,0.06741135909816251
42759,0.14911060705587345
42760,0.08584924299366473
42761,0.37955653558992886
42762,0.09197405357930062
42763,0.1038740409105683
42764,0.2169949742392202
42765,0.0441117327836641
42766,0.13352243451709123
42767,0.12432474081920915
42768,0.0906642255861538
42769,0.06954912587790171
42770,0.05213730677371137
42771,0.31493740654944913
42772,0.4659793216507297
42773,0.09270946428729364
42774,0.10273200649677885
42775,0.2437979106335032
42776,0.040420970498147836
42777,0.5885478572236849
42778,0.17766140016284626
42779,0.26158270662340155
42780,0.0742427893259436
42781,0.1382429794804326
42782,0.09584493501579462
42783,0.6950558939883973
42784,0.10784497031414382
42785,0.11535730710007035
42786,0.09045458393681655
42787,0.33188367114096373
42788,0.33193832471794804
42789,0.21801763396405532
42790,0.041896449404308596
42791,0.04435093725242712
42792,0.0654724085332209
42793,0.4018195987335567
42794,0.11061949300281403
42795,0.06315025381433413
42796,0.6006278158018099
42797,0.30667438915258693
42798,0.09384135535618165
42799,0.0601521955898869
42800,0.18690908590050925
42801,0.06873830565314047
42802,0.12210797154181646
42803,0.3623237415150484
42804,0.22895580881014227
42805,0.15145182428696866
42806,0.4991235469237644
42807,0.052076438726624076
42808,0.09685002106153345
42809,0.13720810262451028
42810,0.04193001645998174
42811,0.06127857548374228
42812,0.5875550403709073
42813,0.23625320596832017
42814,0.08920575506668814
42815,0.15762580341597565
42816,0.04842400640928133
42817,0.24426549116695848
42818,0.14981574667857062
42819,0.0842564510387711
42820,0.09317944292465548
42821,0.6711382366858936
42822,0.20408187811858128
42823,0.05909381008065337
42824,0.7245342361472782
42825,0.12769866217643908
42826,0.6270595726457334
42827,0.2089858126452834
42828,0.13349085564457822
42829,0.07273988852817964
42830,0.35433715083631173
42831,0.18633346870159
42832,0.7432582832467063
42833,0.7488073360980566
42834,0.14297011086280464
42835,0.37155554232480903
42836,0.043741793646053344
42837,0.11674953229785665
42838,0.5895849509840904
42839,0.6186270465611433
42840,0.05445380368918076
42841,0.11780511049547092
42842,0.47705976371687325
42843,0.19836237254333558
42844,0.19786132048402638
42845,0.3898795788967935
42846,0.12147142356192712
42847,0.08526601534477021
42848,0.1104411763033072
42849,0.025941526518812996
42850,0.2117020003544701
42851,0.08230337493733368
42852,0.10794965952977148
42853,0.08057898745195527
42854,0.38830751175759703
42855,0.06427898478884363
42856,0.05460185636288598
42857,0.39337820359019093
42858,0.25777338069159783
42859,0.035571820604557304
42860,0.169247881257508
42861,0.06936618492858122
42862,0.06087591257366217
42863,0.12490713670600904
42864,0.06340044776501016
42865,0.07112058464081444
42866,0.042131570651175544
42867,0.13898933755966295
42868,0.19242410109763147
42869,0.19567775138968874
42870,0.06034692155604527
42871,0.7351370750965764
42872,0.1880783159869222
42873,0.06984683420510375
42874,0.19418890654061988
42875,0.09804846339023092
42876,0.16146342412226192
42877,0.19499544316175896
42878,0.17506190816343342
42879,0.12068462358199215
42880,0.7695387423886252
42881,0.08027946242877101
42882,0.106382367468204
42883,0.14468895197569817
42884,0.38481286845940077
42885,0.3076864581802747
42886,0.3898925771115185
42887,0.07045049862946288
42888,0.08917537670606318
42889,0.11330692522389504
42890,0.4852448501112295
42891,0.3027061773016744
42892,0.2005265634359114
42893,0.0767901439731825
42894,0.15178891117528961
42895,0.033314546372244624
42896,0.07686847865980019
42897,0.35623268048407414
42898,0.32739578688812726
42899,0.059010516412153526
42900,0.14004694245521757
42901,0.4147432904454955
42902,0.5716066568631154
42903,0.0853823883209042
42904,0.10007952210063356
42905,0.3414560456853326
42906,0.1262210437304767
42907,0.08899836441264593
42908,0.430622447344637
42909,0.12268199864251463
42910,0.3185837129533729
42911,0.8513791727576326
42912,0.2455352890913957
42913,0.17893273571184187
42914,0.22571932884882623
42915,0.7281505316317918
42916,0.028228520344824773
42917,0.0692538838315795
42918,0.17281591295107637
42919,0.06095056514157767
42920,0.13455493816876757
42921,0.04538623176262106
42922,0.49474389947131886
42923,0.1146900744385265
42924,0.08764441427465149
42925,0.11343343064916703
42926,0.3477423842584982
42927,0.04592267767816379
42928,0.0896386808191477
42929,0.10633285031658614
42930,0.40750139321836887
42931,0.4832212791715972
42932,0.09130939308964851
42933,0.143188229120846
42934,0.10549001072317532
42935,0.13436050023398358
42936,0.07997331285415016
42937,0.12602477793425107
42938,0.5229202281714744
42939,0.07648097141804877
42940,0.16970210603629513
42941,0.13344507034629155
42942,0.6303856249823419
42943,0.26586124652045684
42944,0.09914668328205131
42945,0.10583034577289274
42946,0.08982971298654889
42947,0.11357995599349198
42948,0.1616803478528383
42949,0.06441075486127265
42950,0.5312586719142718
42951,0.5214716078937521
42952,0.0830958950998537
42953,0.5323037966182114
42954,0.029769777244991923
42955,0.3110279923421452
42956,0.10182681503151755
42957,0.2119175133799263
42958,0.3013964648907916
42959,0.36729961348531914
42960,0.16712691878990943
42961,0.026283251597804275
42962,0.07453465407185722
42963,0.15632918975046325
42964,0.10641563152294777
42965,0.5567140643557601
42966,0.6590315446269599
42967,0.19921055167033003
42968,0.3076514907803001
42969,0.029157267785482912
42970,0.3484849731148476
42971,0.5772745818012558
42972,0.06399286586897704
42973,0.38988674711092025
42974,0.057350973721598336
42975,0.7511789414759179
42976,0.11154844129228764
42977,0.15643447552560688
42978,0.20160059941066588
42979,0.19287371157540703
42980,0.066020687765692
42981,0.11279907589573406
42982,0.07246021763759436
42983,0.12303976926586747
42984,0.18885931277552198
42985,0.07891005308092648
42986,0.09264797968482273
42987,0.14246843724031838
42988,0.049310746366617364
42989,0.022686268627778578
42990,0.2137364273053622
42991,0.2873850435190535
42992,0.5336068948965518
42993,0.0550118492774464
42994,0.46187738010781165
42995,0.6892518640014893
42996,0.4954442198066935
42997,0.04270528367745572
42998,0.2566403502189088
42999,0.43616732703796873
43000,0.5868318551258653
43001,0.28989962488299154
43002,0.1609616403333432
43003,0.11199423059252304
43004,0.04759306904016298
43005,0.17304695428139738
43006,0.5741232812413086
43007,0.4504326688717017
43008,0.17166452261398396
43009,0.0674926259813252
43010,0.27468767860267934
43011,0.320792780895807
43012,0.33995815486662173
43013,0.05374407954677634
43014,0.3813393068398956
43015,0.49939854345558576
43016,0.134273350310703
43017,0.05220703587239781
43018,0.059903286223129355
43019,0.04379320237310977
43020,0.20598608423607123
43021,0.07726578427200635
43022,0.5918170503825783
43023,0.15135637781936956
43024,0.04635309552555362
43025,0.04798955596204571
43026,0.0277871531544971
43027,0.05819939224615227
43028,0.3176776492429086
43029,0.6884700175540542
43030,0.02505986594331278
43031,0.100568598160495
43032,0.08237458910150419
43033,0.06357701833956178
43034,0.5602363335205263
43035,0.06664626233682874
43036,0.6357109795465147
43037,0.17629149878661934
43038,0.78066451010661
43039,0.22916251630511345
43040,0.6381945855792098
43041,0.47805396745812845
43042,0.24936203592224804
43043,0.036191944107244994
43044,0.07377297723184963
43045,0.27479859958517927
43046,0.04725983653908065
43047,0.4734732440933829
43048,0.06999124012594937
43049,0.04841853041662457
43050,0.7724603610313512
43051,0.03895510727965537
43052,0.07347213375960406
43053,0.13666045294077078
43054,0.430870871395121
43055,0.32399622388789534
43056,0.23604614771022023
43057,0.09902578514667247
43058,0.11369074541348038
43059,0.23023509119508545
43060,0.11617565381913117
43061,0.498309632486312
43062,0.40044649868482424
43063,0.092238826222638
43064,0.1751817240138563
43065,0.6106506055752597
43066,0.09316063923688826
43067,0.13991170714554127
43068,0.42804352603215023
43069,0.03963076168910454
43070,0.33619931922066115
43071,0.10104945841947417
43072,0.6690049881544865
43073,0.05149301674915149
43074,0.1589769497670504
43075,0.7396609742092259
43076,0.20737068744369086
43077,0.048851855301338315
43078,0.4195895905138544
43079,0.09607148707851329
43080,0.28978902538729695
43081,0.15874380903264515
43082,0.11005331638353442
43083,0.02995397577106698
43084,0.11600736272887088
43085,0.12502210788594628
43086,0.025662622536646904
43087,0.08832554662284874
43088,0.5452136407703327
43089,0.3819467455252187
43090,0.10209929127566054
43091,0.18365907106243695
43092,0.119439545117512
43093,0.07712854304823795
43094,0.33433046651879017
43095,0.12164769338554608
43096,0.10007677161814205
43097,0.5108715021203132
43098,0.12273336056391168
43099,0.08036229031682164
43100,0.038088749179904395
43101,0.5819627686850497
43102,0.13108451361688267
43103,0.08158861100257087
43104,0.1515563125481372
43105,0.1557683271628094
43106,0.03717869128253981
43107,0.16802877330573285
43108,0.26183588747185493
43109,0.07700551067188177
43110,0.08265898526774737
43111,0.09643182249911791
43112,0.04241210396810614
43113,0.17018766995913712
43114,0.19851322506562077
43115,0.09405924453099908
43116,0.6811803685915424
43117,0.05919515014453587
43118,0.06722808493775873
43119,0.471998570484421
43120,0.30989960647775916
43121,0.10656050819455615
43122,0.7373688907190861
43123,0.09898898823043706
43124,0.054005345417728015
43125,0.08449170743632907
43126,0.28349581886749253
43127,0.06534910543470464
43128,0.12305479322713858
43129,0.05952718348616631
43130,0.11159345573678034
43131,0.1346210120431872
43132,0.06851043377651754
43133,0.29491398779973554
43134,0.1364511677030807
43135,0.21337322706243678
43136,0.21992413500419852
43137,0.10930241311061273
43138,0.3819421030207052
43139,0.17295765714550798
43140,0.09443861087815013
43141,0.6711752722548978
43142,0.7970587831670379
43143,0.08343175070899354
43144,0.10195240108330896
43145,0.48462407379528516
43146,0.12151959282901047
43147,0.04549355974132145
43148,0.5208526212575373
43149,0.23030125426934622
43150,0.12856653606270654
43151,0.2746559715570323
43152,0.028464913261804104
43153,0.4714877202275979
43154,0.14723923272182787
43155,0.05251675514147691
43156,0.24130205521483247
43157,0.08091141052346829
43158,0.05318794196235419
43159,0.11174967602722075
43160,0.1140812085335091
43161,0.7959934487887883
43162,0.27066934886632454
43163,0.11971727550161648
43164,0.4727544812619547
43165,0.483781984806496
43166,0.4878328462913486
43167,0.09029821621011211
43168,0.13317956559372654
43169,0.08826972996170873
43170,0.08919359664603
43171,0.1613744211243234
43172,0.04133309537043661
43173,0.04875583260001695
43174,0.08574601748673805
43175,0.16520582651014531
43176,0.05594714141164923
43177,0.1217937111547666
43178,0.2742620349133861
43179,0.07210986576314006
43180,0.13476919271259816
43181,0.3608595856403998
43182,0.09460887217956555
43183,0.24761656755159886
43184,0.1292576459257287
43185,0.08821024034967495
43186,0.10692788953601995
43187,0.4319573651615994
43188,0.08194002274619613
43189,0.1445183291881784
43190,0.7538366078722296
43191,0.05869483067324591
43192,0.6764867844851068
43193,0.09368790828923594
43194,0.09029424094972649
43195,0.09274843176881077
43196,0.119976796767976
43197,0.7335694387214926
43198,0.48061478531298274
43199,0.22177199720260637
43200,0.07134993478131382
43201,0.07893976063379672
43202,0.1025043629366012
43203,0.05886046025332918
43204,0.08093689955664073
43205,0.4082498543950377
43206,0.422685836123604
43207,0.08603176525519768
43208,0.06492231271033495
43209,0.5563031183819018
43210,0.5680652800320042
43211,0.18703747207217933
43212,0.18662872553941348
43213,0.11279190835635454
43214,0.07618299698337802
43215,0.08748608745512365
43216,0.15067212249114498
43217,0.20589964088404128
43218,0.4217568214054178
43219,0.07774193306486485
43220,0.06920801373700586
43221,0.260111519954017
43222,0.25029097963013225
43223,0.43147834134995056
43224,0.2643496476355673
43225,0.13156269397110096
43226,0.6201334754141321
43227,0.2264286433838912
43228,0.15045737797994002
43229,0.48029089393973323
43230,0.5551138131652433
43231,0.11525787284886933
43232,0.03127096933888385
43233,0.18183696932837287
43234,0.08584170822470864
43235,0.6334413038075869
43236,0.23482875743445808
43237,0.18206331883806495
43238,0.2546632859952305
43239,0.569412949812956
43240,0.046463893550164996
43241,0.22177550345567165
43242,0.11534922451427305
43243,0.05909216685020146
43244,0.0789744751399733
43245,0.06384677621963071
43246,0.09682641949247472
43247,0.06924575114674217
43248,0.2097007631845918
43249,0.037707502243303624
43250,0.12837929695817651
43251,0.4009171943468257
43252,0.08530407281687498
43253,0.3278508647784954
43254,0.13922239743651185
43255,0.11903391725929008
43256,0.03944964289625757
43257,0.2008649586395046
43258,0.08047341002226906
43259,0.11845321511353478
43260,0.7094677737296314
43261,0.2725136002789051
43262,0.0862196420392344
43263,0.119420746153134
43264,0.15069916585348492
43265,0.27155562646877135
43266,0.05684692463140196
43267,0.13550923432925777
43268,0.537513363234766
43269,0.0920425396548509
43270,0.6293593200190977
43271,0.49883603221200445
43272,0.28106438973464604
43273,0.17326811667744474
43274,0.37367771258300964
43275,0.09200968476893889
43276,0.25064443981798284
43277,0.07344776024944649
43278,0.09013596365384806
43279,0.05746304974996004
43280,0.22453229248294027
43281,0.3977007205080976
43282,0.5724497333579938
43283,0.02454913093365023
43284,0.1875335874667578
43285,0.06728500612062661
43286,0.6147777913630189
43287,0.4806702162674489
43288,0.11433438874081422
43289,0.03561336482150034
43290,0.177757842847419
43291,0.5239283248438265
43292,0.32421116255843846
43293,0.12235803493091592
43294,0.06650688010542055
43295,0.034066867484679075
43296,0.20747962788738866
43297,0.20778687127615902
43298,0.438352784921611
43299,0.17661149875773194
43300,0.17438589776058702
43301,0.06669358860026592
43302,0.07138273015687395
43303,0.07865301599364705
43304,0.04823817219441986
43305,0.11965669116416744
43306,0.12436632716832982
43307,0.07663694493783503
43308,0.5621667801352324
43309,0.13433073444150634
43310,0.44814902362836295
43311,0.04133434015450693
43312,0.07741320797207729
43313,0.11256863155752288
43314,0.04775059777573277
43315,0.15767916894062795
43316,0.6389807196371001
43317,0.0716417746138899
43318,0.08109802354719496
43319,0.16131239239073622
43320,0.5972312924000514
43321,0.06457827394481755
43322,0.042192841276753296
43323,0.3158650239126196
43324,0.029958273917864424
43325,0.0431215828231058
43326,0.13794941998376475
43327,0.04741140753216991
43328,0.6729569337422615
43329,0.5462642091063412
43330,0.11553643617779603
43331,0.32475343369978965
43332,0.17925585391752277
43333,0.09759000844187388
43334,0.07055389739548107
43335,0.13370554534964868
43336,0.1472774412129082
43337,0.13299202429944604
43338,0.20856354569148078
43339,0.07403048835476925
43340,0.09502121913219015
43341,0.08832337496340058
43342,0.037682353829580115
43343,0.045937119221639906
43344,0.05835152208437961
43345,0.05692574475943091
43346,0.06818927862800472
43347,0.09878089722956872
43348,0.10793619315779703
43349,0.8058102932168716
43350,0.8053509200296978
43351,0.21273585019047372
43352,0.07735322757373361
43353,0.1745686658542933
43354,0.07073856093127273
43355,0.11766681497528168
43356,0.074977694315784
43357,0.04541086963546586
43358,0.17168878025190576
43359,0.46792977386020446
43360,0.09446615871850102
43361,0.39603333312842554
43362,0.16687534019269878
43363,0.13285723847033895
43364,0.29525103391779906
43365,0.11405874680451289
43366,0.10055893275100977
43367,0.5721223890548768
43368,0.08074698354362353
43369,0.1290111004362486
43370,0.6932636000256617
43371,0.0754695968568317
43372,0.20370442985558707
43373,0.32039582452068516
43374,0.14681676386948647
43375,0.056346053104386416
43376,0.1045762789112758
43377,0.043077265190527285
43378,0.09782694025119294
43379,0.2865330148265467
43380,0.048862611606906914
43381,0.04064695444069823
43382,0.21014643653710335
43383,0.06456708748140991
43384,0.2218874299160412
43385,0.1491491147175786
43386,0.04774820971737904
43387,0.09962487345970479
43388,0.7769915672474855
43389,0.2541343277904884
43390,0.27227708901566355
43391,0.13748520289981547
43392,0.04437164529667354
43393,0.1157955195314625
43394,0.11257116716676646
43395,0.14751988388847087
43396,0.04836528759541846
43397,0.25685709900229314
43398,0.24288571927766422
43399,0.17121990155316724
43400,0.06131842919943522
43401,0.20285626478071656
43402,0.030287819232317943
43403,0.08026771667929086
43404,0.3061571677294545
43405,0.1542067614627501
43406,0.607275767949812
43407,0.6721691509584307
43408,0.8091316922252797
43409,0.38718861774823476
43410,0.0644937671551431
43411,0.12216533580084675
43412,0.12940446904959035
43413,0.19194143653644885
43414,0.06440971686936857
43415,0.468571008557304
43416,0.21557916645956837
43417,0.19483475746144527
43418,0.19669809372461042
43419,0.2192780050400346
43420,0.0924490114696542
43421,0.2375423505186093
43422,0.06652364068181087
43423,0.10829738760612043
43424,0.14882118807238467
43425,0.11576699330876528
43426,0.6607809917930285
43427,0.1015313461096655
43428,0.8114219893902854
43429,0.632875241960303
43430,0.1694618135923027
43431,0.07487718844285059
43432,0.292746864204868
43433,0.054715744098937834
43434,0.10384046524098806
43435,0.060119624651783186
43436,0.45170567092836705
43437,0.1929282094546666
43438,0.39708665622925965
43439,0.2112620119266877
43440,0.18385574800967597
43441,0.06629182619814727
43442,0.056228004986884565
43443,0.15244631980792314
43444,0.07460216457944367
43445,0.6094911429031429
43446,0.060332566098079604
43447,0.06640299787531813
43448,0.06281901677525953
43449,0.06191053149237006
43450,0.3340982748529012
43451,0.0992563976711399
43452,0.10480171278853759
43453,0.4769892016755019
43454,0.06149877964337913
43455,0.590720109883568
43456,0.41200563892794295
43457,0.11162320781803468
43458,0.6369097274324232
43459,0.1076278157936467
43460,0.5104266383085475
43461,0.17731854548562329
43462,0.0774146461628565
43463,0.15822141795090228
43464,0.05585869670704118
43465,0.04299620662343823
43466,0.24274498280801732
43467,0.349682578120583
43468,0.26967618358412804
43469,0.23791806889994271
43470,0.2816634931851256
43471,0.3434422002930336
43472,0.22469328658935614
43473,0.05392663263201324
43474,0.04077807961789975
43475,0.1034397219833055
43476,0.10828180955487746
43477,0.14141022843308432
43478,0.37085990355601933
43479,0.21525086899434806
43480,0.06546967346088335
43481,0.07686134882723791
43482,0.4382821936024745
43483,0.1969162262122534
43484,0.0962682378552352
43485,0.07403912738530054
43486,0.27123404175636023
43487,0.1352411392448941
43488,0.5317707728722463
43489,0.13960052143815146
43490,0.2001001230724767
43491,0.48774252698623477
43492,0.21037621139452126
43493,0.1008644958924203
43494,0.11839927579787653
43495,0.07392610644306627
43496,0.07948662484887556
43497,0.24351118614366513
43498,0.3513265593480226
43499,0.6010401458197617
43500,0.11850070176440132
43501,0.10021712219172615
43502,0.29569491096274764
43503,0.07209520665943563
43504,0.19938743877539825
43505,0.0718522449326022
43506,0.27493610079003833
43507,0.042465216185018057
43508,0.03279722770721587
43509,0.2720835703459037
43510,0.5856846064386266
43511,0.0395662018436985
43512,0.45246885156252337
43513,0.1715116620926141
43514,0.2242291070661599
43515,0.08157425058217423
43516,0.6022566931974375
43517,0.05275962289235179
43518,0.03824209140570905
43519,0.054958526416879726
43520,0.15134645500984428
43521,0.12297161220735989
43522,0.057345576207970136
43523,0.11973473645918124
43524,0.42828220573537407
43525,0.2120248825390602
43526,0.09535123052929921
43527,0.09722337271739258
43528,0.04884209413092315
43529,0.2541827024458595
43530,0.4060497868065232
43531,0.13994417457293942
43532,0.03253797125928086
43533,0.08405374247375286
43534,0.2509060601606642
43535,0.7340574905344529
43536,0.06593529550118318
43537,0.5770152452491835
43538,0.16362718161609935
43539,0.3211768724010564
43540,0.13231257583595754
43541,0.6602880583176319
43542,0.266617797770208
43543,0.12384614993229565
43544,0.44826440853030436
43545,0.46752282349090374
43546,0.089645164441002
43547,0.07176885076529983
43548,0.38670062820917434
43549,0.06918607886692874
43550,0.07907464467402668
43551,0.11611401899503221
43552,0.4957738290296402
43553,0.18029238977152923
43554,0.15082149351165863
43555,0.09516556586322962
43556,0.3424925778298377
43557,0.4204297736796347
43558,0.05856027519864142
43559,0.2214798512294106
43560,0.226513187585103
43561,0.5819390874978457
43562,0.10999585912374116
43563,0.10794544134548548
43564,0.10828796189403782
43565,0.47546330453308505
43566,0.2642702799761969
43567,0.051980603350135955
43568,0.26856875413990283
43569,0.6813188086002135
43570,0.1314725525265222
43571,0.04899996559654684
43572,0.03491022394987648
43573,0.0792398244895663
43574,0.6092181327356189
43575,0.10748440941683145
43576,0.12579207026443992
43577,0.08983753684119328
43578,0.07184967192596027
43579,0.06927282884940343
43580,0.09791029483037764
43581,0.4489887421947019
43582,0.4155137994388349
43583,0.03476796206966349
43584,0.11135910137574963
43585,0.05060594789268078
43586,0.038211098668659474
43587,0.1221256740297624
43588,0.710274571682229
43589,0.18269658077172352
43590,0.2084563269844516
43591,0.07202267354358384
43592,0.10949140027009396
43593,0.22400584391077752
43594,0.03531857742329851
43595,0.3715301277409461
43596,0.0613468829266455
43597,0.5977441811753182
43598,0.2987854698935698
43599,0.7676970170100347
43600,0.03507530682229154
43601,0.05955464618090095
43602,0.06789878789360274
43603,0.032373845383082
43604,0.09426502862261839
43605,0.03614202562222866
43606,0.08806828450932591
43607,0.05935332399174655
43608,0.43489330752880345
43609,0.5252328292579762
43610,0.30876735641753056
43611,0.5313554052629325
43612,0.09144545958592021
43613,0.4035634781093781
43614,0.20952494720830386
43615,0.2743140125466001
43616,0.2835460391963524
43617,0.2780430199135868
43618,0.03261205412546343
43619,0.5316073182951582
43620,0.29929582466639565
43621,0.06565243855449862
43622,0.31794719846565983
43623,0.15562210854105002
43624,0.10375153494555113
43625,0.30331305704161754
43626,0.07480058275748175
43627,0.05016846408121906
43628,0.2632137960783446
43629,0.032976710160331935
43630,0.09241687640727
43631,0.26160011669985983
43632,0.17008585829457903
43633,0.16575534546947462
43634,0.38662248986504294
43635,0.5954713114259107
43636,0.1083705464132985
43637,0.39614483022816316
43638,0.18368438727156203
43639,0.2327800473930244
43640,0.10607360585073156
43641,0.11908051942775391
43642,0.07973023256026236
43643,0.06554068589619254
43644,0.1686239082169927
43645,0.11507871616996705
43646,0.03301460784699509
43647,0.09699896777110181
43648,0.4190799072582596
43649,0.47597339424380114
43650,0.1786193922916044
43651,0.6507767294994282
43652,0.1187100391186254
43653,0.589644559004486
43654,0.291111589342915
43655,0.06514629034900779
43656,0.10173654568626954
43657,0.17517049515107572
43658,0.07853176360375717
43659,0.1555207626639029
43660,0.12128639863404099
43661,0.4517168574406213
43662,0.6855972014452609
43663,0.21030494493221805
43664,0.7238901296061306
43665,0.16508801950630483
43666,0.04790100508839351
43667,0.08989395508719196
43668,0.5402817522301565
43669,0.12437097596332339
43670,0.299672478505929
43671,0.09397227884132771
43672,0.09709551610207336
43673,0.12124735410444286
43674,0.07672661451792431
43675,0.03657384733565165
43676,0.1746571870615711
43677,0.030002213540069718
43678,0.10751325122954145
43679,0.07124895503345108
43680,0.1232470563505042
43681,0.21968846760690075
43682,0.17259259489801945
43683,0.07085418057814039
43684,0.6501968405105412
43685,0.16243785803077274
43686,0.34945006529103134
43687,0.12201603811333955
43688,0.30545556521725714
43689,0.042047401272525924
43690,0.10744811923468157
43691,0.25868822497004706
43692,0.15187317524915941
43693,0.523013086026022
43694,0.07366452913607144
43695,0.5456677764913329
43696,0.08412501843660782
43697,0.07705747249913045
43698,0.06384744513151684
43699,0.06259564164037743
43700,0.304759807541232
43701,0.3439599905586638
43702,0.07762485845781728
43703,0.31188355723579225
43704,0.039893733654719356
43705,0.137185277199956
43706,0.15418944779992694
43707,0.2247366627390184
43708,0.14329635708104205
43709,0.45679156337397736
43710,0.11009697723477928
43711,0.16018395061161458
43712,0.3875529520618504
43713,0.08338338637091805
43714,0.09152779234440085
43715,0.14852946935387346
43716,0.42834615077207927
43717,0.09147923298306108
43718,0.05105530269550878
43719,0.14983171370629203
43720,0.29872765877955043
43721,0.3759575093199427
43722,0.138385265697416
43723,0.36368403445342057
43724,0.07195795982450512
43725,0.09920761681626247
43726,0.29378253997899534
43727,0.14265704141676647
43728,0.14067194496107685
43729,0.6850474439996308
43730,0.12160440441775872
43731,0.6542625860088157
43732,0.08587663599233156
43733,0.06917577097015995
43734,0.1175567395538299
43735,0.1203807626566375
43736,0.13369026594486472
43737,0.12196147187310492
43738,0.6125804292770447
43739,0.1488108175005955
43740,0.2887564845389098
43741,0.07325544964879836
43742,0.30066722912484356
43743,0.4855171827765354
43744,0.13866045036420624
43745,0.7084238425202668
43746,0.3243115554962914
43747,0.1511544029759401
43748,0.11433745231962769
43749,0.2238925034489354
43750,0.3155788202134809
43751,0.5138154073302037
43752,0.21520212629669971
43753,0.0791145106759394
43754,0.3481881960603119
43755,0.0978289658094032
43756,0.03427741528963446
43757,0.0923241763345477
43758,0.08711537602983543
43759,0.09642082867405524
43760,0.2705032865703671
43761,0.4919003275376095
43762,0.07769194695678373
43763,0.615520881562935
43764,0.09564711543878074
43765,0.21253561474685498
43766,0.028334720304215497
43767,0.2820444084112655
43768,0.08452638852414279
43769,0.07401252991035624
43770,0.5320672321611744
43771,0.5861061117174616
43772,0.03577922464830201
43773,0.10479781482048
43774,0.16028787610820516
43775,0.2729274280732082
43776,0.11957094888517576
43777,0.07817199117683274
43778,0.17727737451583053
43779,0.40127983784895915
43780,0.18309379824663388
43781,0.05878286036988828
43782,0.15944874480946217
43783,0.19995726239040637
43784,0.05935604651670135
43785,0.4593258486027488
43786,0.580771572023489
43787,0.7004104957044076
43788,0.4307264519869565
43789,0.09498119661596172
43790,0.04515749539170089
43791,0.0612585977131699
43792,0.1853154113864939
43793,0.03534469753587148
43794,0.3719146934831334
43795,0.07457849997123427
43796,0.6392842997800052
43797,0.07264695469601709
43798,0.26405102360341187
43799,0.3536583314942052
43800,0.0597630172281732
43801,0.06463350900795367
43802,0.15508778459811293
43803,0.04722405735126644
43804,0.2704417162305709
43805,0.3290202388250607
43806,0.19064656151101864
43807,0.5013509345999323
43808,0.05885838882190142
43809,0.05176950393150929
43810,0.08704842488187671
43811,0.46300370138686975
43812,0.06320979330300561
43813,0.535162913971755
43814,0.1933228904791689
43815,0.22242870030646178
43816,0.21874575030109672
43817,0.14292933710634942
43818,0.10798033657549605
43819,0.11973521536996301
43820,0.2032087091443797
43821,0.08424398657483335
43822,0.255627192922516
43823,0.052698776919641685
43824,0.3093826980634906
43825,0.054504687286741814
43826,0.18725693358371484
43827,0.0857611782808009
43828,0.3038653944262386
43829,0.039274244747180276
43830,0.06272233180076071
43831,0.1160572487934751
43832,0.21434375526367394
43833,0.09862237672684113
43834,0.030792215009005582
43835,0.4298059152717506
43836,0.042285702279901305
43837,0.09572002486176666
43838,0.47051012652421603
43839,0.037692042615415984
43840,0.04767811706113823
43841,0.33382051632173215
43842,0.14823863077824637
43843,0.18120334676934174
43844,0.40814153253200774
43845,0.04844775380113621
43846,0.22652630427898884
43847,0.10181771168589834
43848,0.37437131812662433
43849,0.051945899024112
43850,0.2839883870162266
43851,0.10219587077053154
43852,0.11797450422698927
43853,0.09827630206740112
43854,0.1325940886808855
43855,0.6711562270053152
43856,0.19932370226130058
43857,0.08581902930385442
43858,0.5818910377046226
43859,0.04850938432402963
43860,0.1815839045278346
43861,0.5455267612965978
43862,0.48158510747186056
43863,0.04152725428741913
43864,0.08421223276543359
43865,0.5047877952453472
43866,0.08612444831048754
43867,0.0741932055309139
43868,0.24784417541575554
43869,0.5579510503949808
43870,0.33798564958294947
43871,0.07264212134650257
43872,0.0913225464243344
43873,0.15372924795977058
43874,0.11915088537006308
43875,0.14846076898435756
43876,0.23271445653229847
43877,0.12191584856221446
43878,0.19333114259421633
43879,0.1275193597575942
43880,0.07962985476337897
43881,0.2359425218825695
43882,0.1755794933203382
43883,0.04906096514880811
43884,0.6256243788655111
43885,0.03335597138056532
43886,0.043735699077724705
43887,0.11306142870538372
43888,0.07248151157939
43889,0.5855540325104394
43890,0.404001315870007
43891,0.22459495318748204
43892,0.31099801295578655
43893,0.7174106142967632
43894,0.09470103988414179
43895,0.6447581414328761
43896,0.1881755121815673
43897,0.18456675676058898
43898,0.10581878958246783
43899,0.095564917829556
43900,0.12290574722325445
43901,0.053193343949689435
43902,0.07156917054746549
43903,0.12058471431329183
43904,0.10154369534654208
43905,0.21915341428539728
43906,0.12640348478051616
43907,0.060120923144178835
43908,0.1515736716695176
43909,0.22203216315183477
43910,0.2467541574278721
43911,0.05466873337361188
43912,0.18602530815437235
43913,0.06982088585253861
43914,0.09705731691234366
43915,0.5500494054339259
43916,0.06670013029776213
43917,0.3548918078771497
43918,0.18001580035339163
43919,0.16682887307970537
43920,0.04035096560413293
43921,0.10377943110417662
43922,0.07445240684817095
43923,0.35572944653998706
43924,0.2524168221722725
43925,0.36751325596330614
43926,0.18030663810211747
43927,0.41869023622234935
43928,0.40229014005672703
43929,0.09422399883756437
43930,0.04945700648544325
43931,0.20514117931620848
43932,0.4317616692752545
43933,0.0946790721110196
43934,0.21403077710694499
43935,0.35980882491399996
43936,0.15854787334517484
43937,0.0754245477948776
43938,0.062431894639769066
43939,0.07983466817220693
43940,0.6746588669362394
43941,0.1481439259716699
43942,0.03532275310892863
43943,0.07254398705535636
43944,0.037047034463416194
43945,0.07897873014923722
43946,0.10214023873249213
43947,0.4219549118251062
43948,0.12548067903558666
43949,0.15214516984308618
43950,0.15281981561434058
43951,0.09821388066393229
43952,0.5817979883855853
43953,0.5403314597571529
43954,0.06766356347112437
43955,0.11358583248941469
43956,0.3469101270408523
43957,0.18694760504566935
43958,0.17123670304462282
43959,0.4380433853095
43960,0.16165061471773268
43961,0.425846315287888
43962,0.11476086452874344
43963,0.30061550679073756
43964,0.12909944870921228
43965,0.07375420266424536
43966,0.30838010356107737
43967,0.0874010785415084
43968,0.13590608582286426
43969,0.1330804683203153
43970,0.05247611470720288
43971,0.09848222681275154
43972,0.033187770457117155
43973,0.09967146289030558
43974,0.25572083162410886
43975,0.2622847218246642
43976,0.09618214992121976
43977,0.08125727036015677
43978,0.1009250668694903
43979,0.07263792524502691
43980,0.04006736301850295
43981,0.26455813932976074
43982,0.09206624451638226
43983,0.12860063929280954
43984,0.1988348458481461
43985,0.16377028878953978
43986,0.2947188174438045
43987,0.2669218441484692
43988,0.10782213554131137
43989,0.11346557622511586
43990,0.14186758591521234
43991,0.27444457956723545
43992,0.057747795202283146
43993,0.608229365295444
43994,0.0570369109565609
43995,0.03664103410659495
43996,0.1001128455886566
43997,0.30274895998174034
43998,0.6717770854303932
43999,0.10056193552676274
44000,0.5956566056763257
44001,0.8135181350750252
44002,0.07492920856735706
44003,0.08652888911330131
44004,0.041058165529648576
44005,0.06719068583529979
44006,0.08810125827308177
44007,0.12892634479920687
44008,0.05653463299296074
44009,0.07985728129478288
44010,0.2138488584083696
44011,0.0766449646107934
44012,0.1756084607845247
44013,0.191517523305658
44014,0.18410022445791885
44015,0.2043079953183855
44016,0.1380677351821631
44017,0.07527748916141523
44018,0.05233693613963762
44019,0.8448611277101513
44020,0.156832980016126
44021,0.459858526881141
44022,0.05811774011845858
44023,0.0758981489757757
44024,0.10326892868181262
44025,0.05045866611379531
44026,0.25448960473300414
44027,0.2935620170841368
44028,0.4860743229576665
44029,0.07708404727616847
44030,0.20908368915364625
44031,0.32121052806902295
44032,0.09186506224552704
44033,0.07702223335941188
44034,0.1433532857474715
44035,0.11443951332319986
44036,0.058931572000176166
44037,0.2794691383722553
44038,0.04698795808911362
44039,0.1306422168600657
44040,0.6927996947328625
44041,0.09619267597140829
44042,0.4355732749690634
44043,0.0911031840139665
44044,0.04689841628615363
44045,0.4167421657933495
44046,0.34735531115025603
44047,0.5219240325221083
44048,0.8241855858313725
44049,0.18827017410042762
44050,0.09189059517680792
44051,0.5545664483006993
44052,0.1463163474904209
44053,0.10207548786751748
44054,0.05197886807269368
44055,0.4456264018831492
44056,0.07955274859147798
44057,0.45409265250366854
44058,0.0912961683862791
44059,0.1790492061244124
44060,0.3975785334235466
44061,0.07796246902191117
44062,0.060855826070298595
44063,0.17106734329402248
44064,0.3058437413366409
44065,0.11463320778750953
44066,0.0758013230171347
44067,0.15898384633038357
44068,0.21449746869449896
44069,0.05070406794865696
44070,0.7312688545125123
44071,0.05641707566477402
44072,0.4046454053621522
44073,0.09727670402758014
44074,0.755195817419016
44075,0.09866205762424807
44076,0.18779714557338603
44077,0.053537474931421504
44078,0.1286699971148289
44079,0.4239844719766832
44080,0.6147245808943412
44081,0.8190412716335906
44082,0.0962837153598678
44083,0.5053877831522988
44084,0.23371142537743889
44085,0.16931197644508136
44086,0.17012161893382902
44087,0.06893063711636174
44088,0.0990535331607751
44089,0.15011846430654194
44090,0.252140770518317
44091,0.045918094135321726
44092,0.0625403413279853
44093,0.19757319958608663
44094,0.1536908442213049
44095,0.12463340370296924
44096,0.041617380606420035
44097,0.5588194023744277
44098,0.12871882472982837
44099,0.6850606093165124
44100,0.3255815198566738
44101,0.09537459595383865
44102,0.11514041952024473
44103,0.3532846540111678
44104,0.07706684763856017
44105,0.04234519112159646
44106,0.08440163503262715
44107,0.4493932184106755
44108,0.07067036678024512
44109,0.06627837850472774
44110,0.03732163531818371
44111,0.04462635172091918
44112,0.1310427436545982
44113,0.2657015053734695
44114,0.6278432485229272
44115,0.07539194735948963
44116,0.029326997419438533
44117,0.0450252474871299
44118,0.08461739409704175
44119,0.08055951450651984
44120,0.26329953245008086
44121,0.08608021338049665
44122,0.07588844046649469
44123,0.5928269179671254
44124,0.3728172940045611
44125,0.07889271934748478
44126,0.1290332623731009
44127,0.09295579203006624
44128,0.11633350139783485
44129,0.07081207955557506
44130,0.13857719005140828
44131,0.11981172153091361
44132,0.04246673788337789
44133,0.06590526012707039
44134,0.15136928907810143
44135,0.22366856639878102
44136,0.23295816407424685
44137,0.0643625259891167
44138,0.16462982883401206
44139,0.2410164275787262
44140,0.19278115347407113
44141,0.17962932017070155
44142,0.09388761630633927
44143,0.14370019169276657
44144,0.10578703692845909
44145,0.5727891400950775
44146,0.2710950214213731
44147,0.15829380389661415
44148,0.08334074396055856
44149,0.05636266016397284
44150,0.10446316001907963
44151,0.20210664226592892
44152,0.07813645261468315
44153,0.06478469572342609
44154,0.10901401019190572
44155,0.1883127698846616
44156,0.04239454865029789
44157,0.07191474372738942
44158,0.2695929897147468
44159,0.05313297676493464
44160,0.052414505716955134
44161,0.1966691566170502
44162,0.6377953742173
44163,0.025158907192892408
44164,0.7783557066492889
44165,0.10878155900127894
44166,0.0523873014619695
44167,0.23406797080135072
44168,0.37009593997256324
44169,0.17276954958679314
44170,0.1252459972094231
44171,0.2328067770301755
44172,0.059888818751634494
44173,0.09558012001251845
44174,0.4251581479148253
44175,0.03140784535059138
44176,0.18427539223344408
44177,0.23453108947872764
44178,0.041627250030902604
44179,0.5494805054972638
44180,0.1774197213864441
44181,0.24853175622899532
44182,0.4140313470827353
44183,0.5132229090058475
44184,0.1544068976609336
44185,0.6851493866935151
44186,0.23057140774979093
44187,0.3533574444303273
44188,0.01942909354246616
44189,0.08357219748365749
44190,0.07378461743602018
44191,0.06190296188368342
44192,0.08426428714209257
44193,0.06725713848175931
44194,0.0907162716903418
44195,0.21079447071015997
44196,0.11979967727173343
44197,0.05095503164674404
44198,0.08433397532099518
44199,0.18928409506343066
44200,0.0907553772640495
44201,0.09336638434172338
44202,0.036519300525492446
44203,0.2173913386229421
44204,0.16344644472066627
44205,0.31521113224485714
44206,0.46316769241427486
44207,0.05426775398822533
44208,0.23318876978028968
44209,0.05885464900634741
44210,0.1699106971178515
44211,0.29319670456109903
44212,0.3475341975319303
44213,0.2137669891693072
44214,0.11242012164126634
44215,0.29027239343321765
44216,0.1204372638810379
44217,0.18899418159228834
44218,0.05599323292521769
44219,0.07506506288414361
44220,0.10284047840011626
44221,0.16593822611296938
44222,0.15043379792348752
44223,0.07693667705514431
44224,0.03214028894079613
44225,0.06519757683364126
44226,0.19187347042539873
44227,0.09625338560660794
44228,0.18692279449209928
44229,0.3216463127610722
44230,0.22038275241341224
44231,0.09692675022675111
44232,0.0957419947093725
44233,0.37703019865010495
44234,0.12397730349844852
44235,0.07778846786744739
44236,0.4257083094700626
44237,0.0404576642546982
44238,0.05502591958041657
44239,0.08538971509464377
44240,0.08257208644003365
44241,0.5820816612621086
44242,0.5010739345360619
44243,0.06587857067112673
44244,0.15645621188264974
44245,0.04199766274699975
44246,0.43614201663412566
44247,0.13261957110661238
44248,0.35951585845507694
44249,0.5375183801759316
44250,0.1297761381016302
44251,0.06826953712476823
44252,0.18525191324697415
44253,0.07515494562252455
44254,0.10216111203585365
44255,0.06769519298050598
44256,0.5728821745546581
44257,0.3404666170622894
44258,0.46655810068549947
44259,0.20199103942652377
44260,0.13376484835421318
44261,0.06118785329262303
44262,0.12441790615181404
44263,0.3922366129456537
44264,0.6933667578377419
44265,0.045812182095852576
44266,0.6619284258280834
44267,0.4084469004434435
44268,0.3733082671606878
44269,0.05954705581025189
44270,0.31623260043860846
44271,0.3520010818486812
44272,0.2055778035641208
44273,0.18865524881989215
44274,0.11477362741353865
44275,0.025918502797954775
44276,0.5208912057951564
44277,0.2565791381817837
44278,0.4618597462840359
44279,0.06796609335027717
44280,0.2198499141702857
44281,0.14465817619057805
44282,0.048310252987008445
44283,0.09490255919437708
44284,0.15913811088909424
44285,0.0995753858179361
44286,0.26071755631401244
44287,0.07079095022867764
44288,0.1134878533673241
44289,0.6344464956924988
44290,0.20616340740363048
44291,0.06491375882495444
44292,0.12261000997236661
44293,0.08177763606662897
44294,0.31453401760904104
44295,0.11131430759234924
44296,0.16600736366690966
44297,0.3145126115916982
44298,0.13387507061397466
44299,0.30186811881791464
44300,0.15631448211943935
44301,0.39949767523644986
44302,0.3567120702948313
44303,0.48910674933938403
44304,0.4091756178961672
44305,0.09355086537676383
44306,0.5684316593585148
44307,0.06447189518427908
44308,0.11102627268765201
44309,0.20049209903187218
44310,0.08048750272582461
44311,0.18345466453758574
44312,0.42555734420507735
44313,0.08259559289323469
44314,0.10321418340222295
44315,0.3244176459290041
44316,0.3793058188600966
44317,0.07545834864562809
44318,0.11065625650702711
44319,0.11249725650909563
44320,0.08696716117397577
44321,0.3454427325955844
44322,0.1914897508150471
44323,0.06325635650448626
44324,0.04178538707873624
44325,0.10729318819238448
44326,0.4752996901049421
44327,0.0482064735208175
44328,0.08341667853910756
44329,0.03506767356981555
44330,0.13092361475081343
44331,0.09857022157829426
44332,0.2976059340213938
44333,0.09155072972217765
44334,0.43884968136531965
44335,0.17660633187660332
44336,0.38836994658639395
44337,0.23885053186270344
44338,0.03601072891529297
44339,0.0675788585774248
44340,0.061872133273839
44341,0.248753361318035
44342,0.19199942984249546
44343,0.2945807313499527
44344,0.1677080188393626
44345,0.07736087224679043
44346,0.42269938664636725
44347,0.35742867725584787
44348,0.23549313710067787
44349,0.4119229806881993
44350,0.1691606318974781
44351,0.20638699615255707
44352,0.1628447373161941
44353,0.5407343571221208
44354,0.6467669927815852
44355,0.10064951294761917
44356,0.3231398200089826
44357,0.06216689103923197
44358,0.16388557538702025
44359,0.029528106602338035
44360,0.08816199179109456
44361,0.07656768421476706
44362,0.11153029017036599
44363,0.09341591517622327
44364,0.3433332258557721
44365,0.05244053482306208
44366,0.6220346810488628
44367,0.20570205876981482
44368,0.150707554510941
44369,0.24020696997443308
44370,0.07585980103066191
44371,0.46177359965374704
44372,0.6555455841472739
44373,0.1887176740068751
44374,0.395816532091697
44375,0.1485384208836609
44376,0.20968204133309407
44377,0.03960887708844346
44378,0.7884649622314973
44379,0.3637330382940087
44380,0.2126218070762011
44381,0.7175766393800889
44382,0.11470467235134937
44383,0.7614437816304097
44384,0.10631025865548385
44385,0.04104756878950963
44386,0.2619674289319602
44387,0.31425396846740755
44388,0.12024884275160844
44389,0.32121447804139525
44390,0.0525376345994959
44391,0.14420380748098552
44392,0.4086576789264777
44393,0.04989217968673094
44394,0.25406081879530473
44395,0.09219672757778039
44396,0.051732873312979016
44397,0.09867944802237517
44398,0.5732861318886129
44399,0.15636373615179283
44400,0.09182582960838052
44401,0.3668467582556357
44402,0.08885129310801064
44403,0.07973947568882941
44404,0.3908574326565223
44405,0.08381158648264586
44406,0.08018812119561754
44407,0.10071106772378739
44408,0.15943719741042917
44409,0.2556739090469153
44410,0.07800331651697152
44411,0.19066869643896436
44412,0.1742442294788776
44413,0.5136892969018274
44414,0.41195793264294334
44415,0.11864530369106542
44416,0.5016182307810914
44417,0.07663916394572914
44418,0.118255282592934
44419,0.6811200712560124
44420,0.06345480186926768
44421,0.29140541323167274
44422,0.11050894809803895
44423,0.37809460668405787
44424,0.5993150392741821
44425,0.04595614367327105
44426,0.4959492554002239
44427,0.22557812787022954
44428,0.43311264813153644
44429,0.2596111422548488
44430,0.1967335183677508
44431,0.3330432684709215
44432,0.39701296526936036
44433,0.14439848093810034
44434,0.20537541436134088
44435,0.04850887734705954
44436,0.40265395124291636
44437,0.10442376646234654
44438,0.02945279373548001
44439,0.1687193422235924
44440,0.05602278636672184
44441,0.11653096015727506
44442,0.13750485145546232
44443,0.09376925819435876
44444,0.21060833565744982
44445,0.09525706804302922
44446,0.05025914191024439
44447,0.05565084360418675
44448,0.7311178411150298
44449,0.06698464382357516
44450,0.24661120357811558
44451,0.4981926682431303
44452,0.16874620244772787
44453,0.040349390560542514
44454,0.20334055370659795
44455,0.06322326177252367
44456,0.035662045678843325
44457,0.062466167594662295
44458,0.19633186933942892
44459,0.16057556037847204
44460,0.04999046699259949
44461,0.07144801734595499
44462,0.029757235737480243
44463,0.2524328529589513
44464,0.5534479713998326
44465,0.19945279791568732
44466,0.07669160938027221
44467,0.4728743675051509
44468,0.12176371181303293
44469,0.11966654393606063
44470,0.19004887656506964
44471,0.5722518330111604
44472,0.15233300809537934
44473,0.4141572549051106
44474,0.0504753042747712
44475,0.07328720750909526
44476,0.05703872088173453
44477,0.7215894903739678
44478,0.098239164561041
44479,0.12114669882145584
44480,0.1059758108650495
44481,0.6887863066748685
44482,0.44067657916232
44483,0.4699581397875178
44484,0.10923584184930869
44485,0.19767301150960856
44486,0.1388775027299623
44487,0.08880673129894326
44488,0.3612496461456416
44489,0.06396589006438007
44490,0.12933743369620995
44491,0.7764241180745146
44492,0.06338122389300595
44493,0.3252833165677903
44494,0.7112074828858945
44495,0.6826734356303811
44496,0.0963769740409894
44497,0.20096214864967618
44498,0.7357568309108744
44499,0.37284315282312297
44500,0.09718784430415692
44501,0.13169328146109438
44502,0.7033003685513428
44503,0.08241530684702111
44504,0.5079308221920471
44505,0.08847179322663487
44506,0.19837001522799416
44507,0.03984395681308191
44508,0.25834570241654314
44509,0.350612068934803
44510,0.09945122472120291
44511,0.09948155303340107
44512,0.21606986392805846
44513,0.30711656358484873
44514,0.04034252622509842
44515,0.07502261382101824
44516,0.12153345678123095
44517,0.2019666959345833
44518,0.8409589220899354
44519,0.5362469143300362
44520,0.25380097956089226
44521,0.2172203447862737
44522,0.5580912499837605
44523,0.0608867454383381
44524,0.1907844969013588
44525,0.15706705598329787
44526,0.1837843526926585
44527,0.06488622280012914
44528,0.22267951142387332
44529,0.4784194667443756
44530,0.44629804543191054
44531,0.10731394697015557
44532,0.2173362484419314
44533,0.04651943644912393
44534,0.1145980853866193
44535,0.07956397028992684
44536,0.12096352389165617
44537,0.046337881692439804
44538,0.1710916734494051
44539,0.3332191322317783
44540,0.13858151301093916
44541,0.06947887672783289
44542,0.388479705313882
44543,0.16158907607891032
44544,0.3925093184050039
44545,0.19609274540533086
44546,0.212649775292702
44547,0.36138653646268326
44548,0.09111515795696498
44549,0.10445649556871997
44550,0.13857938688881483
44551,0.071996158697846
44552,0.4582683240896134
44553,0.08375114954338311
44554,0.31106799491053666
44555,0.47224186887932085
44556,0.15576201599196604
44557,0.07814371651759519
44558,0.03707136521431291
44559,0.07650626461395707
44560,0.03286952628818099
44561,0.05862939104588629
44562,0.16648961868330023
44563,0.08323465931499979
44564,0.19651167565482264
44565,0.08905085905884837
44566,0.16696013283099434
44567,0.4429736051531094
44568,0.05597585690514113
44569,0.24175194625808558
44570,0.17942739353897977
44571,0.08513777145694029
44572,0.08336745164155
44573,0.4788890949550719
44574,0.09412598076491985
44575,0.13388506826959912
44576,0.06904354958858114
44577,0.06132007250089008
44578,0.6866131874685169
44579,0.09744208475742833
44580,0.16802045054896644
44581,0.15195606183089125
44582,0.6874378695834512
44583,0.09902942510126184
44584,0.23666654648305388
44585,0.20783916236588892
44586,0.43304277655366574
44587,0.2571580063299868
44588,0.11161389910995662
44589,0.0796352586907366
44590,0.0607511704627213
44591,0.12587497035136405
44592,0.06275810916441128
44593,0.1506310313956071
44594,0.11528018124457699
44595,0.1220861453380122
44596,0.1767646222749317
44597,0.09786098188150287
44598,0.49245045539060917
44599,0.20029021243671083
44600,0.2077969197549435
44601,0.043160356999330324
44602,0.12009857465288495
44603,0.23617145478809884
44604,0.062405312738048585
44605,0.5270485632669971
44606,0.06544378224696006
44607,0.28105334994588366
44608,0.17143671897720014
44609,0.42319350083005636
44610,0.04968880341399945
44611,0.032302843905158606
44612,0.07609453695999854
44613,0.07043363289172991
44614,0.07931602134107202
44615,0.09073068706879106
44616,0.1190714025687614
44617,0.10579277984130774
44618,0.37659148232432343
44619,0.20721024434082116
44620,0.08895053436127465
44621,0.15942680760181527
44622,0.24525262453764776
44623,0.3355218401197876
44624,0.6834305448958227
44625,0.0766267090952381
44626,0.4433702181780776
44627,0.18697335479745744
44628,0.14326050631249207
44629,0.026658936250202
44630,0.1717954046375278
44631,0.15410560028776962
44632,0.5284903529376273
44633,0.6432035109738036
44634,0.0615750424470196
44635,0.8122566701330572
44636,0.38408309224750786
44637,0.5913932781977169
44638,0.1053488323102201
44639,0.5231427342544823
44640,0.07165503105997753
44641,0.6697772068434896
44642,0.04812648470450485
44643,0.04411350555021186
44644,0.1870031231710122
44645,0.44937452478436635
44646,0.037086727967851396
44647,0.23915531104501303
44648,0.0620756373130416
44649,0.06634239542127725
44650,0.16541246224288628
44651,0.23342898880520185
44652,0.6026854700476498
44653,0.11751887142466998
44654,0.12813878417463728
44655,0.4615851612881493
44656,0.2580679815348153
44657,0.27648514025176446
44658,0.06030107848626894
44659,0.41325546288131165
44660,0.04842467414525656
44661,0.04724564740849289
44662,0.050440488406013125
44663,0.07025193393967356
44664,0.27582597273790427
44665,0.07185270037278346
44666,0.14460167848301617
44667,0.2520100795810857
44668,0.12536347302946266
44669,0.038930198535227035
44670,0.4295381853200325
44671,0.149439972073144
44672,0.17776646771388052
44673,0.38977773786279624
44674,0.08920993682987481
44675,0.06967616444311332
44676,0.07076053722098326
44677,0.2836537105866179
44678,0.13668338488875292
44679,0.07875330907918707
44680,0.5174294852146172
44681,0.091006943644146
44682,0.2258490709625094
44683,0.14713626084220402
44684,0.7477733396733285
44685,0.35790087733563714
44686,0.12444254274028257
44687,0.06154667049736003
44688,0.11770301194739545
44689,0.21245078814686758
44690,0.17279630606343546
44691,0.1281228757216673
44692,0.13272471325535456
44693,0.7034669614732946
44694,0.2175630348835762
44695,0.1772266162762411
44696,0.11546637327077083
44697,0.03860515341771443
44698,0.21877962581946828
44699,0.7406244621153661
44700,0.1013569821247265
44701,0.1006254946669951
44702,0.19328628769547318
44703,0.07465503516964475
44704,0.10669192482093355
44705,0.8178871809205872
44706,0.07215369085616025
44707,0.5931294319570274
44708,0.05407727003980907
44709,0.0718011164435495
44710,0.11725369384355434
44711,0.08050490826874294
44712,0.4835460204650169
44713,0.1262648703272191
44714,0.07297521245662442
44715,0.28207677550534727
44716,0.06007960343158987
44717,0.06470127336485791
44718,0.08990180058228639
44719,0.06693855790495443
44720,0.6630445104387497
44721,0.06423477467037828
44722,0.09722743072515663
44723,0.06048496002816505
44724,0.5853849243360384
44725,0.19695934558014033
44726,0.11645690390174647
44727,0.17475853932070437
44728,0.15678638356431687
44729,0.4201744021659057
44730,0.06589034117183472
44731,0.22667545927547966
44732,0.1444696672104504
44733,0.16176962032117567
44734,0.08003477649620208
44735,0.48726800627302597
44736,0.09938932369395462
44737,0.371646008115387
44738,0.04231295222527922
44739,0.2617283284985351
44740,0.34049189388011347
44741,0.18089342462625205
44742,0.2519493524611897
44743,0.0792232940367997
44744,0.47001499913327194
44745,0.6160517379141106
44746,0.060582723001670995
44747,0.7452120449460651
44748,0.07448208627112506
44749,0.03440837758150206
44750,0.28579745789147604
44751,0.10740809246884547
44752,0.1452984479769157
44753,0.035116312293425586
44754,0.5815351510299737
44755,0.20810855555262034
44756,0.5049494719707609
44757,0.05648648845306499
44758,0.20880950668908704
44759,0.7017125813362693
44760,0.07391205766853531
44761,0.08352897299200009
44762,0.10363160164070338
44763,0.2431828468730878
44764,0.05773399216033128
44765,0.22353085180229745
44766,0.5305764352669197
44767,0.44502607580824144
44768,0.3848337996217107
44769,0.6920389210313431
44770,0.10285837412405649
44771,0.04171177430079767
44772,0.04696891050503086
44773,0.40684255189438917
44774,0.12367759478998001
44775,0.6672381947487159
44776,0.33460162453725173
44777,0.36456552107978296
44778,0.2015274940300964
44779,0.07873343258002206
44780,0.2791481698756568
44781,0.42180929103829007
44782,0.07841700669495523
44783,0.10057761101640375
44784,0.03127264948363099
44785,0.4542830063773632
44786,0.4075992164899343
44787,0.26857971918931645
44788,0.32016376962022397
44789,0.5660004683462356
44790,0.10100077293672954
44791,0.611506359189738
44792,0.08283477411783145
44793,0.1310312808231436
44794,0.11094692771464833
44795,0.2728852987844814
44796,0.3957358646447498
44797,0.3559845433640895
44798,0.15403159722586782
44799,0.7373230894064277
44800,0.09853057528634283
44801,0.04671292265476572
44802,0.49548723848238657
44803,0.0985904151545808
44804,0.20443015295506484
44805,0.07357396569187456
44806,0.08930983082068976
44807,0.09243522088000918
44808,0.23491402250895088
44809,0.08258802686748758
44810,0.0631358103949683
44811,0.23778234022206243
44812,0.4268440507062899
44813,0.7725316162723931
44814,0.07554727483511017
44815,0.03262366194952568
44816,0.31658137490720484
44817,0.6484483697473533
44818,0.7165274248724152
44819,0.10107088996425813
44820,0.5997806100993819
44821,0.419245835444309
44822,0.19457344797304765
44823,0.11307801663161707
44824,0.15554378134037503
44825,0.3534847927355537
44826,0.34008703940872365
44827,0.03933065874435937
44828,0.09008920106851816
44829,0.06222682668349609
44830,0.16620310028458662
44831,0.03612208255553187
44832,0.35290305311622827
44833,0.509674552999178
44834,0.1690556581592917
44835,0.08735400817701748
44836,0.17278269037412036
44837,0.10115159083858555
44838,0.057345992054862564
44839,0.06629117945848316
44840,0.20428194397111407
44841,0.09505732690108425
44842,0.20467277033712575
44843,0.09574440474703995
44844,0.061578734493029814
44845,0.7151678198151673
44846,0.10490531648678214
44847,0.08963494516368878
44848,0.24768747051659312
44849,0.25056319994907433
44850,0.04445349188381367
44851,0.06994471948261119
44852,0.11083933898456179
44853,0.19646845985386988
44854,0.06366879234417923
44855,0.03791482952909356
44856,0.2626012297190762
44857,0.4056799632821863
44858,0.054022855624137674
44859,0.07593411036497817
44860,0.07198412867881936
44861,0.2898499008464279
44862,0.08346903952999093
44863,0.6277448123946093
44864,0.2092378789679021
44865,0.04070638382662631
44866,0.04405357242195857
44867,0.2045492728300308
44868,0.15253142799209274
44869,0.1745937456348009
44870,0.1067764348679326
44871,0.3329606486987528
44872,0.05438143743610671
44873,0.08385137342279757
44874,0.13557077054010558
44875,0.07138204651045281
44876,0.050269110945655275
44877,0.19680524949574885
44878,0.7255212770313222
44879,0.22391644602638028
44880,0.05947367564315241
44881,0.18922958994506048
44882,0.23602654087849526
44883,0.35815852927871217
44884,0.22986086951257897
44885,0.02903594599647317
44886,0.05836381226699698
44887,0.17480072110859518
44888,0.2217348659982297
44889,0.145692932903509
44890,0.23515806262802158
44891,0.08756358808174412
44892,0.7075584052140337
44893,0.08667329382476698
44894,0.07661395236244488
44895,0.3042239987324817
44896,0.09807843496557252
44897,0.054941542748280614
44898,0.09603330206400416
44899,0.399731318854816
44900,0.3348783060337269
44901,0.058668683721451925
44902,0.06108174642406611
44903,0.15446702717036148
44904,0.29976029797611475
44905,0.34403802307553577
44906,0.0819683524439521
44907,0.7423071288315565
44908,0.07030218299889289
44909,0.05329290828473546
44910,0.09475803192433815
44911,0.15025858586507257
44912,0.461584821853055
44913,0.06503811432732023
44914,0.13689108331444913
44915,0.24516268112257328
44916,0.14653857725231573
44917,0.1004255602026379
44918,0.1146740281760385
44919,0.0906802459132895
44920,0.5749616233288326
44921,0.11521653530707997
44922,0.10417909050365394
44923,0.11745372962793894
44924,0.14099073345690993
44925,0.10416509955896537
44926,0.30061803150614463
44927,0.5586262618289346
44928,0.06095757219992963
44929,0.11317239667021918
44930,0.13053052465389295
44931,0.682832813038321
44932,0.2724201597340041
44933,0.1939073817654788
44934,0.2274304415359606
44935,0.5603820753540064
44936,0.4859925261419453
44937,0.09195925891613997
44938,0.04493359505639554
44939,0.48665393864110174
44940,0.14145577611817745
44941,0.10570797218082037
44942,0.06704171181523318
44943,0.6499686892118239
44944,0.09780712463313403
44945,0.07321889570838994
44946,0.483645848015049
44947,0.08146332155126186
44948,0.2192310607192251
44949,0.06196783244349831
44950,0.0688851446387677
44951,0.6598475604683042
44952,0.3900806322593497
44953,0.25427408433970994
44954,0.5205068094991003
44955,0.3476417851477852
44956,0.6105220169279972
44957,0.13662704837521208
44958,0.08957675344584662
44959,0.16454684552937937
44960,0.12321904766412958
44961,0.4797082101053164
44962,0.284635634961284
44963,0.41399810559224176
44964,0.12335064994970223
44965,0.04260820106898668
44966,0.48417777801330125
44967,0.1321149644315304
44968,0.1579346228351757
44969,0.06954203285733052
44970,0.0949023964339427
44971,0.07781427134471898
44972,0.04602418663042132
44973,0.36644746895009706
44974,0.05942777788332705
44975,0.3719405002866954
44976,0.11216353499455801
44977,0.15759032726022057
44978,0.08146126373630554
44979,0.14917036213456475
44980,0.23172969491258552
44981,0.7898914685560654
44982,0.23534574674169567
44983,0.6370979455975981
44984,0.14102444217566973
44985,0.42588989960233353
44986,0.22816176134322969
44987,0.17759696390975696
44988,0.5365579344846799
44989,0.07675758727116982
44990,0.04123110000424127
44991,0.7868499568182541
44992,0.4672172276832053
44993,0.09172388410440796
44994,0.1946273015367333
44995,0.09128055768368008
44996,0.49060296529818154
44997,0.06298299703325577
44998,0.2810399921162596
44999,0.4410459689640513
45000,0.18499870287431228
45001,0.056200479885804504
45002,0.14069215252718623
45003,0.11803139557165018
45004,0.20887147306513762
45005,0.057920403106804394
45006,0.18261217290155884
45007,0.18462999818270953
45008,0.7477331261990154
45009,0.05410381661435622
45010,0.26068268410589984
45011,0.23938691883967061
45012,0.08553066392877857
45013,0.707674086047867
45014,0.8900731789656258
45015,0.24602639067775628
45016,0.4762673636648314
45017,0.38103085013352483
45018,0.34565510697618457
45019,0.10794204347399476
45020,0.5505574999678082
45021,0.06499625006027596
45022,0.0816981068530879
45023,0.10192834080501749
45024,0.11909187410596661
45025,0.03615679338047131
45026,0.16590858969458416
45027,0.7381840943996484
45028,0.03549643801482112
45029,0.4259889791175668
45030,0.039384915425713235
45031,0.6112186358303597
45032,0.2977779394905803
45033,0.11995198799874317
45034,0.29109786195882226
45035,0.14514129459950162
45036,0.14407792428738686
45037,0.34910616244472
45038,0.09375298565603386
45039,0.05779479691887718
45040,0.19402835185797535
45041,0.11286591711291306
45042,0.16173898474585793
45043,0.20626997656293516
45044,0.054826918115336944
45045,0.03195478477179938
45046,0.09371551974814579
45047,0.4127718864308695
45048,0.16558145266445
45049,0.39328778265387077
45050,0.039395620878098385
45051,0.32680481963922065
45052,0.23044256008731523
45053,0.2580122574069877
45054,0.14963904853251905
45055,0.03659583558734294
45056,0.5828395823807624
45057,0.608118187625963
45058,0.25173610887866843
45059,0.05506015908033094
45060,0.7043624084992731
45061,0.3658293654987654
45062,0.1580017530450167
45063,0.23740478522452022
45064,0.04176349153087961
45065,0.19847057543860017
45066,0.04562138665931796
45067,0.3849315355971916
45068,0.1425288711019243
45069,0.18029853279136746
45070,0.5408834704429011
45071,0.5903679569124288
45072,0.6964972371631493
45073,0.06266177509679904
45074,0.04728839608694597
45075,0.055632396366802554
45076,0.8158313652234236
45077,0.05173408405417968
45078,0.09231391846660987
45079,0.12598419818934828
45080,0.03429916757327097
45081,0.3597896040963207
45082,0.2248624353875544
45083,0.4551810558481401
45084,0.12659332240252819
45085,0.49183600559326135
45086,0.0681045291365399
45087,0.03991884852085267
45088,0.6119505562698266
45089,0.07969104374251643
45090,0.040342631850574025
45091,0.8389396471819998
45092,0.6273956711011642
45093,0.23979087939635216
45094,0.33206620108496365
45095,0.044166132196402835
45096,0.035685080997686684
45097,0.1332912516537238
45098,0.07212980020623719
45099,0.1663241983285198
45100,0.056983421679613545
45101,0.06811984875114159
45102,0.2372950751411941
45103,0.05289934609175498
45104,0.1904348955550211
45105,0.4066642870992123
45106,0.24847362834839193
45107,0.09671203281941557
45108,0.1765349648732305
45109,0.5186297392410304
45110,0.6470632289988623
45111,0.09945511386484447
45112,0.20904622218283445
45113,0.18395572254824097
45114,0.3919395940314469
45115,0.07637138525392566
45116,0.26800057407868855
45117,0.032270074641603065
45118,0.09138377378850579
45119,0.1120235800700893
45120,0.23476186901717716
45121,0.4043520787199656
45122,0.16976345428372064
45123,0.10495689027271325
45124,0.12450606325968683
45125,0.13830210370088228
45126,0.06669382305062142
45127,0.062224597660974525
45128,0.0971830413985903
45129,0.05513226309353663
45130,0.11977399759242519
45131,0.13408099081400893
45132,0.09452653398679992
45133,0.06486249073359192
45134,0.06215773409127431
45135,0.26535538256376817
45136,0.410185142926686
45137,0.04980776284007631
45138,0.03879405063869655
45139,0.08549654182309245
45140,0.09349096679321861
45141,0.1794014325005659
45142,0.3275488905290936
45143,0.1708452192425125
45144,0.18022878021302344
45145,0.05119881577634795
45146,0.19769039287272916
45147,0.09420432127479399
45148,0.48415741534603396
45149,0.18938138895392945
45150,0.23083598437421196
45151,0.639658596105503
45152,0.11387850622258734
45153,0.22948869225052584
45154,0.12352632671570364
45155,0.08610735106243163
45156,0.7838636230684268
45157,0.7620660083968445
45158,0.226403422759691
45159,0.07090594858431047
45160,0.11187529595127171
45161,0.35735458396147163
45162,0.33036022399668147
45163,0.48199426260515
45164,0.5868753131913839
45165,0.05451471889259732
45166,0.29433588255819193
45167,0.09302258760622728
45168,0.19862591886478295
45169,0.07478400747262877
45170,0.17823742968682071
45171,0.15016440120972843
45172,0.11603802352437119
45173,0.30218461128373536
45174,0.07805409553705904
45175,0.4485471562025138
45176,0.5205364751482167
45177,0.07778436912210154
45178,0.49150230438621284
45179,0.14399112340563514
45180,0.08867217772891635
45181,0.12892185388954136
45182,0.1474881097299833
45183,0.07033995792442808
45184,0.21272968702595374
45185,0.14979341722201128
45186,0.10491402360088815
45187,0.14243050956195244
45188,0.10725648442904498
45189,0.1579664709769098
45190,0.04032623551265288
45191,0.09989269001806729
45192,0.05011335621315977
45193,0.11865686697945212
45194,0.05588923205891729
45195,0.7716792793814967
45196,0.44282749618473655
45197,0.4670890483743322
45198,0.12552629531866513
45199,0.1827334752789868
45200,0.08451124661445777
45201,0.2274831764382854
45202,0.06428985350191727
45203,0.16863487750081188
45204,0.20490218336387625
45205,0.09198764271581852
45206,0.03274197773127546
45207,0.11860022043321064
45208,0.3023799780597777
45209,0.6455431954017532
45210,0.12400325109413236
45211,0.041122346200280185
45212,0.41339944591135447
45213,0.41112711206882246
45214,0.2749693441288284
45215,0.5247262387318233
45216,0.38457338324359414
45217,0.3193964097648449
45218,0.20831455121281112
45219,0.10779007681703262
45220,0.5469667421231215
45221,0.09582195104457511
45222,0.12171549540070681
45223,0.363700560625032
45224,0.0599552745027998
45225,0.22485407749225633
45226,0.23798086894372536
45227,0.0621275459873493
45228,0.031199529865020968
45229,0.4472208020494775
45230,0.5145506043285553
45231,0.11769551174884671
45232,0.13940543801277797
45233,0.17451566608222235
45234,0.26906875526176305
45235,0.03828883926776324
45236,0.7350967808919945
45237,0.03515230154424562
45238,0.27218612203928383
45239,0.07206564217773737
45240,0.02489963843761592
45241,0.564860351153343
45242,0.05611756329603668
45243,0.12596352914029663
45244,0.04820347192346196
45245,0.19569809669720803
45246,0.13458791712358764
45247,0.4202318344972949
45248,0.09619159061786799
45249,0.07186868178904839
45250,0.07006756768251841
45251,0.06356098383661479
45252,0.5270487264043556
45253,0.4507833364488104
45254,0.4414848699059014
45255,0.09234648431485404
45256,0.08957584442312448
45257,0.13062468802794958
45258,0.5853066479791686
45259,0.12963242927407026
45260,0.04309892072225942
45261,0.06661356711979692
45262,0.5458149075332889
45263,0.13977080411407564
45264,0.13552290657382243
45265,0.447823394263519
45266,0.5256528106783065
45267,0.17287955000264232
45268,0.29443123415888245
45269,0.15315274497989062
45270,0.10268662837728193
45271,0.08911498327964672
45272,0.08393171251550297
45273,0.19036400432424552
45274,0.07936758485176378
45275,0.3895975910926477
45276,0.0993460210740995
45277,0.1485501807234141
45278,0.05577118512179863
45279,0.3054916933446661
45280,0.1827302836057857
45281,0.09474620527479277
45282,0.10660815747923562
45283,0.1784951837297612
45284,0.3591397165803292
45285,0.0850556810861966
45286,0.10076622875097685
45287,0.03748700550703488
45288,0.10682520349540509
45289,0.29415336313008583
45290,0.19695345386899488
45291,0.20253970986037179
45292,0.10105293246169873
45293,0.08100700478732493
45294,0.09504654290008491
45295,0.0807061284991651
45296,0.12208360285921506
45297,0.09646837923299699
45298,0.33917651768638163
45299,0.07213251729764328
45300,0.2571879607276639
45301,0.07543346499313303
45302,0.31935444856768375
45303,0.10489537014059705
45304,0.11480080925947239
45305,0.07565046730874192
45306,0.3924491358281306
45307,0.4561035359585577
45308,0.5308406437517555
45309,0.10974089246313701
45310,0.08901741672266777
45311,0.3469266546495113
45312,0.22613157256501074
45313,0.08176459774428378
45314,0.30854801896573275
45315,0.18717391972913297
45316,0.3589051694944077
45317,0.2909099657669907
45318,0.057319901563968864
45319,0.12926964814085817
45320,0.5149749408068099
45321,0.5344966446898052
45322,0.15206638444525888
45323,0.4657157343879702
45324,0.058610767162583705
45325,0.10342227242329825
45326,0.6027210286386178
45327,0.07009389620926394
45328,0.5017116836538963
45329,0.7928719466109219
45330,0.18434831079489342
45331,0.3444006357293248
45332,0.24752692489880682
45333,0.16222765967827105
45334,0.16715300274912967
45335,0.07611763946735287
45336,0.5853131656677998
45337,0.2063976170490703
45338,0.46428438818787704
45339,0.14245613744987295
45340,0.062441276664590185
45341,0.2078161044074371
45342,0.09906935692705501
45343,0.5124248417693544
45344,0.6570015053471924
45345,0.09203795123243023
45346,0.0406866239530103
45347,0.367999499865711
45348,0.053537564189741975
45349,0.15562762534582014
45350,0.0689195859704197
45351,0.3967264147526978
45352,0.12633290134043007
45353,0.10731175196488486
45354,0.12881127528537037
45355,0.07829680129642723
45356,0.5687470859154405
45357,0.6278904083889482
45358,0.06934793920744774
45359,0.09782891042514241
45360,0.1349005520176518
45361,0.08424057706676111
45362,0.08613583361358389
45363,0.057795444767237365
45364,0.056344801950149744
45365,0.71251894763084
45366,0.44954111287088416
45367,0.06985937674984477
45368,0.21453662734508475
45369,0.12675443656263485
45370,0.04743405628052473
45371,0.09549262362179681
45372,0.6460569996547085
45373,0.09330380747379295
45374,0.0677944524851807
45375,0.4089090595892805
45376,0.13786307836783177
45377,0.2018285171929685
45378,0.09506533165035105
45379,0.36503088256664235
45380,0.5995386760462991
45381,0.3156913629515121
45382,0.051816879288914146
45383,0.4468269024457504
45384,0.253425394274112
45385,0.4211660730561767
45386,0.6396516165390435
45387,0.17427501030715864
45388,0.3094225071032741
45389,0.07149823593852754
45390,0.13381693893062202
45391,0.19237983099159664
45392,0.08399890705096875
45393,0.20116345280457573
45394,0.16923830193753348
45395,0.27145147278518045
45396,0.3961120360890086
45397,0.17474304498304405
45398,0.1940046095516701
45399,0.06733698119228852
45400,0.1509421370091791
45401,0.13534343653768766
45402,0.12438432730659028
45403,0.5868082087475234
45404,0.09232583567966195
45405,0.1524159299658363
45406,0.04778972371325913
45407,0.4597756767498671
45408,0.2748004844226535
45409,0.20566470050220093
45410,0.09791924546034418
45411,0.22809292066903653
45412,0.0810759518570142
45413,0.12069281179651237
45414,0.08920540511770586
45415,0.06221326351976336
45416,0.5212257073977847
45417,0.11947579843791215
45418,0.05788910578152521
45419,0.06398697485628588
45420,0.04256457081496753
45421,0.4537573331122629
45422,0.10302894483835676
45423,0.21336973585956964
45424,0.20656103518746438
45425,0.23368438740691616
45426,0.35230777796644885
45427,0.20330593782119655
45428,0.05077269140851239
45429,0.22972401513704105
45430,0.042162715582435756
45431,0.2733615518057422
45432,0.031853441228445876
45433,0.04087768231384464
45434,0.328491636810139
45435,0.5393496824852616
45436,0.04422258540084889
45437,0.12164918658274727
45438,0.1524963687196851
45439,0.4212076431866668
45440,0.14757047738353576
45441,0.18959420146621428
45442,0.133435136225376
45443,0.1986056221025821
45444,0.07877438656722227
45445,0.0763622759965191
45446,0.5979955842610949
45447,0.13509100429034768
45448,0.1521755665506073
45449,0.1859273861834056
45450,0.036160154200105314
45451,0.1253842984047824
45452,0.07083131735853718
45453,0.048946342835268775
45454,0.578466384056993
45455,0.12520990415898
45456,0.07498255554042771
45457,0.5637632428911181
45458,0.07456204676463483
45459,0.47599376304085517
45460,0.2709150441898527
45461,0.25150350677091904
45462,0.14863156496551802
45463,0.13325121002277474
45464,0.13191684790435387
45465,0.5325983361576444
45466,0.47022918856618723
45467,0.0765338204013926
45468,0.24372358023920104
45469,0.0540459212539778
45470,0.07391708328557746
45471,0.2988777197623432
45472,0.14057694273880328
45473,0.030515044744440233
45474,0.2296500662118928
45475,0.17239889930465957
45476,0.057590893760454426
45477,0.08507140704212786
45478,0.23316972628703017
45479,0.10511589780764286
45480,0.09780342641303198
45481,0.32175033784018914
45482,0.07454556185724387
45483,0.1389335583381822
45484,0.13729463640643402
45485,0.714806837616612
45486,0.044621166719106216
45487,0.09238999792376684
45488,0.07357866683452209
45489,0.12126854601408321
45490,0.37689312398532254
45491,0.06762755972805264
45492,0.0506887294588655
45493,0.2742341175004212
45494,0.1950346918891528
45495,0.150115826216914
45496,0.4338755864856793
45497,0.06871837088195067
45498,0.20282560746695324
45499,0.06272901950773498
45500,0.43147678858264205
45501,0.2568193581633481
45502,0.43787802949720617
45503,0.2434991801777691
45504,0.5670536376875862
45505,0.2861503408777735
45506,0.09503660002745422
45507,0.08307750451055318
45508,0.18271935428671798
45509,0.13129430109193008
45510,0.11403104433528431
45511,0.08631207116673019
45512,0.1343197233919518
45513,0.691293356448829
45514,0.17742205943460737
45515,0.06552400651856057
45516,0.15275710243478755
45517,0.765381475583381
45518,0.2125245094596904
45519,0.07579471662082951
45520,0.04022887620282093
45521,0.2585062848575791
45522,0.07417537751336162
45523,0.1107414347026256
45524,0.49858481418554657
45525,0.028342530263924335
45526,0.04440234282235867
45527,0.6783463238469065
45528,0.17112206578842534
45529,0.20649905670712804
45530,0.7163773706567197
45531,0.09000807671073366
45532,0.7912049569038199
45533,0.041044105979540786
45534,0.8121176053422017
45535,0.04531453647422938
45536,0.0687152440783639
45537,0.22898641508883202
45538,0.6263073572235537
45539,0.0573208204888935
45540,0.04205495374166037
45541,0.07611030953152349
45542,0.03093960329927892
45543,0.3728618783481463
45544,0.10877156273633025
45545,0.18374210648769154
45546,0.2921420875364557
45547,0.7228723223281665
45548,0.32724608200443844
45549,0.01838011564229674
45550,0.04984170512116542
45551,0.055929830225181915
45552,0.07527235337824148
45553,0.12060161668481878
45554,0.07389085673642093
45555,0.08735900353961158
45556,0.10840418966770057
45557,0.10091955614424516
45558,0.2126103147368018
45559,0.15288511042687805
45560,0.0737031572234774
45561,0.09625516691182082
45562,0.4082807561917921
45563,0.35777788254219517
45564,0.5320359651459614
45565,0.1844065590577453
45566,0.04868391297148226
45567,0.11737816443936175
45568,0.30349769773381574
45569,0.1585490453509053
45570,0.0419401178128179
45571,0.5499512667993067
45572,0.09483006869111196
45573,0.0752394754990943
45574,0.3132581668221372
45575,0.5565956030603779
45576,0.19945004143832123
45577,0.09147744683749715
45578,0.28214648140618814
45579,0.03462912827073726
45580,0.5836842210260947
45581,0.30224479954903977
45582,0.13762404103673215
45583,0.12453813195243328
45584,0.3071722415155572
45585,0.42776709844846134
45586,0.26554830741145424
45587,0.09801423074974794
45588,0.053051717710895306
45589,0.06721085731426896
45590,0.06271607395964847
45591,0.09982850408307242
45592,0.0747482791619717
45593,0.08191105379905564
45594,0.16174905820491375
45595,0.05932010519233889
45596,0.06465801208316374
45597,0.4204262773614669
45598,0.04632770453965447
45599,0.2558889169375346
45600,0.1158668078032186
45601,0.29433556382423937
45602,0.08593775697537183
45603,0.1882796869201331
45604,0.18138827534654003
45605,0.04766411718036615
45606,0.08281749155876124
45607,0.06729344456916733
45608,0.6163991920122164
45609,0.16903573882469364
45610,0.3900124873750897
45611,0.13240743028565283
45612,0.06524878437872143
45613,0.4958352612666209
45614,0.35525547729807694
45615,0.7559946714319711
45616,0.1850510059945411
45617,0.3658575052777643
45618,0.10028327540523453
45619,0.19962966966287668
45620,0.3417005396801896
45621,0.1224443040699492
45622,0.4242249055379701
45623,0.11295153591872754
45624,0.08745768698650692
45625,0.04272980445871302
45626,0.2258915354031513
45627,0.07005085757292512
45628,0.10181607630646125
45629,0.5127662295804392
45630,0.37415637175951183
45631,0.06225113521311797
45632,0.1992962849064498
45633,0.29255779537973253
45634,0.1821338980224053
45635,0.04636298159998438
45636,0.07241546885973671
45637,0.44794032101000664
45638,0.1702586904342191
45639,0.05720095100272179
45640,0.11390401166791958
45641,0.11962821176587857
45642,0.1009927724312858
45643,0.11111440286906546
45644,0.6132356081067692
45645,0.1977398501402711
45646,0.05474450311926775
45647,0.5280689274377671
45648,0.034108887466988924
45649,0.2927923545362177
45650,0.28443572865487116
45651,0.432753691484245
45652,0.2689423674909042
45653,0.49480159966203263
45654,0.3521797563456492
45655,0.7634789427823296
45656,0.057799769482299
45657,0.3081563186976713
45658,0.08013375874029642
45659,0.0701011532028786
45660,0.11422423533660482
45661,0.13342826936851485
45662,0.11992109749785196
45663,0.045515072563490196
45664,0.3302092568965154
45665,0.07346845934257021
45666,0.0650986108412231
45667,0.38781350389457764
45668,0.06659465980892705
45669,0.6312804327148366
45670,0.0801558464583338
45671,0.09342688716050153
45672,0.0550047913141938
45673,0.19212498052652524
45674,0.10881268413449632
45675,0.11148816999269899
45676,0.42770505387898056
45677,0.05706737937497522
45678,0.04805866321657932
45679,0.0950755825558308
45680,0.18708549151355033
45681,0.21116865700510096
45682,0.07024400277973368
45683,0.11814987439677659
45684,0.1813953268326664
45685,0.17185803386340812
45686,0.21531038804326802
45687,0.08831148840190832
45688,0.7830444228990163
45689,0.08996227250449822
45690,0.26854541243530594
45691,0.317289752533744
45692,0.07519255186820183
45693,0.10978567600709323
45694,0.06905779975624368
45695,0.12755673147623095
45696,0.5346876339520199
45697,0.2783144473858904
45698,0.08950909886482358
45699,0.12423910030731726
45700,0.2157991365927372
45701,0.5861607893663756
45702,0.18587679169305937
45703,0.4605257499794603
45704,0.46538307201128815
45705,0.04982800510279514
45706,0.07524576377999664
45707,0.07170167719499869
45708,0.08745563637539584
45709,0.1720580935185926
45710,0.10054498484083263
45711,0.03569856269158393
45712,0.6315008082274629
45713,0.0640909186806863
45714,0.4193459688238837
45715,0.05479010981410998
45716,0.07812628618439899
45717,0.040151707004526783
45718,0.05777396560438344
45719,0.11364232390856048
45720,0.08145028938969136
45721,0.2068096440324471
45722,0.6041030893150873
45723,0.1662559683379341
45724,0.10362067812394866
45725,0.5154018996649908
45726,0.37293495295295626
45727,0.36019685125174083
45728,0.18485252118396214
45729,0.19859023094534764
45730,0.23652680535039516
45731,0.06599641029478139
45732,0.14810453345484365
45733,0.18421298920744866
45734,0.27270174453260726
45735,0.07873307313375072
45736,0.11000762864886665
45737,0.09925495418592804
45738,0.107851019833258
45739,0.13671757767256598
45740,0.2855095394407885
45741,0.1667485548709953
45742,0.052564754195770114
45743,0.06999411680826298
45744,0.4181647206070382
45745,0.23626315389725605
45746,0.3156331691887507
45747,0.14818667020107243
45748,0.05022630567870384
45749,0.12171444808538924
45750,0.4171815072767533
45751,0.20511435250743681
45752,0.25699359985544784
45753,0.08869806023818655
45754,0.11871376439385524
45755,0.10416983161728627
45756,0.19545930386166083
45757,0.7264462321363645
45758,0.6733425008889771
45759,0.5800827849931638
45760,0.059035827050366065
45761,0.4116501096969235
45762,0.13752414206871383
45763,0.5034338973803798
45764,0.10021858720735632
45765,0.19270923119269515
45766,0.20243716230999234
45767,0.6663516529550336
45768,0.08620532456031257
45769,0.32352568856775804
45770,0.6790592483646583
45771,0.07609295694331415
45772,0.5105424074218673
45773,0.029842277149782312
45774,0.22346723060816467
45775,0.3308735024229015
45776,0.42332483716330443
45777,0.09300007333785548
45778,0.10998987571476594
45779,0.06372620034113102
45780,0.08542159806701001
45781,0.06047758599916879
45782,0.17426364082349108
45783,0.12347040863055427
45784,0.2096355471983163
45785,0.11073258026023211
45786,0.4589347491242453
45787,0.18865368006863223
45788,0.4527988449009882
45789,0.08039947505857059
45790,0.24034290815726234
45791,0.05483827142045488
45792,0.069978937506119
45793,0.1074797336058246
45794,0.7162999462162926
45795,0.09936976909482287
45796,0.0498353315677558
45797,0.052583184513320225
45798,0.7151078451017547
45799,0.4033007492823316
45800,0.05323831188815627
45801,0.37187792879092235
45802,0.5963769317645891
45803,0.07191070662640565
45804,0.1845478540854274
45805,0.328929480271658
45806,0.2849834510389081
45807,0.0998599835918717
45808,0.1410162901684206
45809,0.06545933615022463
45810,0.24806440636258797
45811,0.19356570530397588
45812,0.24138488995420956
45813,0.1374190757558999
45814,0.6132650047195816
45815,0.2772296643880653
45816,0.8093918011562162
45817,0.09281974621376958
45818,0.26692194896269067
45819,0.2705366338105227
45820,0.08969602035005163
45821,0.06031932367794151
45822,0.06016064455398264
45823,0.10256461292092128
45824,0.15796170023345957
45825,0.10718125066698266
45826,0.18676475176379156
45827,0.1761063428807976
45828,0.18261482551725924
45829,0.08717891308230241
45830,0.24277661653117008
45831,0.1759731583969147
45832,0.3103712211303006
45833,0.08125714523904567
45834,0.5162997691184468
45835,0.07197291449410569
45836,0.3868056565907667
45837,0.11604885573567292
45838,0.07294400980899357
45839,0.07460453963343427
45840,0.10671941036651335
45841,0.08192566310125587
45842,0.1514816596556854
45843,0.2009442992978404
45844,0.330721704864365
45845,0.5233978378725951
45846,0.47523791350784006
45847,0.12986623658846666
45848,0.1287566245941538
45849,0.5471044370216459
45850,0.19868745413453867
45851,0.34002072117997373
45852,0.2786940469209113
45853,0.15456381434435154
45854,0.48559690724944354
45855,0.1139131696133682
45856,0.19673656647318855
45857,0.0887385950868937
45858,0.4612468804247658
45859,0.13225846211341885
45860,0.41488981628430255
45861,0.5612766784620721
45862,0.5150654899672836
45863,0.08753935971948752
45864,0.035909231898400826
45865,0.47707207184463984
45866,0.07857490289772731
45867,0.13092083336939564
45868,0.14705157350545592
45869,0.09418093785508636
45870,0.1154956591422531
45871,0.16151114386738427
45872,0.5916602985481823
45873,0.18719751496920511
45874,0.23788153533527914
45875,0.05078070775998657
45876,0.7077317554949863
45877,0.274360705501539
45878,0.09124383729562702
45879,0.19099622281656725
45880,0.15079443522306166
45881,0.5042694896559299
45882,0.046030544737914264
45883,0.08284473100509365
45884,0.3402994296599522
45885,0.38563312202622485
45886,0.1256194695997118
45887,0.6965582273380021
45888,0.7217323271153504
45889,0.1363472252060654
45890,0.04525790086605987
45891,0.04795387933924905
45892,0.5403364101514511
45893,0.6584707143325639
45894,0.13594362390500228
45895,0.11044495504065814
45896,0.17987067897265063
45897,0.047380697032011664
45898,0.1503734705574354
45899,0.1831124255389183
45900,0.4741665850286415
45901,0.5040614020972788
45902,0.12277050078253185
45903,0.09805078988397793
45904,0.07840714553296406
45905,0.4593073067558397
45906,0.6342855075098084
45907,0.05757438826320706
45908,0.22012486505213152
45909,0.33651507946262144
45910,0.07759844346684021
45911,0.1622337317105931
45912,0.37068333129517134
45913,0.02259209883814231
45914,0.0799890379653548
45915,0.10914572933201169
45916,0.363617162736831
45917,0.4033760837856926
45918,0.04778501522503154
45919,0.19320331815160333
45920,0.42564765215839295
45921,0.3934393838795787
45922,0.11386317749662678
45923,0.06482716077854044
45924,0.1607819221531648
45925,0.5751927221240068
45926,0.08662046226834637
45927,0.25780861497144175
45928,0.7141823786460374
45929,0.6287455776613622
45930,0.12179897273453344
45931,0.3575608938477016
45932,0.043500258498894134
45933,0.2289523711877247
45934,0.17346271088419468
45935,0.16438604181445116
45936,0.22733869782527136
45937,0.09295020723222294
45938,0.11673476885676079
45939,0.27105025414629086
45940,0.07083252462558455
45941,0.0772946707762985
45942,0.06745641270470532
45943,0.1797804973580911
45944,0.03745309008205369
45945,0.6138328619631636
45946,0.14692049803310583
45947,0.15332946941953635
45948,0.5427829042513748
45949,0.09285680135467515
45950,0.6196550284115544
45951,0.09728409613904605
45952,0.14491638684318603
45953,0.08841974166771509
45954,0.37559265850539664
45955,0.09642492905070865
45956,0.3441597025844284
45957,0.17495567544778381
45958,0.7039187112627826
45959,0.09193124016258987
45960,0.3294943822792141
45961,0.6094058763600988
45962,0.13321471795337722
45963,0.03031026189376446
45964,0.21139706551708856
45965,0.07342901653596882
45966,0.08399326219896865
45967,0.11774321658025831
45968,0.19238678590434638
45969,0.15589356410726582
45970,0.19532245634198306
45971,0.3462267976880004
45972,0.11018921798994237
45973,0.11521355598414615
45974,0.1863549131385812
45975,0.4642116165988394
45976,0.08906279207065458
45977,0.7124782408850746
45978,0.05037395317093773
45979,0.08902837854636428
45980,0.5439842186235544
45981,0.6386176186642968
45982,0.6496584275918476
45983,0.10830010430098205
45984,0.09414945976583051
45985,0.6698442599986342
45986,0.8025403293393344
45987,0.03528287310304544
45988,0.09401975891924264
45989,0.20254273565402278
45990,0.04232924718111233
45991,0.17020196041441893
45992,0.05086913924047984
45993,0.7496244336175514
45994,0.0911652162404659
45995,0.1844654038848483
45996,0.28088084015337555
45997,0.639482284160005
45998,0.8300774498145642
45999,0.20260142355668578
46000,0.390334610258544
46001,0.21468913598010972
46002,0.19632057845121545
46003,0.11906811985649848
46004,0.11719137573487894
46005,0.1071106201006152
46006,0.09591687366129836
46007,0.5805087432769247
46008,0.1723237096763316
46009,0.11754444191209842
46010,0.3058984344072385
46011,0.32905887150495566
46012,0.38628106032682863
46013,0.17344674306626706
46014,0.06903949522042688
46015,0.1280274421799347
46016,0.11971561417595909
46017,0.055393615553500884
46018,0.47376312881732036
46019,0.3179040283244569
46020,0.07831940489614617
46021,0.18825734313041823
46022,0.3466234278839533
46023,0.11291608138808044
46024,0.15534960028100897
46025,0.11547679142475478
46026,0.3119725384946361
46027,0.3136581756261945
46028,0.06399972163609437
46029,0.08076256919580864
46030,0.33313290300158194
46031,0.03903223985804429
46032,0.4931874198693146
46033,0.3731134606147902
46034,0.11783036847447963
46035,0.03746017072016369
46036,0.14158251193065532
46037,0.046763177038771274
46038,0.1955354159926827
46039,0.08643194122426465
46040,0.12169066059487603
46041,0.0592055023384426
46042,0.025054238259695598
46043,0.6367698664050984
46044,0.3762067538313812
46045,0.10972619748146042
46046,0.06266930932087716
46047,0.6943463713681918
46048,0.25593722399421504
46049,0.20953750900021878
46050,0.488140733732466
46051,0.06369737494195882
46052,0.7629451202431937
46053,0.07322262116528301
46054,0.7503135151039598
46055,0.10486957535264356
46056,0.3646765542595522
46057,0.061147645391245294
46058,0.05711923064753698
46059,0.6919620038953451
46060,0.12630675925689291
46061,0.05218536135280229
46062,0.11653352200730147
46063,0.08413940301729653
46064,0.07310524143003755
46065,0.06438419673699707
46066,0.056888868296638175
46067,0.11809069898473169
46068,0.38909412971293456
46069,0.12622229491460177
46070,0.2332023406977369
46071,0.10455245704154013
46072,0.40497742282944016
46073,0.21004929526845856
46074,0.20151745119092304
46075,0.07206325076447677
46076,0.10796353342352728
46077,0.14422551353702712
46078,0.06663040178158312
46079,0.37613447716839443
46080,0.08656599739769555
46081,0.30839203436567947
46082,0.11075686643990698
46083,0.0670221056526557
46084,0.33140144290459084
46085,0.18913279540107686
46086,0.2227559434463445
46087,0.048382598799698626
46088,0.19793790482928966
46089,0.24662655411456536
46090,0.02628050661340322
46091,0.7478604951862587
46092,0.46569281806857665
46093,0.08740698699012976
46094,0.0853173580151271
46095,0.19631792755644048
46096,0.12756951773049638
46097,0.03906309478720176
46098,0.13515110019103754
46099,0.4330535616513739
46100,0.5263067429609146
46101,0.09364079930225896
46102,0.13060579398824992
46103,0.4622309797576159
46104,0.19677028521310136
46105,0.07827410910954671
46106,0.09411612722722927
46107,0.6175294648879922
46108,0.11347827099830053
46109,0.1851727899023005
46110,0.06654184921250492
46111,0.7268944859718477
46112,0.21930247774791045
46113,0.02096009666075444
46114,0.2102238906382941
46115,0.5044091646380794
46116,0.03290883396891378
46117,0.14504698005393388
46118,0.07815667837034525
46119,0.3442715663139907
46120,0.1471095029282257
46121,0.33218409143886246
46122,0.05062081173851098
46123,0.06314731678641444
46124,0.14312116711619133
46125,0.20905918210670715
46126,0.2275555433306855
46127,0.38579460570311486
46128,0.5752457134074095
46129,0.34351153648166455
46130,0.05415325933972882
46131,0.12523976980130586
46132,0.055375399133954915
46133,0.21515620617027678
46134,0.11390717752713847
46135,0.13746172626908915
46136,0.09580549337672174
46137,0.4471238852702326
46138,0.06794200013386459
46139,0.06600215878325433
46140,0.7585709369157944
46141,0.11822948012745774
46142,0.36357314218775916
46143,0.16238438418724133
46144,0.14947071203681866
46145,0.05878624878081421
46146,0.12071090187981767
46147,0.2807004031425611
46148,0.749342852209693
46149,0.10254807309594913
46150,0.6107402455540593
46151,0.049014165037456175
46152,0.08130951970053657
46153,0.12967770448157856
46154,0.17261797564085166
46155,0.6032927958263956
46156,0.06030435077772694
46157,0.1591949191014275
46158,0.4391241246778726
46159,0.28436359490618585
46160,0.28333905247171987
46161,0.0765935690427485
46162,0.0701909385110254
46163,0.04404357931264379
46164,0.16572317576893048
46165,0.2236563640310064
46166,0.07698496149797306
46167,0.40267049001019456
46168,0.07979481480942939
46169,0.07340243912552191
46170,0.633682696459151
46171,0.6348957020770397
46172,0.07680394798258966
46173,0.06970868331831212
46174,0.19450141990885442
46175,0.36753434575421123
46176,0.16001527079229053
46177,0.18228834143222056
46178,0.5455970013907261
46179,0.37450256401309095
46180,0.04457035114109578
46181,0.20827797359718941
46182,0.07357575208027875
46183,0.3243755895049753
46184,0.0919227213732328
46185,0.4436396687710292
46186,0.47911815878128805
46187,0.2734392188163183
46188,0.23519501462801098
46189,0.12440749660637314
46190,0.07662688013263923
46191,0.19478635076637443
46192,0.07329698576472303
46193,0.6082161891441541
46194,0.5511157097497864
46195,0.05140203335430323
46196,0.08171007237769107
46197,0.09972045284220853
46198,0.6648564879706439
46199,0.07288130977730872
46200,0.05494481024799113
46201,0.49657649706519974
46202,0.1339547013585798
46203,0.11218805369084565
46204,0.3490552631202574
46205,0.06569526014813394
46206,0.11693052325990347
46207,0.23587178258092403
46208,0.12274560145694272
46209,0.07263362103995134
46210,0.09535539003414889
46211,0.05370849568396687
46212,0.08619453895264681
46213,0.17650093991510957
46214,0.2427029165547081
46215,0.09973556036586544
46216,0.05383982344523833
46217,0.13700684422068776
46218,0.09051774875748132
46219,0.25311064618099605
46220,0.14610164407619108
46221,0.08271866953214255
46222,0.19228156890901116
46223,0.09749560565708078
46224,0.06657361567632458
46225,0.6624103709802065
46226,0.100091258892836
46227,0.05352861770202126
46228,0.1879947345411828
46229,0.12596945010890515
46230,0.05872626569961304
46231,0.2614712239366481
46232,0.0431998040591951
46233,0.09123950334770868
46234,0.20252158964962919
46235,0.5005588103477462
46236,0.2448149235956192
46237,0.5929419296262619
46238,0.19745851605956888
46239,0.4326894627190156
46240,0.3126691094421703
46241,0.06546722991580733
46242,0.11289768721060836
46243,0.056478287244416676
46244,0.16104568879969655
46245,0.2668488510368998
46246,0.25022573021900874
46247,0.08436865868813759
46248,0.07187749955822452
46249,0.07767143659676422
46250,0.21911650225413462
46251,0.4745953620364384
46252,0.4655178864990868
46253,0.09568996761212595
46254,0.11823344035834339
46255,0.0503438404275954
46256,0.09329419183645653
46257,0.34902945089480253
46258,0.18778282840357016
46259,0.17343563512383953
46260,0.08921549437256852
46261,0.40311572528941414
46262,0.6766404040768714
46263,0.26292966703743703
46264,0.0807051081247038
46265,0.7474839798855403
46266,0.2030230239753452
46267,0.2312328070712737
46268,0.26232928851579396
46269,0.06335733774114202
46270,0.07384726850962696
46271,0.19830154639707256
46272,0.05979748608761679
46273,0.07914254158807373
46274,0.6376876566456053
46275,0.2767615324785855
46276,0.16305924183597598
46277,0.4351454566152851
46278,0.13363339334382504
46279,0.21722249205108649
46280,0.051780383052355584
46281,0.40925733575557516
46282,0.29824325510418126
46283,0.07826552040504146
46284,0.07542220387741082
46285,0.5919355861220776
46286,0.1808930359240225
46287,0.18032969274413
46288,0.03325858971370045
46289,0.1808920005899257
46290,0.1337153872959439
46291,0.14269024897185262
46292,0.09494068575558756
46293,0.15677496182380024
46294,0.14835329067280079
46295,0.5323361119002114
46296,0.5010815560207587
46297,0.06627709790522848
46298,0.06361815814571699
46299,0.7476686738604731
46300,0.3336778322620332
46301,0.30348101601092464
46302,0.09453584121601241
46303,0.04397047783909441
46304,0.40619885397697875
46305,0.14289281797779954
46306,0.02575964040136893
46307,0.03801630797123135
46308,0.2126904940657103
46309,0.6704297865715003
46310,0.08751204465151753
46311,0.5250901642752441
46312,0.08969258748333157
46313,0.029908386291116928
46314,0.1698215477889667
46315,0.8263006151125997
46316,0.45148542548235515
46317,0.12651542076437935
46318,0.0347894880895066
46319,0.06431285408936487
46320,0.35128565062032213
46321,0.0847376012566005
46322,0.05822085077838164
46323,0.2272619463874688
46324,0.13917481617854974
46325,0.04253538939842308
46326,0.19316088996378702
46327,0.036600129180346136
46328,0.06407790607793222
46329,0.55378783086305
46330,0.07554819301399411
46331,0.20644119963349836
46332,0.25275385531398875
46333,0.18053558945895146
46334,0.043433858605422655
46335,0.10807970597700473
46336,0.36493242982565227
46337,0.05313726708346908
46338,0.24908771034957766
46339,0.511257853500313
46340,0.6894273616107921
46341,0.0686697841688532
46342,0.146757301087017
46343,0.1174536991996018
46344,0.6571197420678673
46345,0.04709547714441796
46346,0.5139145784492323
46347,0.10472568853229758
46348,0.4614271627753294
46349,0.6452326067392182
46350,0.17409222977214478
46351,0.09704245769435524
46352,0.06645164286577562
46353,0.4041639066189156
46354,0.4432106639565555
46355,0.1638316539140363
46356,0.13697670245213692
46357,0.1070591322431549
46358,0.10766522986313594
46359,0.160211922873658
46360,0.05171980472056634
46361,0.6057676000067201
46362,0.10702203407886363
46363,0.4934043339676646
46364,0.12380233442192512
46365,0.0970118124931668
46366,0.16043879151637372
46367,0.03868796494254875
46368,0.34109778770809257
46369,0.743195784562841
46370,0.3150669973385948
46371,0.04040399697801146
46372,0.05203035870653632
46373,0.20797107955013208
46374,0.1492336306635668
46375,0.03865094813781754
46376,0.07991436923910572
46377,0.6741394576017944
46378,0.23411737070415498
46379,0.049147353755288004
46380,0.05265452213244082
46381,0.08610277217655168
46382,0.17928494216729252
46383,0.7161586740651068
46384,0.4242504480264207
46385,0.0982243922166988
46386,0.12973848327305026
46387,0.0856219149143229
46388,0.3328437310969733
46389,0.430681351276064
46390,0.09508176199739984
46391,0.19401358624282355
46392,0.030578248437681494
46393,0.5787262836354379
46394,0.5066660770126522
46395,0.10156047503941718
46396,0.23385012287960702
46397,0.19075863798231502
46398,0.12789585879741258
46399,0.4739670067223028
46400,0.32537451702182313
46401,0.18737315104018235
46402,0.2839216351294084
46403,0.6573074251602229
46404,0.3788752946643458
46405,0.6536418396588001
46406,0.0433828983142678
46407,0.19116592528877474
46408,0.14874331935707794
46409,0.07829773920777243
46410,0.057983590607400735
46411,0.4119938743319356
46412,0.04800482891673577
46413,0.3276939474770855
46414,0.024021136851420783
46415,0.07448033199950986
46416,0.20715098890779363
46417,0.046363532312153705
46418,0.10843425950762156
46419,0.06910992638312365
46420,0.06460724769341285
46421,0.4254109557784593
46422,0.593828153386172
46423,0.3767668059628858
46424,0.0729944056022477
46425,0.7678240739324202
46426,0.48139398213097345
46427,0.06538341897593666
46428,0.1304297761647819
46429,0.15710278146520626
46430,0.07656685463609854
46431,0.049874950744893606
46432,0.6051658514626016
46433,0.17284626859358204
46434,0.46064364234075555
46435,0.10803401476355631
46436,0.04020188327752794
46437,0.12013336118983159
46438,0.5931300500985023
46439,0.2588817677071789
46440,0.2416829293728315
46441,0.05016522164967856
46442,0.46062409857008085
46443,0.15010979677141192
46444,0.05404220938353978
46445,0.2021840009052926
46446,0.09875445505317217
46447,0.1343447426511689
46448,0.17493597154520407
46449,0.04726307646670773
46450,0.09867633386442567
46451,0.3173987116308922
46452,0.3680697538284985
46453,0.13869212747998869
46454,0.10723750355818124
46455,0.05703585850390918
46456,0.05790477140802043
46457,0.1433610357404137
46458,0.20740986004081716
46459,0.24528279497788177
46460,0.5060514638999621
46461,0.2996391949975088
46462,0.14696824575450892
46463,0.32336145319710624
46464,0.0466874827126982
46465,0.13743861781061703
46466,0.2029182373904118
46467,0.20397459648649285
46468,0.07601398559787902
46469,0.08897493522732293
46470,0.12368038761846488
46471,0.09079653687473911
46472,0.07962861358610551
46473,0.66864050003016
46474,0.6509125306588658
46475,0.18637231003244464
46476,0.7669384413000564
46477,0.36104791535671976
46478,0.5339619574001093
46479,0.3250160139256237
46480,0.05056315292600206
46481,0.1520230589602708
46482,0.2092170831054958
46483,0.07697108518467237
46484,0.06879790043776426
46485,0.05818637670479005
46486,0.42861422785126774
46487,0.15766672785307345
46488,0.08123577832982015
46489,0.03315073141877229
46490,0.05582869373665974
46491,0.2529420675710944
46492,0.3166060702658855
46493,0.04061861832476518
46494,0.04171076193828522
46495,0.23215363090043734
46496,0.07913859534013196
46497,0.15079993053619947
46498,0.043717142123455524
46499,0.08000476639249902
46500,0.4729083755577801
46501,0.2418451783725376
46502,0.05125916571643746
46503,0.14030026365691423
46504,0.13169198028612117
46505,0.39510787384618495
46506,0.1507956571228804
46507,0.23623523453521525
46508,0.0643806494809324
46509,0.3056759564060961
46510,0.058853024277278475
46511,0.062139420291139454
46512,0.09210474715661938
46513,0.12164272929941725
46514,0.7823293533449942
46515,0.25409685946660904
46516,0.22556161284329562
46517,0.21447711598965985
46518,0.23281686783674174
46519,0.11652738756999981
46520,0.03388966294340018
46521,0.14379450400659533
46522,0.13268508024913034
46523,0.13326084295988136
46524,0.1330386393530855
46525,0.16254313192512576
46526,0.08120712434008288
46527,0.5848127255767394
46528,0.3969718633003829
46529,0.1504406056534043
46530,0.717974730846156
46531,0.32935404030920606
46532,0.42389477107758883
46533,0.1764533535737997
46534,0.10793325057426072
46535,0.09666159864143123
46536,0.32029639447897296
46537,0.055818335674222945
46538,0.026746272394097624
46539,0.15457338339804605
46540,0.22837201709775584
46541,0.05218771849342813
46542,0.11348602439970021
46543,0.1877377071337159
46544,0.43461826013964827
46545,0.4775895524047521
46546,0.09122598673053788
46547,0.48086643372480337
46548,0.23800007574413465
46549,0.2357847721277446
46550,0.07148462904463963
46551,0.25756292265073183
46552,0.1005972434880053
46553,0.09955551517042113
46554,0.4756252182204724
46555,0.0367264755319803
46556,0.4794860876459906
46557,0.07225747208852196
46558,0.19088840482913957
46559,0.1290654366658819
46560,0.05560590862342791
46561,0.1741595838137781
46562,0.10250337054519139
46563,0.6906427209078815
46564,0.387368565747039
46565,0.24139407011831637
46566,0.12171791978750815
46567,0.06153598531872645
46568,0.8297216547220247
46569,0.03705862894451711
46570,0.07959415861344196
46571,0.05592502491492264
46572,0.2480222962650754
46573,0.09539247461990427
46574,0.07983433393290727
46575,0.0587550914056081
46576,0.16806933407313016
46577,0.045808438883884556
46578,0.16336234971759214
46579,0.41592492294514327
46580,0.17091138395346778
46581,0.09808790046051713
46582,0.07228955407847572
46583,0.1012056063679519
46584,0.10758535989021537
46585,0.05070895628914045
46586,0.25772715792464335
46587,0.49389125801869294
46588,0.050507702172981485
46589,0.06041877013429005
46590,0.3669310512486068
46591,0.19392425699460963
46592,0.11876989779940743
46593,0.09030280457039559
46594,0.0876761245206991
46595,0.14081540581104707
46596,0.5690966688991933
46597,0.6815678690220487
46598,0.14100916283645132
46599,0.10599244432490756
46600,0.07949923205527668
46601,0.05693082913634079
46602,0.42409675620757153
46603,0.10663352125803525
46604,0.08036980666370921
46605,0.2088245087853997
46606,0.09342555126954381
46607,0.21558807316673437
46608,0.03826517527823471
46609,0.0853057172417337
46610,0.36879937185264
46611,0.08415867825031832
46612,0.045345884448841405
46613,0.10400460167976348
46614,0.0951672194641471
46615,0.32140356760930106
46616,0.04216367118744857
46617,0.14673145236578955
46618,0.6178638011311797
46619,0.07335190113892791
46620,0.15393352059186724
46621,0.03344964328427574
46622,0.6011713681780594
46623,0.18369127887876235
46624,0.14059286863560488
46625,0.07495669794113685
46626,0.6327282906887652
46627,0.4012877786471053
46628,0.1128601334153442
46629,0.23249621029156647
46630,0.502155023952577
46631,0.1018837478605816
46632,0.10053769633102771
46633,0.06705633765183452
46634,0.10485143907837559
46635,0.633528166116326
46636,0.057230881480099804
46637,0.08580075622816909
46638,0.037087511601722266
46639,0.11133051005111459
46640,0.5319004647058186
46641,0.09462653980828838
46642,0.24698304533826318
46643,0.09269421962309755
46644,0.04239968330451747
46645,0.5659413795611136
46646,0.18854334020940489
46647,0.1917063734219087
46648,0.45531869255074314
46649,0.09595970600873306
46650,0.23535401072171083
46651,0.027824044900487187
46652,0.04887809561085609
46653,0.04963436690058627
46654,0.4832227846768124
46655,0.08083322934775522
46656,0.13085706934206845
46657,0.08755070755379586
46658,0.09836631424756447
46659,0.16493373255435828
46660,0.07707941155930474
46661,0.11832281152669097
46662,0.03964472107087405
46663,0.288529271279716
46664,0.09816759185077088
46665,0.14908154304027285
46666,0.22039985956815808
46667,0.13703672794195534
46668,0.13677355245666586
46669,0.07549767907724082
46670,0.24705732071211728
46671,0.45304725053857026
46672,0.12709428325624145
46673,0.10717410202714435
46674,0.09290597331563322
46675,0.051042262985246147
46676,0.09670793405749388
46677,0.061499804688953386
46678,0.24294872838470455
46679,0.8547149538402433
46680,0.050341806211610704
46681,0.2543604055322679
46682,0.7704246513057881
46683,0.086001385573123
46684,0.09577711967725668
46685,0.2845008423819937
46686,0.15151203274255673
46687,0.20695251863174957
46688,0.14254508955041106
46689,0.04101091145694997
46690,0.7732152315962096
46691,0.11473708071219256
46692,0.17926470069620126
46693,0.05598928827531328
46694,0.08398772630223683
46695,0.19334957996952964
46696,0.2790333275382511
46697,0.16636862855081117
46698,0.08825134160211552
46699,0.10960090692942458
46700,0.29983578907487624
46701,0.0700177697542141
46702,0.06304184099966163
46703,0.47067382725693996
46704,0.45841880091633924
46705,0.7454116333487426
46706,0.09121218739483608
46707,0.1465404920154451
46708,0.09514638953855128
46709,0.2508129304450788
46710,0.11272257452384261
46711,0.22781413505932804
46712,0.3075749893393684
46713,0.049892202062961494
46714,0.15500262222405806
46715,0.5626676554813026
46716,0.23588951900151475
46717,0.16272258331736716
46718,0.21797176937180035
46719,0.054207103694998794
46720,0.1283317842647188
46721,0.10669641978877628
46722,0.12403832137037943
46723,0.07230760399145991
46724,0.08767075220344274
46725,0.3543022315500248
46726,0.7101343119808619
46727,0.09481380210097794
46728,0.15727156544992182
46729,0.09281606361583054
46730,0.07620291704759863
46731,0.07955201489669639
46732,0.21836944355205645
46733,0.03308587529993208
46734,0.13450599086227366
46735,0.059382397220490886
46736,0.04467598287980398
46737,0.026188612852514295
46738,0.378817047122172
46739,0.6649999814659974
46740,0.16730057090387968
46741,0.25109725853776044
46742,0.09945769934370353
46743,0.3745276113776207
46744,0.07454248232977935
46745,0.5391841399615714
46746,0.08391364874102725
46747,0.4296630269183748
46748,0.051290681526305656
46749,0.044808898210108444
46750,0.09007556567943445
46751,0.22065255516978388
46752,0.18696726023933016
46753,0.1861028043553257
46754,0.16225406313649102
46755,0.22511870586659882
46756,0.1917669294998695
46757,0.6905468208713618
46758,0.1669506370449734
46759,0.07001398030094284
46760,0.21915626292439508
46761,0.034514109403163906
46762,0.047607074340118134
46763,0.22272060947368066
46764,0.0698303754215312
46765,0.17153759653183842
46766,0.07763561207902248
46767,0.35716329908057964
46768,0.09095359919617317
46769,0.09535117665606319
46770,0.4175569717631237
46771,0.11260414357201576
46772,0.062062936725736415
46773,0.026837971962940674
46774,0.07747189415304521
46775,0.12070939603531047
46776,0.5581813906900769
46777,0.524364404771221
46778,0.09823282955462295
46779,0.15542911391795522
46780,0.43959772000788166
46781,0.5738947485592008
46782,0.0778567078528498
46783,0.09414234508213624
46784,0.05982180540980631
46785,0.08934198723714917
46786,0.05843079224350478
46787,0.2395011929560187
46788,0.33692719579319763
46789,0.1202565375812416
46790,0.4963730648841161
46791,0.04998454770047174
46792,0.08749132888371595
46793,0.05351264135168282
46794,0.1453753370085199
46795,0.35662558603444583
46796,0.09681974337136004
46797,0.10976996294663699
46798,0.08080504648495304
46799,0.488965088494154
46800,0.3050259136941257
46801,0.2173179245400456
46802,0.2057713463315498
46803,0.7038962065670847
46804,0.1372188629424359
46805,0.090561228372571
46806,0.15552545684756222
46807,0.5674076350892315
46808,0.04848896885611708
46809,0.5591998068638874
46810,0.1848770435909801
46811,0.2115370762653556
46812,0.07996312347102377
46813,0.045226822771034104
46814,0.20578891888250478
46815,0.189196736571804
46816,0.09774446102238799
46817,0.1503025871819383
46818,0.0812503456477073
46819,0.0922040051043277
46820,0.14301641966802417
46821,0.05728254338264161
46822,0.5308951847018921
46823,0.05065041110948818
46824,0.08386125824600021
46825,0.07059193880423915
46826,0.1135532445018653
46827,0.07451301613320373
46828,0.08766372927559744
46829,0.09384030001707706
46830,0.22966660276158526
46831,0.10246672104492752
46832,0.43459876003815795
46833,0.07639905652519859
46834,0.3597568625837681
46835,0.5895221814243166
46836,0.09445104524842582
46837,0.07755117642257606
46838,0.23659970483036194
46839,0.06843292120788738
46840,0.3842969816499131
46841,0.03155542647978764
46842,0.09073579208214486
46843,0.16891231086332803
46844,0.11570532261537449
46845,0.14094331045877034
46846,0.16420890811831457
46847,0.610230150561432
46848,0.19325244610925738
46849,0.19010453127517682
46850,0.5549616654252141
46851,0.4885296857539664
46852,0.2690788540488687
46853,0.13918439379787167
46854,0.07630330752223383
46855,0.11708233413352533
46856,0.19050571741769298
46857,0.11484496928239532
46858,0.07503518873977391
46859,0.0754707955539992
46860,0.22912610965165522
46861,0.09380023077508787
46862,0.12321205579585552
46863,0.10902857341565304
46864,0.04190388588608224
46865,0.24593214775670694
46866,0.17302148383409063
46867,0.08439685792666114
46868,0.3940103829024575
46869,0.06987728136589509
46870,0.16353949553073646
46871,0.11551971626161948
46872,0.042882883423542816
46873,0.07941415222824202
46874,0.0600593955917959
46875,0.4667825831255639
46876,0.09127294651098901
46877,0.04334606466741549
46878,0.07060431118628074
46879,0.7382939041867133
46880,0.19183666751117498
46881,0.2754937074333521
46882,0.1989245388605068
46883,0.0799120615454158
46884,0.050128937986646624
46885,0.069139789717149
46886,0.10147608551606592
46887,0.09636603016593669
46888,0.4747935100959616
46889,0.09191420162166501
46890,0.07184122070938899
46891,0.07483523048281437
46892,0.7150371031710392
46893,0.08042658152567364
46894,0.05004356751322927
46895,0.25628935110468637
46896,0.05174118471411229
46897,0.5281301438660381
46898,0.40417696929737995
46899,0.08655409960301863
46900,0.23803733578007444
46901,0.06998825543908416
46902,0.13439737942391464
46903,0.738233190423971
46904,0.05679734570704789
46905,0.06847561256891861
46906,0.0984771247725544
46907,0.07158678141402468
46908,0.08541165763380204
46909,0.09141607027191093
46910,0.12336009450870887
46911,0.20823552391353728
46912,0.0930784170220364
46913,0.14730345206706238
46914,0.27224053823160865
46915,0.42771742644312505
46916,0.08690962157686333
46917,0.37873819176321155
46918,0.05525604629357313
46919,0.18650305644871015
46920,0.20896290259929437
46921,0.19470959961191453
46922,0.15461740857062264
46923,0.06576414745579365
46924,0.2237118769838537
46925,0.14036501701034268
46926,0.10817025974175107
46927,0.03885879511977677
46928,0.10954390589677142
46929,0.11298784921046852
46930,0.09961629825757631
46931,0.10833982681069486
46932,0.2065225474427901
46933,0.43540623424025865
46934,0.08205530019594603
46935,0.09315576951541275
46936,0.1408422497110914
46937,0.06547061442102603
46938,0.043490736003486886
46939,0.3981817745241535
46940,0.04537548006724378
46941,0.16144432768662265
46942,0.1834640499923907
46943,0.5196609839428977
46944,0.40256059655375914
46945,0.028346636763470386
46946,0.08231886253603582
46947,0.5309932840381358
46948,0.29061676146232573
46949,0.050028399741034936
46950,0.32029754969294527
46951,0.04927938176181177
46952,0.10270725358668135
46953,0.28381693823918974
46954,0.1790053012588629
46955,0.033577113473122304
46956,0.6035212154785186
46957,0.5388602588686727
46958,0.4843826585554593
46959,0.027384347555327794
46960,0.0601061310479633
46961,0.10415303215969103
46962,0.07153339567006535
46963,0.3369980318564346
46964,0.12302671382185487
46965,0.10748432396600258
46966,0.2048873911729193
46967,0.19790925853121036
46968,0.7322896059293127
46969,0.06336968971323048
46970,0.05786780011459822
46971,0.1911589820255636
46972,0.7794472848968506
46973,0.44051590726336654
46974,0.42583043195435316
46975,0.07924631107868517
46976,0.20064393554129062
46977,0.112023948928223
46978,0.10135443515845555
46979,0.0416195478166083
46980,0.4192482677196746
46981,0.07145495674778402
46982,0.07091797615427381
46983,0.05263627160775133
46984,0.7839760691599901
46985,0.3518048029375132
46986,0.12717877405812675
46987,0.13096843502143374
46988,0.11677404891458103
46989,0.21512804772937397
46990,0.2279373758351835
46991,0.32001951321033667
46992,0.7040672325004027
46993,0.09384188481049653
46994,0.1100593285377957
46995,0.09708435220854525
46996,0.08522457905460312
46997,0.06121331682899374
46998,0.08471104195885681
46999,0.1180376128242096
47000,0.22729762270666123
47001,0.10425892641815297
47002,0.23097635233670347
47003,0.03452914435113629
47004,0.09957044468622307
47005,0.08642531290212181
47006,0.05175218172303479
47007,0.04488965900048468
47008,0.14731043153496948
47009,0.12014860273779583
47010,0.09431725523115064
47011,0.09150620790184237
47012,0.07045320007926063
47013,0.2969335124945966
47014,0.3450549601104278
47015,0.1966549534425152
47016,0.4107402864129367
47017,0.08736112883064254
47018,0.45714415949131176
47019,0.16601498994566324
47020,0.12197305971899898
47021,0.20129782538661
47022,0.09586826738914146
47023,0.06245564556294944
47024,0.13547711965961898
47025,0.3962688850361553
47026,0.1289301658213215
47027,0.1069744919859783
47028,0.21382819173445133
47029,0.6214685496357027
47030,0.09178017403604366
47031,0.11625413109678234
47032,0.2107111588749789
47033,0.05776407318385035
47034,0.27891992717271
47035,0.17311343898363904
47036,0.09793554262051408
47037,0.3697954941215454
47038,0.048516440761106644
47039,0.04652072519709016
47040,0.4399476222600225
47041,0.30820797818447765
47042,0.043546623406552444
47043,0.3078586813027437
47044,0.07553345460737837
47045,0.08597099538717755
47046,0.07220411699474556
47047,0.0943769088998288
47048,0.4677796133589446
47049,0.0854076372581856
47050,0.22128646922662165
47051,0.15123417114173057
47052,0.5067063695727743
47053,0.04736497755896225
47054,0.15341732992404694
47055,0.30116965130386103
47056,0.06531156978569296
47057,0.6239730073521669
47058,0.3695908723597759
47059,0.06692655070347667
47060,0.44067653627350317
47061,0.18158084325887797
47062,0.18299936487417107
47063,0.10869034620311598
47064,0.16974203782415423
47065,0.09721107612739696
47066,0.6032734196369243
47067,0.05817532339884346
47068,0.3963111038209031
47069,0.13266963852033453
47070,0.1849211848231667
47071,0.6709481215806347
47072,0.07014334985809186
47073,0.25099888133610077
47074,0.48871402072696424
47075,0.400039914812561
47076,0.18609872600625016
47077,0.17678091463629375
47078,0.44178344568546996
47079,0.04520748710284859
47080,0.13552726912472585
47081,0.020124089673587593
47082,0.7014715836131458
47083,0.11013839952233355
47084,0.1536696842179539
47085,0.691082858963434
47086,0.5863104713532187
47087,0.061332288234731656
47088,0.12121947270799834
47089,0.1869341196166254
47090,0.14673783169219978
47091,0.10422168557500551
47092,0.06415506216951776
47093,0.2539845588016864
47094,0.4031511654850005
47095,0.3787034164731328
47096,0.18379010774318452
47097,0.08160320371673914
47098,0.2206323119323241
47099,0.09577316860246188
47100,0.21825799076893948
47101,0.08308541185570133
47102,0.09567919357044447
47103,0.23151825128376424
47104,0.07109667496163558
47105,0.034633210232342504
47106,0.0921873767235855
47107,0.20401544668266336
47108,0.09877057079401866
47109,0.12523252764035447
47110,0.2705742666526293
47111,0.10213264326698805
47112,0.2121583166878631
47113,0.1906727942147487
47114,0.05493551017341268
47115,0.05729263347199627
47116,0.1131074391073492
47117,0.19550375299785255
47118,0.11712415204840501
47119,0.08860581158601383
47120,0.05638169349880863
47121,0.3333329638951007
47122,0.13207874437619657
47123,0.07085717464688246
47124,0.15186240880649143
47125,0.6342816263590882
47126,0.14445790407642473
47127,0.04660606812971826
47128,0.3909585514469457
47129,0.07171836422959695
47130,0.12668538583239328
47131,0.10962609442080454
47132,0.3433497300159258
47133,0.058360339187246035
47134,0.12832014511938142
47135,0.26511886057784906
47136,0.39690962701420873
47137,0.08950537466244635
47138,0.5361336599965728
47139,0.1102645183673593
47140,0.08618684965502418
47141,0.1085469827819098
47142,0.176013052238202
47143,0.13164893955717555
47144,0.041841663262919555
47145,0.12347946706472887
47146,0.11324425318372838
47147,0.047911954959650636
47148,0.13316274406371997
47149,0.19522826189699152
47150,0.7529463401916836
47151,0.42266603555007864
47152,0.09610278722153541
47153,0.042328786340512146
47154,0.26805097579516274
47155,0.067806164527392
47156,0.4097301727144874
47157,0.059562590400820785
47158,0.28597038628000554
47159,0.6691372300027497
47160,0.12532987711963545
47161,0.09697063127210799
47162,0.3819903449958945
47163,0.08508441371848716
47164,0.23987146037346296
47165,0.05702952698327357
47166,0.2804190667776187
47167,0.22992938392137888
47168,0.10179366295498175
47169,0.12422016645019977
47170,0.11796878795951635
47171,0.4016992228360383
47172,0.30735219992431406
47173,0.11449458605390116
47174,0.06392681248699285
47175,0.04386645659470002
47176,0.14539408831551612
47177,0.03771350468747415
47178,0.2161256065805108
47179,0.12957609976709966
47180,0.34983292565811347
47181,0.08807013340636935
47182,0.04220122647411481
47183,0.04245785893408868
47184,0.18863636655899385
47185,0.6377877992736046
47186,0.26411030502170124
47187,0.09930816768135987
47188,0.10687362408849511
47189,0.15112942149955758
47190,0.07962320031167204
47191,0.08508759264422046
47192,0.10263556739294769
47193,0.06075725787317205
47194,0.4749578427088294
47195,0.28652427918712625
47196,0.3307013894958804
47197,0.0650124097363049
47198,0.47460970884445375
47199,0.09998192663473705
47200,0.053784855720480446
47201,0.11669678434904365
47202,0.3845480657157731
47203,0.13506812056863385
47204,0.5237257680545434
47205,0.049076117585698714
47206,0.1292778018111153
47207,0.5422175589903062
47208,0.27575176370559173
47209,0.6818491771032289
47210,0.23031547620975548
47211,0.2065681170806049
47212,0.16052157248818127
47213,0.058394006866173104
47214,0.1067299375637658
47215,0.5052280410143246
47216,0.09901006505774829
47217,0.5611293965122723
47218,0.10472836205760054
47219,0.037058636019213304
47220,0.042103079525855604
47221,0.3424392236069979
47222,0.4930937148110314
47223,0.5223995578433472
47224,0.16127132354630588
47225,0.19430484004038626
47226,0.04915271453130408
47227,0.06395358135112199
47228,0.2226607981940569
47229,0.09010766003112425
47230,0.45561859020325574
47231,0.4472519861873123
47232,0.33964283671880674
47233,0.4046667752082537
47234,0.08089192761867045
47235,0.05988425053882107
47236,0.17637418071376948
47237,0.38602781372741196
47238,0.27059757867218037
47239,0.5222911520686911
47240,0.30931600742916215
47241,0.35901272914119
47242,0.44919265925236385
47243,0.07534978447523227
47244,0.2669146591644964
47245,0.3916703470626109
47246,0.145143427375434
47247,0.04434597752582043
47248,0.07030166895765921
47249,0.1516114959140505
47250,0.10347614126259003
47251,0.3495542876943445
47252,0.4151338077669484
47253,0.09569300118228
47254,0.1520151396898425
47255,0.5251668813462639
47256,0.0718819139522518
47257,0.10678122946560975
47258,0.22272653494678896
47259,0.04521717317011277
47260,0.45638677137194605
47261,0.04192932493336943
47262,0.09547599236970988
47263,0.1956121751696096
47264,0.09604084607672422
47265,0.05438529278231961
47266,0.11781262736774496
47267,0.04879037036472201
47268,0.03240558693942853
47269,0.1531128221249613
47270,0.041071718889000054
47271,0.11169511876192426
47272,0.10707485742486939
47273,0.18799785438997588
47274,0.1044791806840283
47275,0.24895147181627314
47276,0.6667873548358905
47277,0.4093171238531981
47278,0.025686532795972716
47279,0.5062252592255142
47280,0.040576996871160974
47281,0.36162973491972683
47282,0.21228358164469674
47283,0.06801354526831187
47284,0.027859026550953535
47285,0.16942349657892297
47286,0.131540929446712
47287,0.08820697345119699
47288,0.5765578438388584
47289,0.6824880204318907
47290,0.6607739171285603
47291,0.09846763550190527
47292,0.36610307516582674
47293,0.30005268843577965
47294,0.18301268910743324
47295,0.10229313627864123
47296,0.09690078994702254
47297,0.15036026697902377
47298,0.1695042199576866
47299,0.2107645073090708
47300,0.07951848826219705
47301,0.2222635467004812
47302,0.14769609338287618
47303,0.08780404372211667
47304,0.5606765942952386
47305,0.09122398952015828
47306,0.23072264632202152
47307,0.2652589769875854
47308,0.04963812782795475
47309,0.20435588680796882
47310,0.17222104551875614
47311,0.037563066042377975
47312,0.4989941072136841
47313,0.03548097549543836
47314,0.05446328177658579
47315,0.1477391028800776
47316,0.10404745912574542
47317,0.07887365978652952
47318,0.06682132322942293
47319,0.6261769858076388
47320,0.08539034122119772
47321,0.05930718259493246
47322,0.14822667752476296
47323,0.07717647830939783
47324,0.059957798586817726
47325,0.03033373839459688
47326,0.4173493108888735
47327,0.04046227791478834
47328,0.08889062063528853
47329,0.10038953681370458
47330,0.3610728261411588
47331,0.06995153262787307
47332,0.15629816210702205
47333,0.0728303436629151
47334,0.05795385057734522
47335,0.1740721616858509
47336,0.39406192562374653
47337,0.1534342635362087
47338,0.5045558563920505
47339,0.05451669980997135
47340,0.443579571057422
47341,0.11395736050236766
47342,0.67332844566182
47343,0.08640906888479606
47344,0.19579983535895637
47345,0.0853688457443898
47346,0.24335195926218678
47347,0.16214361592948903
47348,0.09913205858725103
47349,0.08012821832419807
47350,0.17959946586643516
47351,0.06516962711488117
47352,0.14521304686636413
47353,0.1349963502553303
47354,0.782055287263437
47355,0.194835520293851
47356,0.553870237814097
47357,0.12696795396064245
47358,0.5479763585469555
47359,0.09678396770814224
47360,0.07757300322719475
47361,0.1541293506165367
47362,0.08369008278279909
47363,0.0962220534431781
47364,0.4675753175394567
47365,0.2152635388741678
47366,0.0608671590231925
47367,0.5272694551180755
47368,0.2668578179653968
47369,0.06542290515698225
47370,0.11357844815040266
47371,0.12351141406001283
47372,0.20710501614433055
47373,0.34830132243594364
47374,0.04027944985148798
47375,0.06811863248590712
47376,0.09080801080721115
47377,0.1641240186175199
47378,0.42336093559871124
47379,0.18191998499772818
47380,0.14334377077609933
47381,0.08942410501321596
47382,0.05362676407476421
47383,0.4974730675744257
47384,0.12645462817639205
47385,0.06688734905418521
47386,0.4862314012856567
47387,0.11296712578984809
47388,0.1855765050545104
47389,0.15642496578140694
47390,0.0369118850724578
47391,0.504364490287881
47392,0.06502708646030217
47393,0.1598109378648216
47394,0.07591233854567818
47395,0.4658953233535478
47396,0.5648954906278092
47397,0.37413388339020903
47398,0.3835104718608745
47399,0.23843438949390455
47400,0.21180642616365802
47401,0.03640897549225622
47402,0.07918829484931322
47403,0.08856608022780342
47404,0.05294839013733168
47405,0.05979742778705417
47406,0.08838304305067617
47407,0.36367254403320987
47408,0.16000558038330412
47409,0.5005702152668604
47410,0.14459265695734444
47411,0.18352208676425896
47412,0.09569484314519042
47413,0.02441566017007899
47414,0.09596143129622857
47415,0.2750942794471942
47416,0.09274049437232768
47417,0.0754178420224857
47418,0.03870748295119892
47419,0.7099676839154528
47420,0.06365124653025735
47421,0.059639561319593755
47422,0.09126161310919616
47423,0.5449402694157808
47424,0.574691747841895
47425,0.28264405145942034
47426,0.05972119843331946
47427,0.47724772319834735
47428,0.7380866420007274
47429,0.06707936978592918
47430,0.042148832379784486
47431,0.12376352986613748
47432,0.06415297204882592
47433,0.4523271371229135
47434,0.09034704278905653
47435,0.09383337062059642
47436,0.07137760354415178
47437,0.2307761787571821
47438,0.18154755097574804
47439,0.08037538856346851
47440,0.08288734955176158
47441,0.07988992382814768
47442,0.09711474058930665
47443,0.43990776648680063
47444,0.057738383940404175
47445,0.06573786918176262
47446,0.04867315093383211
47447,0.057406808246861424
47448,0.046587384183139666
47449,0.13841012421257115
47450,0.12909386196906283
47451,0.16772528777931675
47452,0.10879414322724693
47453,0.6942090335189545
47454,0.28676102086069516
47455,0.1897156914678117
47456,0.14259611562991556
47457,0.3930505227802371
47458,0.05811981514307632
47459,0.6332616609235999
47460,0.1369836962254913
47461,0.21390870768849307
47462,0.06320143238580066
47463,0.10018018838301777
47464,0.06398783549429585
47465,0.4203513676546852
47466,0.2740701744911912
47467,0.5325972086961199
47468,0.4122279968132398
47469,0.15339856043682354
47470,0.29042422782775396
47471,0.4574535264656514
47472,0.19635622886262066
47473,0.07303100431895498
47474,0.15772324869415325
47475,0.04430173506522361
47476,0.5418621366433509
47477,0.359384213722845
47478,0.10833163409183055
47479,0.14972377851399662
47480,0.13652100149097499
47481,0.04288833977099944
47482,0.14158739677613832
47483,0.7188139527904529
47484,0.05544530391029818
47485,0.10207000591949059
47486,0.0809299079959914
47487,0.4230704852013252
47488,0.15815772707922532
47489,0.12034630158914152
47490,0.05234906933089214
47491,0.2172118984298609
47492,0.46502004405821756
47493,0.07138236312202574
47494,0.24326956327981009
47495,0.07397862179107305
47496,0.06619526244089617
47497,0.24293290997592767
47498,0.09992788660974371
47499,0.6832192347660148
47500,0.14429372695462467
47501,0.23597727011196212
47502,0.10070122660289459
47503,0.13153943029618795
47504,0.28774461893606695
47505,0.15377108982361423
47506,0.05993886141129129
47507,0.06991281565735677
47508,0.2103599095527979
47509,0.06807953756066629
47510,0.13970075805956023
47511,0.4287819386619938
47512,0.44278185811252124
47513,0.04428805592608236
47514,0.11045218474364463
47515,0.09187256702725088
47516,0.4523787705973805
47517,0.07637244040064067
47518,0.17483526485617815
47519,0.4237164753631582
47520,0.3248406661148104
47521,0.07193084934779372
47522,0.20650411095687946
47523,0.20777986113386174
47524,0.46094424467099476
47525,0.1103698554625397
47526,0.07212269788549176
47527,0.44100403265422067
47528,0.07744451756565818
47529,0.09228241166612997
47530,0.09466087876711547
47531,0.1865670114459446
47532,0.127729070930486
47533,0.1068706983377926
47534,0.10515561996449486
47535,0.35979969500818104
47536,0.2383345312755434
47537,0.07926045132573264
47538,0.5592479743776437
47539,0.8451021599064796
47540,0.09699001159570322
47541,0.0288841023464493
47542,0.6630362237066885
47543,0.05699447300958005
47544,0.10440928020048046
47545,0.28588433276826547
47546,0.1168010257391662
47547,0.19951916550284032
47548,0.049432338610280874
47549,0.09066132934503003
47550,0.06638726669950848
47551,0.2464976674414413
47552,0.12786831488789935
47553,0.08967246305869747
47554,0.5024813285192344
47555,0.12300986567113137
47556,0.04759148233856853
47557,0.07033715199293923
47558,0.5751301505822517
47559,0.777470633574155
47560,0.22367470323292854
47561,0.16038174407673988
47562,0.0804635262047647
47563,0.06336435043506843
47564,0.07328482773002402
47565,0.22006999342980416
47566,0.5117956159538025
47567,0.15579492444696097
47568,0.05473074122321177
47569,0.25051792323902544
47570,0.04110484997823641
47571,0.43727735910273346
47572,0.6112791080562131
47573,0.2668479637687114
47574,0.28986168754267005
47575,0.07546490428470481
47576,0.07536634016219995
47577,0.18420628081813462
47578,0.0715197695954318
47579,0.13488248847700693
47580,0.09010875062045785
47581,0.14302472241868136
47582,0.23909447830481162
47583,0.09359817561546699
47584,0.32472189613273167
47585,0.11257932202222448
47586,0.33926116278149365
47587,0.6548162009405157
47588,0.08571676625013308
47589,0.46551864764300926
47590,0.08170895068172128
47591,0.05352204082946947
47592,0.056929987987878974
47593,0.08584086747141152
47594,0.08067974706734543
47595,0.07895669429182735
47596,0.3862728140920633
47597,0.13949506576276444
47598,0.07726889323210728
47599,0.07876004841609423
47600,0.09048585302394573
47601,0.09420827142815236
47602,0.1806357866284056
47603,0.19871165230056617
47604,0.08726738354673194
47605,0.054302561390887016
47606,0.19542319482238313
47607,0.02689269344647162
47608,0.5310459008261763
47609,0.2432145527109107
47610,0.16863142946100715
47611,0.14868897075796414
47612,0.08202365959250871
47613,0.6934636744556394
47614,0.15636026806324846
47615,0.5985720297777843
47616,0.08257408672900945
47617,0.1956621396214899
47618,0.11574475151242436
47619,0.07700044688518212
47620,0.08922042981030115
47621,0.11748351364881046
47622,0.31782257818715104
47623,0.09328900483923583
47624,0.07591929668692447
47625,0.023871145625709193
47626,0.07587362239783481
47627,0.368436783930713
47628,0.2058531628297528
47629,0.1645574631851408
47630,0.05242455312671761
47631,0.06592477387815657
47632,0.7177224674965704
47633,0.10110539861205016
47634,0.07726391069066432
47635,0.04077675728257092
47636,0.5389976479263809
47637,0.1392954029782404
47638,0.12263275304004506
47639,0.1286044862508019
47640,0.3206847317209883
47641,0.19666353253897406
47642,0.06480234938475798
47643,0.1695044375302215
47644,0.22976321375302475
47645,0.4003520200515211
47646,0.3812765512240655
47647,0.12283461430589253
47648,0.12691500628233818
47649,0.08726524789208029
47650,0.6259768748185843
47651,0.06267481008428488
47652,0.15829539009635787
47653,0.4780388145013409
47654,0.09180354338646271
47655,0.10140206096132114
47656,0.22111163630112046
47657,0.1975033704808049
47658,0.5148981233131424
47659,0.12389010610718532
47660,0.21441251167207453
47661,0.45636668224407184
47662,0.029767958036141174
47663,0.09891889935573041
47664,0.07692706314937062
47665,0.07030661988579738
47666,0.6350286678481627
47667,0.08966587328887199
47668,0.5049309718722139
47669,0.1681724938313034
47670,0.4089089140140514
47671,0.13009100842110236
47672,0.07548946615144579
47673,0.19900634628101405
47674,0.20818616342925914
47675,0.09439769494132635
47676,0.4916950786177047
47677,0.22972645734548308
47678,0.10137842298045373
47679,0.45006344477756177
47680,0.3035292619991068
47681,0.06518240770271452
47682,0.7443388694608669
47683,0.02964208128817143
47684,0.3643468906044982
47685,0.1221951209167301
47686,0.035571296963806294
47687,0.30753305059821257
47688,0.562901721681586
47689,0.12802400444789894
47690,0.022670059974105098
47691,0.18234150288058218
47692,0.18316966870777912
47693,0.21792363612712876
47694,0.08550990125504176
47695,0.08401764864983312
47696,0.05182698748006697
47697,0.03615881400944714
47698,0.058278534202138486
47699,0.5193969107535781
47700,0.12083565885839481
47701,0.09652019503886834
47702,0.061028568473290946
47703,0.05397645036611163
47704,0.09354344871787813
47705,0.07736457515920883
47706,0.32543023253021397
47707,0.11844899299486648
47708,0.08244802708357354
47709,0.3090682307777026
47710,0.07619378401715683
47711,0.06258591589685004
47712,0.1228438779819029
47713,0.3283837789290537
47714,0.3035117045668987
47715,0.1668109127588401
47716,0.1298076242831525
47717,0.14643830239995403
47718,0.3904647223505918
47719,0.08027285852697126
47720,0.12669172750809402
47721,0.3030077522638915
47722,0.6185344700112503
47723,0.22006479193590142
47724,0.2060398482409145
47725,0.2531109669191495
47726,0.07303847639742132
47727,0.26840764563134234
47728,0.12966025035903853
47729,0.4978456896821737
47730,0.08616432484590529
47731,0.06543577667689704
47732,0.40416293858809527
47733,0.34519458754078364
47734,0.17298808669641835
47735,0.0829122988432628
47736,0.06451425850162408
47737,0.11795480417393975
47738,0.08106633094415744
47739,0.3773671933673776
47740,0.08368441667739204
47741,0.4288943063813224
47742,0.09322737009636002
47743,0.0863259690079999
47744,0.316585173629564
47745,0.32916774239408036
47746,0.45290180942728075
47747,0.5635504178149539
47748,0.7749344111581454
47749,0.08140470955787578
47750,0.3270974236305863
47751,0.6622231788770451
47752,0.4913814161961697
47753,0.0664697778055781
47754,0.3653746422692015
47755,0.10682017606308877
47756,0.4941483207055618
47757,0.15093964740392246
47758,0.3726787510243203
47759,0.08750850024811385
47760,0.05740583523989558
47761,0.17557535245608427
47762,0.06787819053696344
47763,0.20915546477659844
47764,0.06145752634309718
47765,0.20296473995338174
47766,0.3107306308286762
47767,0.1082667807439862
47768,0.3030993462117053
47769,0.20803770199283847
47770,0.48652483789205747
47771,0.11543517034471011
47772,0.1023235105222444
47773,0.053781391417355676
47774,0.034286748544692804
47775,0.07930232197256351
47776,0.5799386996631064
47777,0.07373255491809011
47778,0.0680279198767127
47779,0.1600815695296958
47780,0.4773088641374098
47781,0.056709323650324335
47782,0.1393427574841419
47783,0.24333395826172127
47784,0.07904227256125836
47785,0.09991342024062937
47786,0.20561991666570367
47787,0.09556744366856626
47788,0.07307699337141559
47789,0.5513440737800845
47790,0.10758111959183936
47791,0.37078586618006476
47792,0.05291511845707367
47793,0.11775329115774284
47794,0.1322801975559336
47795,0.10092911526328707
47796,0.11423401214314562
47797,0.27704745957704263
47798,0.21020932107956655
47799,0.0730181562898259
47800,0.0804466612034914
47801,0.08741063903921169
47802,0.3862663514496711
47803,0.08079018693537009
47804,0.24956619817075942
47805,0.10667817235704415
47806,0.031012413020471634
47807,0.37794163891602744
47808,0.20562759331764185
47809,0.783296451435558
47810,0.1483306039433207
47811,0.5048357723530602
47812,0.06560438656417238
47813,0.09707230431152174
47814,0.0635140687452093
47815,0.15015014452036157
47816,0.34641927663960953
47817,0.029770931994002107
47818,0.10774026070009476
47819,0.6026352078223994
47820,0.05902261207739432
47821,0.5812069872796025
47822,0.12533724775190225
47823,0.1826025144931464
47824,0.10390247156082395
47825,0.06531204790770238
47826,0.25414625039512195
47827,0.631851899317527
47828,0.10828528469208741
47829,0.046803671601370604
47830,0.044457079686592224
47831,0.08399229907840552
47832,0.04577475578373736
47833,0.20617784420434823
47834,0.07743952474880081
47835,0.04797501341527691
47836,0.14082990227522826
47837,0.11655487679397285
47838,0.04899191752750852
47839,0.07613117982428076
47840,0.11556654814845341
47841,0.0599163437988778
47842,0.09853436366428034
47843,0.21135153158518766
47844,0.40560383914121917
47845,0.23469197075746084
47846,0.1108796613794375
47847,0.7031396824760805
47848,0.24513891653249614
47849,0.03662563774747697
47850,0.2441487185000406
47851,0.659118692383344
47852,0.0485737750497608
47853,0.7275659656633735
47854,0.16080285322633345
47855,0.059720247877482875
47856,0.03992146755935565
47857,0.5170028683964174
47858,0.21859712388522146
47859,0.24495657680971406
47860,0.07401137482812285
47861,0.02860255911726501
47862,0.040957915513377255
47863,0.08763787282085955
47864,0.042150248014888106
47865,0.45920798217776365
47866,0.08261547241935542
47867,0.0814060561255811
47868,0.09146999923257669
47869,0.1966278637421356
47870,0.09231292186150447
47871,0.23153522689351225
47872,0.493967645389668
47873,0.058236566069481646
47874,0.10846295412581973
47875,0.1704879739687254
47876,0.13760961146247977
47877,0.05297840615421273
47878,0.02691355356369608
47879,0.3902583875996162
47880,0.08395038152741599
47881,0.07652290139612167
47882,0.40289401195795316
47883,0.06259404880333576
47884,0.18237548848055626
47885,0.1218302174526771
47886,0.08663863503308612
47887,0.08766382782296905
47888,0.1657944308024879
47889,0.08893026771723628
47890,0.23035834938051855
47891,0.09661326494901652
47892,0.32303795400654245
47893,0.0565469493081824
47894,0.035837201093647714
47895,0.08088699868157855
47896,0.050622681084838604
47897,0.1264165495987769
47898,0.2092125074280052
47899,0.1258458747970974
47900,0.08564593202743977
47901,0.14328110733732008
47902,0.07304734708170281
47903,0.39163904315695564
47904,0.10035546040107715
47905,0.39638038568887757
47906,0.10775579347857085
47907,0.11485776516758937
47908,0.46644070518197944
47909,0.3733504064840279
47910,0.2555198216080568
47911,0.16089255895805246
47912,0.09672497295444131
47913,0.11318874633724078
47914,0.08920724867778183
47915,0.06738966894698355
47916,0.18080112936973727
47917,0.23214517674582164
47918,0.06792791192275446
47919,0.114728262477078
47920,0.14001957679744334
47921,0.048058506571674375
47922,0.08017424577955906
47923,0.12294631561753121
47924,0.16329630596907777
47925,0.1003993409157206
47926,0.10142815262861696
47927,0.08959465918896216
47928,0.7882969765989424
47929,0.15108504024102715
47930,0.1177335503358071
47931,0.04274213229870638
47932,0.06406496950378626
47933,0.07232814004741804
47934,0.058808645375435224
47935,0.6295415331517414
47936,0.6242065790876355
47937,0.5632104404839539
47938,0.08375012069065504
47939,0.2856941528586413
47940,0.47903498173185766
47941,0.10828407952222892
47942,0.08578681339388054
47943,0.14738346261989702
47944,0.2113580140084009
47945,0.1822109351733585
47946,0.6914784954446348
47947,0.10779429657099082
47948,0.10833776886686733
47949,0.22074158049348072
47950,0.7149092516642462
47951,0.04634456009517726
47952,0.053142940754628484
47953,0.09890703315108564
47954,0.13803400178449593
47955,0.30984576498385896
47956,0.6815145520108783
47957,0.11451828372972367
47958,0.1616101289706571
47959,0.2182167409351735
47960,0.08601275625108816
47961,0.5760223119033626
47962,0.18063537234249305
47963,0.10495423005106434
47964,0.08822171558202886
47965,0.3520418330529464
47966,0.0895559397817077
47967,0.05721763903734192
47968,0.13462075985905195
47969,0.06333776855576286
47970,0.09290859712590682
47971,0.1835430880156001
47972,0.04575167312676434
47973,0.09897750495346541
47974,0.19796579120485933
47975,0.11234296895718598
47976,0.06657139683106973
47977,0.25742538915649993
47978,0.05997392983174111
47979,0.04054435268533851
47980,0.5807140481650779
47981,0.10269881627142803
47982,0.06569625389466607
47983,0.04174960856637631
47984,0.04859027736621385
47985,0.04176329936706032
47986,0.058188245643817756
47987,0.028363451641401756
47988,0.7022543711608253
47989,0.07632737558263081
47990,0.22383359390006485
47991,0.35591433814917495
47992,0.33099162622068634
47993,0.11821307291614103
47994,0.46404402889589247
47995,0.43881569956759314
47996,0.710569961373578
47997,0.024123685135099167
47998,0.7494066919044662
47999,0.17520068712329662
48000,0.2333744386071182
48001,0.295889797213866
48002,0.2706710161206248
48003,0.09961150003244741
48004,0.20754642048936098
48005,0.26183009301454735
48006,0.13567134234944359
48007,0.18683012570807075
48008,0.4110147710810163
48009,0.128125856528125
48010,0.2221956599965319
48011,0.14080712720843813
48012,0.5531341923456572
48013,0.16704120402830228
48014,0.4223447417707459
48015,0.0805689350032077
48016,0.11959492527521152
48017,0.04267677481653617
48018,0.4664079946840968
48019,0.3905194705697121
48020,0.2259549862781571
48021,0.12076124002024378
48022,0.08459354549714483
48023,0.08321584349918695
48024,0.10966662296872393
48025,0.06735617691027111
48026,0.16383381305298358
48027,0.11841632797858681
48028,0.04820355847857388
48029,0.0955653206364214
48030,0.4613674013545086
48031,0.06466752296423765
48032,0.08275853111141135
48033,0.03250498178054964
48034,0.12261410817861879
48035,0.06207177523387391
48036,0.03824547303811377
48037,0.08429118116932499
48038,0.3223582433477661
48039,0.10516491537227013
48040,0.25379013478226997
48041,0.3792652489365426
48042,0.03289068650321987
48043,0.14876136642307236
48044,0.48138568355001893
48045,0.16739974870460678
48046,0.13832594888747618
48047,0.0886517308404141
48048,0.12296148853105905
48049,0.0692426490349869
48050,0.18273754356514527
48051,0.11748917314484464
48052,0.05100350827080426
48053,0.5811851490688646
48054,0.28421965978694125
48055,0.12391188905089442
48056,0.42227830094917146
48057,0.04646681496597625
48058,0.07725833897709831
48059,0.22819389041487725
48060,0.6651687331874723
48061,0.0964003135285254
48062,0.22540463168127967
48063,0.10887236048209592
48064,0.10164054461121254
48065,0.037734815533184675
48066,0.06257139008916908
48067,0.056069941674001575
48068,0.6171359532639668
48069,0.48103100360813045
48070,0.08108670509528489
48071,0.2630501567406786
48072,0.04454717403966455
48073,0.27342014394801756
48074,0.555818860566829
48075,0.10760174959339203
48076,0.5148938684359734
48077,0.1003060558929453
48078,0.03977110664901659
48079,0.08273811478626128
48080,0.08881052298678262
48081,0.20450445819350144
48082,0.16435980311032294
48083,0.12472671112062843
48084,0.4687030348978425
48085,0.06626051895249584
48086,0.04185411825066658
48087,0.12269407136859445
48088,0.0502203877340525
48089,0.18121090863306266
48090,0.21267613047101858
48091,0.5234820389352934
48092,0.20096960416846865
48093,0.2700743481067572
48094,0.09778754809947726
48095,0.6657812677769496
48096,0.13028095325652714
48097,0.09881018286018001
48098,0.09245123263373876
48099,0.12485385423130846
48100,0.1945406281496664
48101,0.332191262130293
48102,0.6163085005501308
48103,0.1299762189007188
48104,0.20774561346770287
48105,0.10227157364925334
48106,0.21478824930414647
48107,0.5553771915483432
48108,0.06807861828311323
48109,0.30237184157449165
48110,0.10533224580530351
48111,0.0946285317978637
48112,0.05606180159142342
48113,0.21558388192574687
48114,0.09229649013069953
48115,0.19165512850629068
48116,0.08496899094198594
48117,0.08369663568041535
48118,0.13495458514173447
48119,0.4526785741630453
48120,0.21576382334537259
48121,0.04112176785319992
48122,0.0953611292722642
48123,0.05991527820860228
48124,0.09334944095213385
48125,0.3227306294367572
48126,0.0629152562039589
48127,0.062446647579918434
48128,0.23574594762775555
48129,0.1625922957755741
48130,0.6076464121996596
48131,0.09933499016288422
48132,0.045864779995705894
48133,0.12962791875107452
48134,0.2254712101630024
48135,0.44231119892831267
48136,0.7961437950269803
48137,0.40213800511881537
48138,0.0526878761126731
48139,0.5175372777077342
48140,0.05503814324930002
48141,0.077759712166222
48142,0.6580002512163216
48143,0.09294283445364693
48144,0.7903203657638244
48145,0.23894077360314564
48146,0.21874383742377224
48147,0.13347882505627592
48148,0.07558412767045487
48149,0.03974257796060593
48150,0.6429588958790472
48151,0.5122702074601285
48152,0.07838538013784511
48153,0.40007200852634855
48154,0.18555426858730778
48155,0.6418730390377964
48156,0.0660326739742314
48157,0.11767283225382301
48158,0.20125346285633447
48159,0.2052483114230003
48160,0.03513247308039177
48161,0.09554363627260862
48162,0.6565563805864862
48163,0.051039237887535505
48164,0.10514651706501317
48165,0.5530258444972246
48166,0.0538875830357987
48167,0.6210857610035129
48168,0.37869402088450355
48169,0.07065267557015911
48170,0.2177186543313442
48171,0.09886692850721056
48172,0.27963518048088803
48173,0.430679868218345
48174,0.4222595693458045
48175,0.054366645919117
48176,0.04143421806721574
48177,0.5038698185935232
48178,0.33346639979886433
48179,0.043450719919393074
48180,0.09817685415695987
48181,0.19276893556864452
48182,0.0850436555939837
48183,0.09046393967050484
48184,0.03025857507224038
48185,0.1068520797206835
48186,0.7088229619238203
48187,0.23091521598440798
48188,0.05907466746951563
48189,0.08215957728178543
48190,0.04700187054349739
48191,0.7129168724682373
48192,0.44092418639676867
48193,0.034876710036557936
48194,0.3657732469753939
48195,0.07550035847675027
48196,0.08048042992681345
48197,0.07633697998637086
48198,0.09888237403014413
48199,0.20246279865373942
48200,0.05832138370736705
48201,0.1959559918756091
48202,0.11212785179500954
48203,0.30543605943832086
48204,0.45730490003800667
48205,0.5270516016418896
48206,0.060815427833227305
48207,0.06864333032509719
48208,0.07559169898903442
48209,0.41044092612929683
48210,0.0876306542102913
48211,0.06389383559787137
48212,0.12937854391327464
48213,0.07653552782612834
48214,0.5355945590657836
48215,0.07456788692459282
48216,0.04474141696036205
48217,0.5156840523988321
48218,0.15584699622974874
48219,0.3912990319005033
48220,0.044378792260052535
48221,0.36540226961440925
48222,0.13409070823103317
48223,0.20567926634717754
48224,0.17299591272521092
48225,0.33835834217786687
48226,0.05946295027815745
48227,0.6041303557228015
48228,0.09520032244738946
48229,0.7305225850564551
48230,0.20584331735121586
48231,0.16658650324624186
48232,0.10800567290238088
48233,0.08252687299321464
48234,0.14918259696873035
48235,0.6003621691586073
48236,0.2625022327018174
48237,0.030352230534764903
48238,0.061273854760260156
48239,0.2307831200238991
48240,0.6535092164792305
48241,0.1656106857454678
48242,0.2783460669987082
48243,0.04905419579132188
48244,0.1349222519290919
48245,0.47241088619494304
48246,0.1686956999525156
48247,0.11692765599672668
48248,0.054895813652598734
48249,0.07822072549646947
48250,0.4103833910953481
48251,0.06135500004338495
48252,0.3892142522590509
48253,0.07726622827766275
48254,0.1681968230573326
48255,0.2718179796266461
48256,0.089255802267759
48257,0.09844949613870907
48258,0.0786086514508373
48259,0.5821331065898842
48260,0.1227058106414304
48261,0.07765186059683225
48262,0.30386851518658037
48263,0.14648579214157545
48264,0.025745681937284166
48265,0.1648537975099589
48266,0.16008147931978858
48267,0.2518234118312863
48268,0.8148396521640681
48269,0.14283462105464698
48270,0.42497602207016777
48271,0.043128517988462976
48272,0.24082753061033102
48273,0.05998007744944312
48274,0.4755216114212924
48275,0.40092710879672905
48276,0.19891348179923077
48277,0.10153741051417149
48278,0.34335808253574557
48279,0.029207128165967332
48280,0.08544444706618645
48281,0.26797674342959876
48282,0.2030963124502644
48283,0.1277962686066601
48284,0.27831660818291704
48285,0.21303146820624563
48286,0.1871154132276082
48287,0.0945991125386207
48288,0.4291657437732698
48289,0.07956024883021508
48290,0.42932777277862766
48291,0.29871022039360495
48292,0.14666846543263487
48293,0.09566928357605496
48294,0.7525634094493918
48295,0.261371056477993
48296,0.5265188378188317
48297,0.24439622185062854
48298,0.12413287179288159
48299,0.2293255812646904
48300,0.042653708852012494
48301,0.08153351416059189
48302,0.06103906161332953
48303,0.135633724996747
48304,0.047510639728523124
48305,0.19299146243598092
48306,0.07000795336429375
48307,0.04190730593461746
48308,0.06240575773222813
48309,0.23911682781235225
48310,0.10918182528957056
48311,0.12886068533725478
48312,0.09127747873379705
48313,0.23023740686761188
48314,0.050963551617265894
48315,0.09369839920145132
48316,0.08374324277059371
48317,0.11546142895007092
48318,0.20387076592156037
48319,0.06502450465882462
48320,0.4701470873803237
48321,0.049943460817294935
48322,0.11194075425789608
48323,0.09299404411339286
48324,0.09220892923075628
48325,0.1083436120541708
48326,0.6646269261050123
48327,0.18792465082371498
48328,0.1041749206519028
48329,0.1497094848428085
48330,0.08822192900428019
48331,0.3982275183542636
48332,0.08982445830510308
48333,0.2705243896678699
48334,0.062429261293819864
48335,0.37046858362312546
48336,0.17243051055619754
48337,0.19132746628445968
48338,0.054498821925510414
48339,0.043793703274113346
48340,0.1903277208045646
48341,0.6613491569696388
48342,0.10025502129055901
48343,0.7276517882271092
48344,0.18504027916183127
48345,0.22069115130889203
48346,0.15259273533539164
48347,0.050354906515368426
48348,0.05014021138578398
48349,0.09863785731762517
48350,0.38096070023455025
48351,0.31045978605722113
48352,0.19646851756547654
48353,0.2660092906155553
48354,0.08701396684568187
48355,0.060120309664228294
48356,0.09114499658518165
48357,0.10498030726480657
48358,0.29428336219639833
48359,0.13534136446340375
48360,0.5285557338638339
48361,0.267770324834679
48362,0.12247053584139785
48363,0.19173966074564183
48364,0.21946964981985848
48365,0.4847508247577618
48366,0.14026079937962668
48367,0.3203651416578832
48368,0.11664559137804474
48369,0.4098137373449373
48370,0.15072809769675213
48371,0.10939036422636077
48372,0.2780358784563963
48373,0.31164508822008374
48374,0.11136831982126222
48375,0.09947644217612517
48376,0.07264002250567313
48377,0.05534557783926125
48378,0.15175681131216473
48379,0.16186406573884113
48380,0.13184479454528977
48381,0.09936991035479226
48382,0.6295455655706944
48383,0.03260867453629586
48384,0.08056739698232485
48385,0.17672436998705715
48386,0.04263924746105312
48387,0.1185199956659983
48388,0.08624836525202002
48389,0.08541422057738485
48390,0.03012731987273734
48391,0.1195433686072185
48392,0.22881287211207949
48393,0.6583335131955133
48394,0.3995893422837215
48395,0.18521442096878885
48396,0.7298608479144378
48397,0.4481433768583548
48398,0.06737542342672696
48399,0.4114543797801655
48400,0.1538493349298446
48401,0.1567306898155805
48402,0.2611666451445506
48403,0.12589962750322967
48404,0.08595867627687097
48405,0.0933396383432849
48406,0.3570729663579266
48407,0.0953617827003293
48408,0.16007472056981673
48409,0.11775835697546841
48410,0.22138299210893364
48411,0.04451451834414631
48412,0.05812751207554444
48413,0.09640961242067762
48414,0.1192991146371678
48415,0.4368963662891352
48416,0.09610969849173116
48417,0.047588722351859306
48418,0.23405087020730445
48419,0.4428252377501369
48420,0.14772940943467505
48421,0.10591101783611437
48422,0.416815670255869
48423,0.3505654757071761
48424,0.16294004320217825
48425,0.0681855282128516
48426,0.042518098196602225
48427,0.05527212703897293
48428,0.06909251831152553
48429,0.1340458235327695
48430,0.07318697071705564
48431,0.16741071833629464
48432,0.06030022465786174
48433,0.05068260770050429
48434,0.7440779802024241
48435,0.23784796789460586
48436,0.10913042296981677
48437,0.421058776147904
48438,0.2918395485705284
48439,0.07294531578711201
48440,0.18764327435389083
48441,0.12116154514516161
48442,0.321095441636481
48443,0.09301955828807089
48444,0.3607988855408397
48445,0.08616034066094311
48446,0.11919853423223344
48447,0.11013196431818943
48448,0.045865759658446616
48449,0.37358933922035
48450,0.14486989569765696
48451,0.42320547999686337
48452,0.10803336808292142
48453,0.09373777574142118
48454,0.353591556965093
48455,0.17036990065138327
48456,0.09313656681915601
48457,0.3989009476790403
48458,0.22869916316204283
48459,0.0515210203037953
48460,0.046409866080629344
48461,0.053521238175983185
48462,0.23678611335684285
48463,0.24914439509663042
48464,0.04879663443501316
48465,0.14449103975259467
48466,0.05404465612667494
48467,0.17037422025636342
48468,0.16911514360626062
48469,0.19487931152708166
48470,0.1329661282223439
48471,0.34277186582865377
48472,0.4498873241947182
48473,0.42771787501871444
48474,0.10015703909378391
48475,0.23994943820137526
48476,0.10720047933756441
48477,0.505806713672721
48478,0.05750788865207861
48479,0.06263424291625887
48480,0.05544868971157808
48481,0.053423472028610065
48482,0.07230728846262711
48483,0.2658975511959342
48484,0.045626857446133165
48485,0.7064557712409061
48486,0.08551993519458938
48487,0.15957886133119956
48488,0.11693974945007206
48489,0.3032336191313442
48490,0.22445690563656565
48491,0.4077403517594327
48492,0.49676330792264006
48493,0.03811150536007716
48494,0.05905104438903662
48495,0.0794086085292217
48496,0.022162034277875706
48497,0.2289216544846828
48498,0.024395919665750103
48499,0.09991142147483512
48500,0.17019949440380622
48501,0.322959357353586
48502,0.10316495711671242
48503,0.08115787405065816
48504,0.0726455589541787
48505,0.08519302151049289
48506,0.35037558275114067
48507,0.06714740127717721
48508,0.5323700380934545
48509,0.4296616446578464
48510,0.17217100554712272
48511,0.11635229175350306
48512,0.08262520997751063
48513,0.1732693176080312
48514,0.09911867653635067
48515,0.18104720372371613
48516,0.09388266880256783
48517,0.08566606453131015
48518,0.2802423681791834
48519,0.22095126304317514
48520,0.09128726628235274
48521,0.10740399704968309
48522,0.34817567145191564
48523,0.12810980481490467
48524,0.7110756900666895
48525,0.28085447982404665
48526,0.43879030936390623
48527,0.31187866066549164
48528,0.1311172845413626
48529,0.16245719653922866
48530,0.13364855014217727
48531,0.5603992257868491
48532,0.10041838978116431
48533,0.5032118314650792
48534,0.03419200576125633
48535,0.08178179476686118
48536,0.42638645161325456
48537,0.0572893620195016
48538,0.08063872358240463
48539,0.03688145630794984
48540,0.1882977879526853
48541,0.04642514068342078
48542,0.139022852588388
48543,0.048600386570403706
48544,0.06276863665699713
48545,0.5530752364221716
48546,0.2217873064636613
48547,0.06586926931983761
48548,0.07553134560071129
48549,0.21686170930411436
48550,0.10043918427145014
48551,0.11218704305286517
48552,0.17738909571740977
48553,0.12256939294751909
48554,0.1656529722995943
48555,0.244433745461365
48556,0.049483724188257285
48557,0.5829776224463403
48558,0.06639113652502346
48559,0.10522569016890024
48560,0.3968235339256264
48561,0.1302588786103691
48562,0.08368240458111206
48563,0.33994803394054574
48564,0.07874541564274053
48565,0.31503083620204264
48566,0.19758765477273604
48567,0.303313279838215
48568,0.10701494794817634
48569,0.06469650013533193
48570,0.1641659138155079
48571,0.2782101080087211
48572,0.4951616521517629
48573,0.07659812412951511
48574,0.15909044207346112
48575,0.1271454095935401
48576,0.04125234637725666
48577,0.4477858457612007
48578,0.7792381313907317
48579,0.37163285640265964
48580,0.09624598360844452
48581,0.14492912593574858
48582,0.068392663720552
48583,0.05422138896855339
48584,0.5591043016014966
48585,0.13912502889114436
48586,0.2663978645113616
48587,0.277205887438751
48588,0.13078776320755447
48589,0.35822105141347954
48590,0.05551958349566341
48591,0.08322549696868645
48592,0.4727221933886543
48593,0.2403271855864103
48594,0.21207881440137452
48595,0.06615162870329935
48596,0.04480968482619607
48597,0.18555831461599953
48598,0.11848558889848801
48599,0.5400207511144691
48600,0.6101132980810869
48601,0.046169415283447715
48602,0.596834869559224
48603,0.06916478571214277
48604,0.5083293314746907
48605,0.09621788401795246
48606,0.7575503496717017
48607,0.4126940683698339
48608,0.09589487230983978
48609,0.09480509492059234
48610,0.09486069188464617
48611,0.4174255449980969
48612,0.16054065033814144
48613,0.3509020022091045
48614,0.11291261459148648
48615,0.17604866653581822
48616,0.5593435947269195
48617,0.6106815268901191
48618,0.16557949948085465
48619,0.2613680425455567
48620,0.7023251252240358
48621,0.09134694061283306
48622,0.07123295557481442
48623,0.18676609926093718
48624,0.21724991247013264
48625,0.056944461078429404
48626,0.03208536358976958
48627,0.0945430805866647
48628,0.11601009575441285
48629,0.05434512642510508
48630,0.06058238324565381
48631,0.20754858954483774
48632,0.12458440992747005
48633,0.024222502400564123
48634,0.07850012486586853
48635,0.07797685251622294
48636,0.028386733032099314
48637,0.610660449829989
48638,0.0800854881331098
48639,0.09140414059390926
48640,0.3070067243525106
48641,0.4015878066063884
48642,0.28531708976331677
48643,0.465659398813771
48644,0.16832429360803966
48645,0.1509717852959294
48646,0.16768001408311822
48647,0.022995595941106894
48648,0.195862764364273
48649,0.0870979597143849
48650,0.42771164458513006
48651,0.15337538875090942
48652,0.6745811493496331
48653,0.05726626185512978
48654,0.08437293376994595
48655,0.05423914273075346
48656,0.4595746477945457
48657,0.21180325663698749
48658,0.21044153835641027
48659,0.18201052036634663
48660,0.04492115029115592
48661,0.09383353270872387
48662,0.09416353654135858
48663,0.35353967441712614
48664,0.041129490678211596
48665,0.112853445286419
48666,0.10348095507309361
48667,0.047090653641248204
48668,0.03132488881759814
48669,0.1330201384785077
48670,0.22332988730194298
48671,0.2316209155590534
48672,0.1521261047653474
48673,0.09164468411495709
48674,0.24585674907463645
48675,0.06142957120609213
48676,0.19959871213907165
48677,0.11005672834406939
48678,0.08908355583899691
48679,0.5737478420704292
48680,0.3125189853837338
48681,0.09848410432405472
48682,0.1860830009165685
48683,0.0782997527039029
48684,0.0728508251342205
48685,0.09392434847203869
48686,0.11639102295675069
48687,0.5339113891298563
48688,0.12659767077468984
48689,0.06882021019990142
48690,0.23467717043947464
48691,0.18906758963883216
48692,0.18370701075170465
48693,0.34336760414638834
48694,0.192441814984809
48695,0.10524744368965136
48696,0.14100260663693007
48697,0.5849147110317191
48698,0.23157439982206815
48699,0.2985255827510768
48700,0.6532168739386318
48701,0.4182796706677165
48702,0.039293978861446796
48703,0.49758185750945716
48704,0.1891715472965912
48705,0.1643446898951715
48706,0.11371124753247241
48707,0.031311542011574794
48708,0.17578139889039604
48709,0.07630463344952168
48710,0.16913664845058368
48711,0.26626487953054334
48712,0.18942482027909854
48713,0.10786322369859495
48714,0.27992634945266576
48715,0.10588869837601764
48716,0.19953275681604896
48717,0.48013853484707547
48718,0.12301462930239239
48719,0.5774402430191586
48720,0.06622445167752813
48721,0.704334457543613
48722,0.7059793514766247
48723,0.062125816816226066
48724,0.041750305956565384
48725,0.0397898644628361
48726,0.5315062862111446
48727,0.06552296916755716
48728,0.3731676957663469
48729,0.20137937578230433
48730,0.3991185964788112
48731,0.16609382499762343
48732,0.4099163515831888
48733,0.23993642231736828
48734,0.027156990091873674
48735,0.5900592671528678
48736,0.04090695452183833
48737,0.3905809972437322
48738,0.08096135596185405
48739,0.2667924843467438
48740,0.1840818188115604
48741,0.1588022526022409
48742,0.07790476455156582
48743,0.04414082808626619
48744,0.03979399382041189
48745,0.14637251996662395
48746,0.1680403134468168
48747,0.15800243762391145
48748,0.11068833885401214
48749,0.7637497831459417
48750,0.2443240794267775
48751,0.07134738541297497
48752,0.1304288805370556
48753,0.09125999954641585
48754,0.19038860690780465
48755,0.39276956419527065
48756,0.07359580842751358
48757,0.03896995615668177
48758,0.4179815613674674
48759,0.17577293447550738
48760,0.1661972714372368
48761,0.4068409945945603
48762,0.6767555017168537
48763,0.5738790326022721
48764,0.04870433206326993
48765,0.6931260925275363
48766,0.47990800393107047
48767,0.09154520788691496
48768,0.12274015977937945
48769,0.05394324471346738
48770,0.15883978261856174
48771,0.08910301413232152
48772,0.48361506583126357
48773,0.04038893228804923
48774,0.04464741099303969
48775,0.30499799886567563
48776,0.06124855061731242
48777,0.5013811127505851
48778,0.04175611806016796
48779,0.09448622155084456
48780,0.07960302978205862
48781,0.22093325032219235
48782,0.12350112859107489
48783,0.04718242634199756
48784,0.10592356699590275
48785,0.5569227260356369
48786,0.11946454826410254
48787,0.07908119433654512
48788,0.03528170164651718
48789,0.0494288884581659
48790,0.09268681521692258
48791,0.3947241777414635
48792,0.1059350646052673
48793,0.06974133788779256
48794,0.0694644620549888
48795,0.7493860107353605
48796,0.048070798718364435
48797,0.42394115591850373
48798,0.11857823703027898
48799,0.07341370818663509
48800,0.08197599805039357
48801,0.10939449182778888
48802,0.058374920759517925
48803,0.04257143345439014
48804,0.07789390395296243
48805,0.4282117514814573
48806,0.11378071858571893
48807,0.08288814534116405
48808,0.6596181331875485
48809,0.07744062685316119
48810,0.45019838497270975
48811,0.07179679639431069
48812,0.05012438170424746
48813,0.09095136610090904
48814,0.6248207003091099
48815,0.4820401587264679
48816,0.33273408862214127
48817,0.26552015178514154
48818,0.6233509363069663
48819,0.16719586474565604
48820,0.07364374554872394
48821,0.07818309809398043
48822,0.05621719507139827
48823,0.374913360309332
48824,0.4128494148736825
48825,0.07677105177426702
48826,0.4226086547937569
48827,0.24538324625545507
48828,0.19101988933571495
48829,0.09880958858568206
48830,0.2595661915804231
48831,0.46846142930827134
48832,0.10632806021413697
48833,0.253155808742514
48834,0.2500010507477711
48835,0.07069030993383661
48836,0.11069938263073972
48837,0.09184532996522024
48838,0.48252006219979365
48839,0.2545742890977597
48840,0.14083434155851407
48841,0.13678357516952575
48842,0.15061519660228542
48843,0.13035064753844577
48844,0.6087430541214623
48845,0.08379880023469895
48846,0.10748964350920256
48847,0.0690091212819376
48848,0.07967762587220162
48849,0.05629508654611142
48850,0.2841095970586554
48851,0.25362082986677653
48852,0.16483654285889307
48853,0.28144213568887216
48854,0.4093928225847754
48855,0.35889375595237466
48856,0.26930295395873116
48857,0.17005484130899237
48858,0.6228495929885572
48859,0.22309349483946372
48860,0.14033360174345313
48861,0.040322035592417864
48862,0.5874449046220953
48863,0.518197794353383
48864,0.12950617963146288
48865,0.07382099266743111
48866,0.11072273976394513
48867,0.06046000889478157
48868,0.1455679525658233
48869,0.09975225016452051
48870,0.13980252847180055
48871,0.08083300906238436
48872,0.4985667530627751
48873,0.1657379232758417
48874,0.039642390311020126
48875,0.15505415823485297
48876,0.07325902108047266
48877,0.08045033679147601
48878,0.08806817946392231
48879,0.5952166323133513
48880,0.09693597204683803
48881,0.15434937435862753
48882,0.35831012404291507
48883,0.32623319047618343
48884,0.03686830934303731
48885,0.0837508260577788
48886,0.49254140825698906
48887,0.13936614995274332
48888,0.12828503419210552
48889,0.10188188302111927
48890,0.0619276760969824
48891,0.171083559499301
48892,0.11577602390054018
48893,0.3754242001796656
48894,0.46445686231070965
48895,0.11142266309712155
48896,0.7005553586489496
48897,0.23715085350476556
48898,0.16046102344678814
48899,0.09151004038981189
48900,0.2019661167791917
48901,0.09707852803693964
48902,0.06967650172471405
48903,0.5011008822989903
48904,0.14874469668005721
48905,0.7639035301850037
48906,0.055653783472973666
48907,0.4256653375847771
48908,0.11842015670722308
48909,0.08656272644386129
48910,0.0705877723582185
48911,0.19546976562661184
48912,0.20723985064972109
48913,0.20344981707835597
48914,0.0674402775489249
48915,0.13428039949871926
48916,0.518485428336302
48917,0.11427507940690662
48918,0.24032336067262225
48919,0.08976936808603857
48920,0.1284949628197867
48921,0.5875308866569897
48922,0.11114824030435322
48923,0.07265364815149118
48924,0.06969830374679388
48925,0.15308980938228178
48926,0.3355013373638312
48927,0.27160086612114714
48928,0.26609456647607427
48929,0.40090566901095204
48930,0.5794445534737553
48931,0.05290988402805394
48932,0.05714334024259177
48933,0.7615022547690853
48934,0.0557042383503828
48935,0.16461751373395445
48936,0.13632486265432234
48937,0.11749760027955519
48938,0.11535927081001686
48939,0.05644529374154525
48940,0.06059696128768749
48941,0.2875418646825446
48942,0.0843552482206334
48943,0.09219866902635294
48944,0.2008471932156514
48945,0.4415075785091385
48946,0.4731324010707317
48947,0.6271702476495906
48948,0.24191605205388253
48949,0.14691721854502043
48950,0.13048474456014011
48951,0.050304879604643096
48952,0.037558706741986296
48953,0.089770034115755
48954,0.35229120380522666
48955,0.04833662765069305
48956,0.2152718760377662
48957,0.10405473899683762
48958,0.03267038677973366
48959,0.05006051462210505
48960,0.12394331533175391
48961,0.060071759918441575
48962,0.14011561760135355
48963,0.09347866000874779
48964,0.15943846871794512
48965,0.12932770152878054
48966,0.12753053217785015
48967,0.5880285525888413
48968,0.6680603119176138
48969,0.060994160603725076
48970,0.25551376663563746
48971,0.11651140682335781
48972,0.20100062581792205
48973,0.2040446569838343
48974,0.04584083698090384
48975,0.2051287993287386
48976,0.3361249443906769
48977,0.3238295959079228
48978,0.1600419269938724
48979,0.12640357626990917
48980,0.08092645020912691
48981,0.32128498598982125
48982,0.09510960686536632
48983,0.12682559572247898
48984,0.37747280279972606
48985,0.2085305442802039
48986,0.14704948045041832
48987,0.046809345878826146
48988,0.03906351744325918
48989,0.16671633279908438
48990,0.026862335474814588
48991,0.1622109499550692
48992,0.17883365582873342
48993,0.5452788675710962
48994,0.24356212747283232
48995,0.1285315088341149
48996,0.18345534173467815
48997,0.12170745475003021
48998,0.07537469432005482
48999,0.1981386205299363
49000,0.44214299434895904
49001,0.5051599291613285
49002,0.13136961293676863
49003,0.06304412463977546
49004,0.2371476408850365
49005,0.1705440710487797
49006,0.1567348480233993
49007,0.05975190828199031
49008,0.07924925704886597
49009,0.17512675082862805
49010,0.07719913895770686
49011,0.07750756067959161
49012,0.30114813883135216
49013,0.06671800844463807
49014,0.08839406163411044
49015,0.1941503625341518
49016,0.07133786899314178
49017,0.17456185596688661
49018,0.2047602120611542
49019,0.5239475876370648
49020,0.2195607105802404
49021,0.056413411465971064
49022,0.12852825483696878
49023,0.0660806676922244
49024,0.10913346871233401
49025,0.07011484706265915
49026,0.2316984286496113
49027,0.35553689123676296
49028,0.14280275723660982
49029,0.5828612299129117
49030,0.21668885555868977
49031,0.6283708480707773
49032,0.08531999176037426
49033,0.06569013029814269
49034,0.09374354047558309
49035,0.2793480744913964
49036,0.10914947191305818
49037,0.1107565714678163
49038,0.05450227164458943
49039,0.3571830854171823
49040,0.10994391626566608
49041,0.14009366503545803
49042,0.10282192449801798
49043,0.042988606352443025
49044,0.04877717066849783
49045,0.03872044794513248
49046,0.1583387476530382
49047,0.6423776800233076
49048,0.05128560135789817
49049,0.030108424149182075
49050,0.06225483420973658
49051,0.06230416366743687
49052,0.3467242859540854
49053,0.1084662444079615
49054,0.4085727128684545
49055,0.07716868699054857
49056,0.2384799179449037
49057,0.4376202018868408
49058,0.8287361490608327
49059,0.06623451697346792
49060,0.11413990493604771
49061,0.6602448752393493
49062,0.10146247172202023
49063,0.718139393604539
49064,0.5484180774885613
49065,0.674515039067872
49066,0.09228337921753163
49067,0.11624026237506889
49068,0.4876533623040556
49069,0.050678907726146624
49070,0.11235690270899826
49071,0.7843372121960503
49072,0.15607520401019115
49073,0.08567856372535303
49074,0.20136306026020087
49075,0.14023431475033565
49076,0.08748362943756151
49077,0.1806919693223527
49078,0.07647976901353883
49079,0.04209693345169513
49080,0.13033682580363792
49081,0.5887071478389753
49082,0.08519029480280596
49083,0.07791368795597489
49084,0.05197949364785903
49085,0.06814684619389884
49086,0.08836883273729024
49087,0.320957810972476
49088,0.4420238414172091
49089,0.6762668389214767
49090,0.21080936827332916
49091,0.21333305372955394
49092,0.04106746065285018
49093,0.03751128695001741
49094,0.6936524015013076
49095,0.1604709264529554
49096,0.07003103440640056
49097,0.26474178546406585
49098,0.060995599871634276
49099,0.19232093773197095
49100,0.36539759353420354
49101,0.16047877688697468
49102,0.12507788631268907
49103,0.06254018358763065
49104,0.10023084651714656
49105,0.3164398514312224
49106,0.03333906454561649
49107,0.11738907268406885
49108,0.09166659919707178
49109,0.0588993577443585
49110,0.118910306127547
49111,0.10495150737113282
49112,0.64787967996359
49113,0.0622420313334292
49114,0.16052297099145402
49115,0.07817910711519475
49116,0.42788533370860665
49117,0.19553487765412966
49118,0.1033147703601866
49119,0.35829423709227126
49120,0.04665484424937229
49121,0.06276781232110859
49122,0.08319556052299139
49123,0.5470916449090933
49124,0.3417822020684966
49125,0.061773195058284346
49126,0.09184287298525223
49127,0.0713041982877524
49128,0.16789957635334699
49129,0.07886918169275546
49130,0.3804502370137866
49131,0.43579672755102716
49132,0.08522978996197632
49133,0.02741895614884389
49134,0.06979481030092724
49135,0.04595751663912821
49136,0.2926165308058882
49137,0.06567956730995463
49138,0.10259064638430909
49139,0.06968257534578003
49140,0.0875356048244706
49141,0.1771134242768765
49142,0.08661666683696345
49143,0.147970423134929
49144,0.6827752614236262
49145,0.056757678244188044
49146,0.04706571180068753
49147,0.06080735259846117
49148,0.7506251723027239
49149,0.3863358977709841
49150,0.08494240223599686
49151,0.10750279120264984
49152,0.23572380861968914
49153,0.1856851079623989
49154,0.11856502001528763
49155,0.22882452586423865
49156,0.26923697239959266
49157,0.2371629921508891
49158,0.5867728816577021
49159,0.4072220405081379
49160,0.1658973384534007
49161,0.07762451730491536
49162,0.0426026848941617
49163,0.10373488869065149
49164,0.10993126031490218
49165,0.07859680416287196
49166,0.12679001958487648
49167,0.06084321248814431
49168,0.10786816915421998
49169,0.055119537727875825
49170,0.2505794362179352
49171,0.5843079515824819
49172,0.25872933499433237
49173,0.4948948686321788
49174,0.3790704205492067
49175,0.2082224684909589
49176,0.06425899600609956
49177,0.4568134573934725
49178,0.10790721187161784
49179,0.545977925177322
49180,0.6820424145200015
49181,0.3925927190355259
49182,0.08581067064568047
49183,0.13276243826436526
49184,0.033229778547348904
49185,0.23614365071400234
49186,0.06444187952483546
49187,0.05156036177525918
49188,0.3372570117632709
49189,0.09836248794469447
49190,0.06733374857677607
49191,0.25795790963827436
49192,0.3203543463175342
49193,0.056153321242698256
49194,0.09994034404902488
49195,0.13853978381109947
49196,0.1890456461509788
49197,0.09824798316305074
49198,0.27696087715199025
49199,0.04630792162384275
49200,0.09923151444614288
49201,0.3853438603210528
49202,0.10996226884575423
49203,0.5319300904170227
49204,0.05803057193552512
49205,0.09331312577535511
49206,0.21608101550968528
49207,0.7492302580660876
49208,0.4133350924873622
49209,0.09934020778878022
49210,0.2294853037294089
49211,0.19839312587020994
49212,0.2851831227775028
49213,0.20880119619234166
49214,0.2576574930708624
49215,0.27692847059213466
49216,0.3672173210300863
49217,0.3878302024690737
49218,0.42088790459631636
49219,0.2589198217944485
49220,0.04777593865635137
49221,0.07450589056696585
49222,0.39190257003453255
49223,0.2209219453583703
49224,0.29789142936702234
49225,0.4923113146029045
49226,0.11772259798033079
49227,0.22228581391413788
49228,0.24191561705815454
49229,0.061933455457589104
49230,0.41354987389761105
49231,0.7517412879209968
49232,0.356118982082398
49233,0.12181772258608016
49234,0.21993162729781393
49235,0.3457873995322147
49236,0.05534999841327342
49237,0.6339178284638095
49238,0.37262736617194386
49239,0.5026811405291225
49240,0.16223642508298544
49241,0.21737803444997383
49242,0.17267331929061483
49243,0.3041375211050592
49244,0.0640848352664681
49245,0.8053174725732593
49246,0.6994878586412678
49247,0.6603761888361294
49248,0.04922502702593411
49249,0.4329583658218666
49250,0.10490535473638513
49251,0.07345550424183536
49252,0.12244677883507592
49253,0.06353375581884586
49254,0.4736450980998771
49255,0.1976727253331358
49256,0.11004470911560128
49257,0.04122588128882092
49258,0.19171860775142516
49259,0.17421706003527238
49260,0.2757418178839659
49261,0.0751801453779797
49262,0.06831779337469977
49263,0.05349296912842142
49264,0.12246090146778452
49265,0.42381829344242417
49266,0.11572024511384207
49267,0.40969143651523676
49268,0.16185020848889817
49269,0.044408797645563165
49270,0.039590131048275176
49271,0.25511896317485583
49272,0.2463533874179286
49273,0.3540264511169698
49274,0.2755584348963062
49275,0.1208603350181135
49276,0.2246208716730681
49277,0.07066502804249591
49278,0.6803903508344129
49279,0.17476577629108478
49280,0.07367837054066505
49281,0.27530535693133457
49282,0.0773479779968602
49283,0.20657636427255385
49284,0.12005787323885819
49285,0.10763641949757322
49286,0.11401220472852946
49287,0.6124107283945516
49288,0.03237866770416385
49289,0.16535271469771431
49290,0.5998955498192682
49291,0.3131720772370245
49292,0.11345107377588429
49293,0.108585821217442
49294,0.06865475814035865
49295,0.23880356015416107
49296,0.12492943931275326
49297,0.10158972403878351
49298,0.14027236225198234
49299,0.08176496621449897
49300,0.10382385094643058
49301,0.028063248452076247
49302,0.05061588045282715
49303,0.15528751621128148
49304,0.10193519447579313
49305,0.053928755990012456
49306,0.12700617619811902
49307,0.09194244763262444
49308,0.22592424237251205
49309,0.17611292669114456
49310,0.06323574879714078
49311,0.0728194224239497
49312,0.10914055450307183
49313,0.07265170715256526
49314,0.17863068848182498
49315,0.0328700156314657
49316,0.38132172436350814
49317,0.0885033575903449
49318,0.1980529989065725
49319,0.05103507931706455
49320,0.13450109772432864
49321,0.07863765553954966
49322,0.11109744284666268
49323,0.49950405933113473
49324,0.23694165939430925
49325,0.2064790604037656
49326,0.0841401878244966
49327,0.20630428367072498
49328,0.13118292765128303
49329,0.14465323721421142
49330,0.1769999949275901
49331,0.20339259657557876
49332,0.08315889982351835
49333,0.03961948023536526
49334,0.1564236944830154
49335,0.24951402065096512
49336,0.054306968215068425
49337,0.3398353005439233
49338,0.03510371955245809
49339,0.20222632504950816
49340,0.1813998287634604
49341,0.05415891742670168
49342,0.06500152320376534
49343,0.0614540969236227
49344,0.12158564149250146
49345,0.7103353616485746
49346,0.27916793514758526
49347,0.07299802810713821
49348,0.265315005690623
49349,0.05170384830772804
49350,0.08027451103937476
49351,0.04378469567151947
49352,0.1163393591600856
49353,0.07620314125837048
49354,0.0758968819284733
49355,0.10929403238231238
49356,0.07703826019608659
49357,0.17311305820352868
49358,0.1298207301425765
49359,0.10926908040918713
49360,0.06883224398037807
49361,0.1147194465270924
49362,0.030603231510697188
49363,0.20330637892876474
49364,0.13154273077960227
49365,0.5505614144610242
49366,0.6645136766519076
49367,0.13553050752986243
49368,0.27783821460092206
49369,0.06910755605620302
49370,0.6418668450156485
49371,0.38157114938029457
49372,0.08884507949940983
49373,0.12613519740453236
49374,0.06785550446665518
49375,0.10857415434406394
49376,0.07580838386775005
49377,0.09374768696255574
49378,0.20838029525050783
49379,0.03447038761029081
49380,0.726259667132142
49381,0.27305036683470923
49382,0.02774094998227291
49383,0.3936918642715734
49384,0.043894579486327974
49385,0.07836819369596094
49386,0.04015867168105058
49387,0.12179465962125195
49388,0.19874567017586348
49389,0.10240090852213835
49390,0.0940713154132632
49391,0.06776923732159859
49392,0.0839105882868267
49393,0.10830611497057262
49394,0.18460425838192845
49395,0.35771158582627793
49396,0.20478850164152163
49397,0.3587134898056463
49398,0.12310796105355758
49399,0.1622858899712927
49400,0.025019089663401713
49401,0.25118731623650525
49402,0.41673922010992004
49403,0.5923538611858084
49404,0.09467268098745883
49405,0.0943694399792423
49406,0.2520208677197531
49407,0.0725579459345772
49408,0.07282960482384547
49409,0.10812508275242166
49410,0.20851030372261328
49411,0.19861239453975582
49412,0.3880655449225384
49413,0.07385162435206052
49414,0.18011304853710233
49415,0.15598769707285814
49416,0.738847709628793
49417,0.09191672515620325
49418,0.32100319013302936
49419,0.3407221746273726
49420,0.07519226064679264
49421,0.06950251013663637
49422,0.3632901640131144
49423,0.05277669750709301
49424,0.0539093957320832
49425,0.193758151178082
49426,0.20886110967486934
49427,0.10338998901196955
49428,0.11828591321634249
49429,0.3296482632481367
49430,0.08741525287605774
49431,0.19324899551452032
49432,0.06465700926425863
49433,0.5248806926725668
49434,0.14538170714419116
49435,0.2634866111732
49436,0.10762663285552464
49437,0.39056316813779735
49438,0.05827286502969273
49439,0.20220536760898292
49440,0.14814907153493653
49441,0.4348885690805305
49442,0.03873830795780362
49443,0.14841054051642014
49444,0.3920001005561702
49445,0.10316073764245
49446,0.051944347545848105
49447,0.6971807235669798
49448,0.5634988711013112
49449,0.45447778476010625
49450,0.10215904323917092
49451,0.25501331106518815
49452,0.15832518864827938
49453,0.14377341099541413
49454,0.648399684622644
49455,0.13735096350339865
49456,0.07366818160223336
49457,0.4722634314482223
49458,0.10508808931023793
49459,0.18406365393374274
49460,0.1586775929069257
49461,0.7276642814199377
49462,0.1550507622297296
49463,0.4916905970718695
49464,0.04666174491201691
49465,0.24850730011439487
49466,0.08491863308437969
49467,0.18616597839902288
49468,0.7309490767341073
49469,0.08385785968256859
49470,0.1474794525364278
49471,0.11088411718033717
49472,0.10898217713721166
49473,0.45063105986443525
49474,0.07902376069656947
49475,0.3336334312525047
49476,0.04845841153604628
49477,0.09865724090988369
49478,0.31077517810033656
49479,0.2959582543547639
49480,0.22243424348279953
49481,0.07389685480246168
49482,0.08543796051999687
49483,0.11248159299983618
49484,0.06967849357020273
49485,0.18725371265009993
49486,0.25689219175861033
49487,0.15179113512254058
49488,0.5323160325140648
49489,0.03593211007135025
49490,0.15581186972725458
49491,0.14726007513688677
49492,0.05073095501893745
49493,0.1977065558475187
49494,0.12190014876566985
49495,0.396414173049466
49496,0.047845898945774346
49497,0.056557280971588485
49498,0.05421583130466086
49499,0.09160082082573537
49500,0.09836133900623809
49501,0.06862535285082891
49502,0.5937493892970965
49503,0.16776521356802881
49504,0.19550199474169425
49505,0.10209156604565832
49506,0.22533670169011952
49507,0.07736538026208828
49508,0.041622681373867154
49509,0.1436476138841891
49510,0.11027416261000937
49511,0.32231631162558005
49512,0.44645755349813954
49513,0.0877803957981308
49514,0.11910218588015094
49515,0.1311451072626821
49516,0.4196495195034982
49517,0.16831902779820263
49518,0.12356117762264972
49519,0.41207936744929685
49520,0.2722535801753477
49521,0.3339950002915165
49522,0.38403662864072385
49523,0.07912729893635982
49524,0.09229952353383322
49525,0.07609384066384811
49526,0.5485577902376534
49527,0.10794572785530086
49528,0.07960961713848984
49529,0.1256065349682254
49530,0.5181202539228063
49531,0.27839768307116447
49532,0.1201548174805824
49533,0.3004365110914815
49534,0.07250987387834097
49535,0.054685164202634126
49536,0.1519019193266243
49537,0.46043800957185793
49538,0.16539344174926424
49539,0.1459858317240288
49540,0.07663276781215152
49541,0.05534952801747863
49542,0.13253469933251522
49543,0.18476572985567194
49544,0.06904735503748033
49545,0.0726089416760771
49546,0.22229992108139698
49547,0.0663931757617352
49548,0.4804923236552432
49549,0.05103917192160288
49550,0.08529161353714182
49551,0.424678470307719
49552,0.05618092181807872
49553,0.11837159730075576
49554,0.6667164621315245
49555,0.09117791801431033
49556,0.10574263435514519
49557,0.16091237914411638
49558,0.22134180425794633
49559,0.04281594976889413
49560,0.10043191103561715
49561,0.15444903889638326
49562,0.6433625996786322
49563,0.42725165772130763
49564,0.12089376581391825
49565,0.05814009131211581
49566,0.14359495839729947
49567,0.20332323663731894
49568,0.3881683453468503
49569,0.1125164543785063
49570,0.19545426127510646
49571,0.052770314727724275
49572,0.04715645393462303
49573,0.06227773717520586
49574,0.21130324361344732
49575,0.24352846450624574
49576,0.09111709501411218
49577,0.22908144794425936
49578,0.25102364670939725
49579,0.05751510233591096
49580,0.48813105717024086
49581,0.14316860723945954
49582,0.5246952460245647
49583,0.6866535593149721
49584,0.1021114110247749
49585,0.14514718632475854
49586,0.06691739286912987
49587,0.5273938163340515
49588,0.21760400423974
49589,0.711027859117186
49590,0.05864705702529311
49591,0.4627428335433652
49592,0.09784774784648866
49593,0.10629849573086085
49594,0.12286110128961099
49595,0.06458766708403568
49596,0.07203317116009897
49597,0.17034873053215638
49598,0.1033100851012907
49599,0.1162095377157147
49600,0.7935757760032548
49601,0.057124106834395
49602,0.1004817319155354
49603,0.11268289215542245
49604,0.17257960489126914
49605,0.13870376862807504
49606,0.08654553102840687
49607,0.0682729162984358
49608,0.06235416510017971
49609,0.05671934149709561
49610,0.07541023700461741
49611,0.11332966390723705
49612,0.06847009638160736
49613,0.39555287428416536
49614,0.346538734830893
49615,0.20244391016610633
49616,0.25809097364788725
49617,0.27950051373695045
49618,0.6800031512393561
49619,0.17609953894318947
49620,0.10562138042161791
49621,0.02991381373724229
49622,0.05885731671906825
49623,0.2063132333941168
49624,0.06455572671998433
49625,0.13314228341547996
49626,0.2796445889718693
49627,0.20771831978009353
49628,0.14253390047964076
49629,0.1561723287325012
49630,0.04702212822063531
49631,0.26735373693670145
49632,0.09420181632260557
49633,0.07934731389047042
49634,0.09040609656970644
49635,0.502255313964213
49636,0.14370480514958175
49637,0.24648922850550245
49638,0.11330258700121926
49639,0.13367020393792914
49640,0.5875657666618229
49641,0.17817786597142857
49642,0.3147909631399068
49643,0.14651677681160127
49644,0.14821141835023138
49645,0.6308535163066026
49646,0.07642328786971733
49647,0.2899101329524468
49648,0.09753530313079224
49649,0.07261908439897136
49650,0.11102203540171189
49651,0.0613864042063366
49652,0.29546598090829057
49653,0.04993834218081916
49654,0.0936017232228976
49655,0.05500445245065985
49656,0.10230281568988399
49657,0.12289072309474593
49658,0.12306869684570955
49659,0.3806009795929179
49660,0.2728543942632507
49661,0.0846252544546223
49662,0.05055893163985038
49663,0.37243933197308643
49664,0.10785521901854005
49665,0.516674737679685
49666,0.03672863034743039
49667,0.11832630899127215
49668,0.05793904832451829
49669,0.1186558691171617
49670,0.05616005059637151
49671,0.20540796981506446
49672,0.11560829502494419
49673,0.07064404890858676
49674,0.08516972937703095
49675,0.3554340817828209
49676,0.18841200162628516
49677,0.11567603408445844
49678,0.3711827166257736
49679,0.08073236165870962
49680,0.669188644637904
49681,0.2096628664984428
49682,0.3137038036988395
49683,0.6473908038575902
49684,0.7760157358031893
49685,0.05618887147153799
49686,0.06160088480897358
49687,0.6240163889596063
49688,0.08328489795078955
49689,0.06556192757581761
49690,0.09669096902100187
49691,0.08896363883939275
49692,0.46155620997361735
49693,0.1512308342676421
49694,0.0892970442052393
49695,0.3454932550897549
49696,0.09970810590217777
49697,0.10914627437978673
49698,0.0713367200706835
49699,0.24824694238350664
49700,0.6775557273274848
49701,0.06630356817585238
49702,0.1990748632609132
49703,0.06632385195031758
49704,0.04140221932286537
49705,0.3376219157965817
49706,0.17811992548032976
49707,0.13676439189179745
49708,0.054117247948882403
49709,0.053711290733692296
49710,0.09157033840757713
49711,0.364090597817513
49712,0.027744296841991353
49713,0.5709396044278168
49714,0.408994661317778
49715,0.15143883951747686
49716,0.07172344052725425
49717,0.5836618871371348
49718,0.10585957828575462
49719,0.6406177010338984
49720,0.20886682176200405
49721,0.09299560624955608
49722,0.0477069520264699
49723,0.08238264166997324
49724,0.5486582306568365
49725,0.07526967954796704
49726,0.04227545341433513
49727,0.22298954368459065
49728,0.03950573741048419
49729,0.07145885715087624
49730,0.6619987198570523
49731,0.05239891346533331
49732,0.20959575898599062
49733,0.1406490372488649
49734,0.08338566545096623
49735,0.10837272259404
49736,0.07135034391414016
49737,0.06259227209291068
49738,0.14858298407683035
49739,0.07133197901469351
49740,0.046466612635901135
49741,0.042069639280102135
49742,0.1322598179577038
49743,0.36462284238251497
49744,0.14742121632397134
49745,0.05320259360854591
49746,0.06124223906894805
49747,0.08802332539855387
49748,0.46869080949027053
49749,0.21717196935584876
49750,0.2884958163419709
49751,0.18339628517785483
49752,0.11877106964435534
49753,0.1269998345447681
49754,0.05261362176567262
49755,0.07699314310770808
49756,0.15409864795452982
49757,0.07389121133491967
49758,0.22293564492013643
49759,0.49908572167487164
49760,0.3657403457558206
49761,0.050572687680041424
49762,0.11369676533612176
49763,0.19307532866214455
49764,0.5913211131247817
49765,0.04675170638447095
49766,0.3633306589793577
49767,0.07958618540640117
49768,0.11409761249156702
49769,0.10701177177224447
49770,0.5031794310893081
49771,0.7646278401144105
49772,0.06457238838522286
49773,0.1058894802860981
49774,0.07295485944402869
49775,0.05873938668941784
49776,0.12796792184747746
49777,0.4264791326031958
49778,0.07612317271627674
49779,0.34507501365996307
49780,0.027923260398939834
49781,0.030550422230760522
49782,0.10018929553393223
49783,0.1215733616576303
49784,0.26971850031502564
49785,0.09045496791324047
49786,0.11610236438545295
49787,0.14620513273426852
49788,0.1081876546247382
49789,0.15375595632068614
49790,0.040656322712635265
49791,0.6609169174755404
49792,0.24649376550436722
49793,0.2373182569558325
49794,0.604196659276964
49795,0.06091275964768828
49796,0.12613253691461562
49797,0.41906703116307886
49798,0.2592507299261473
49799,0.20345576980502456
49800,0.10716067553994067
49801,0.5717865913407892
49802,0.4487449510252661
49803,0.17750215272256603
49804,0.6406402694517741
49805,0.09138592660263825
49806,0.051362883929201554
49807,0.05253414818802212
49808,0.733429703425164
49809,0.10904811924395391
49810,0.09394754988680713
49811,0.15398308382191617
49812,0.323836593417087
49813,0.10567286497469547
49814,0.08115921536572689
49815,0.08670083659326061
49816,0.154009052654716
49817,0.10917764063165865
49818,0.4893139032817029
49819,0.07472300156927439
49820,0.8284606227379477
49821,0.6933782137147338
49822,0.0794326483857159
49823,0.17641008365548547
49824,0.06525533710015904
49825,0.057435400334817914
49826,0.295164224700447
49827,0.5023765184945594
49828,0.19072785493167077
49829,0.5905023507685819
49830,0.19142938431697487
49831,0.6175061013240833
49832,0.2155436041664395
49833,0.12143535510526775
49834,0.19178596492190303
49835,0.03234137078159206
49836,0.09634837009997475
49837,0.08371316296372466
49838,0.3279836945272152
49839,0.32433555694466726
49840,0.2861920345642816
49841,0.17454950299263003
49842,0.07854134447290269
49843,0.09021233241639151
49844,0.2636192386159662
49845,0.34401502657199096
49846,0.08390031064428861
49847,0.4077047902051482
49848,0.05148097073785173
49849,0.10254485944736809
49850,0.24860753306300018
49851,0.0651942783478827
49852,0.08894998721788898
49853,0.19045253902209075
49854,0.1725202676219323
49855,0.6906052981632598
49856,0.08899936688961274
49857,0.1677106717007468
49858,0.08409566203762225
49859,0.6314508378593068
49860,0.06993389054652327
49861,0.1962925625029652
49862,0.4243436312111731
49863,0.15796522685918296
49864,0.12977446226951958
49865,0.39455236445461606
49866,0.5291634249952855
49867,0.08075623540326408
49868,0.149775529340336
49869,0.19056633536621048
49870,0.12218834307012029
49871,0.1784680820054466
49872,0.1398643742265425
49873,0.14973011793043955
49874,0.09557158016583561
49875,0.06974538992110027
49876,0.6453246585335983
49877,0.1837327169240947
49878,0.029941513787001946
49879,0.04959835154003792
49880,0.06072226125893984
49881,0.32877772507578085
49882,0.38237065485100996
49883,0.08418234956463383
49884,0.4644801663746216
49885,0.4678283595444509
49886,0.15441749579103162
49887,0.6615596550595072
49888,0.10227915293862705
49889,0.0862676723667172
49890,0.32697354930136313
49891,0.149370428696946
49892,0.09271677425417163
49893,0.6147939688650906
49894,0.17637504853526434
49895,0.15786594603041548
49896,0.07610106061140808
49897,0.038549193927435006
49898,0.04566038063769862
49899,0.38032324782045057
49900,0.12377584591049827
49901,0.1842740718679994
49902,0.14552964613270314
49903,0.0890586943215783
49904,0.21496855170610507
49905,0.7225137962958663
49906,0.10279512183934635
49907,0.11286473161810165
49908,0.04165466892081378
49909,0.15245995758756362
49910,0.06256052138933066
49911,0.10457672908043072
49912,0.04071741311610802
49913,0.04557429012080194
49914,0.03377971824022151
49915,0.0556578354961168
49916,0.12304553935053225
49917,0.8064068769078472
49918,0.11606970830764603
49919,0.037553345651005154
49920,0.6637849753755893
49921,0.32964559515645436
49922,0.6840695499302125
49923,0.12604436542711303
49924,0.1421703272913798
49925,0.1268042183293136
49926,0.37083598502932913
49927,0.06678078472371397
49928,0.46879995251312107
49929,0.041844072431981794
49930,0.1576420306629434
49931,0.4506724377588419
49932,0.06523590212499365
49933,0.3626265224579117
49934,0.10555885424407553
49935,0.0626442034708565
49936,0.28391685791524957
49937,0.09512597771128224
49938,0.7539616688117947
49939,0.07282793753746676
49940,0.8709163357389609
49941,0.6782467283825854
49942,0.09182012862039367
49943,0.4034858963334836
49944,0.6391527737830299
49945,0.0634472759796488
49946,0.07599478211842295
49947,0.5092650203853646
49948,0.08851206018643196
49949,0.671520813827038
49950,0.06254939567196277
49951,0.05538769086703765
49952,0.577518152887238
49953,0.13546315224456199
49954,0.08939932359407923
49955,0.46879485181428965
49956,0.041988724657740194
49957,0.07629762907345672
49958,0.139563781392957
49959,0.09590322097597342
49960,0.23931911718384072
49961,0.1498258649020854
49962,0.06455782922174037
49963,0.5576649109185536
49964,0.08757201734961093
49965,0.13410069647805362
49966,0.13847762450148796
49967,0.16978373848637454
49968,0.047655880638953076
49969,0.16330569884094492
49970,0.16603071670273306
49971,0.15917819878162803
49972,0.06177674819889237
49973,0.09625753001004587
49974,0.26237661359325876
49975,0.3363799354529434
49976,0.35716673345419103
49977,0.2842210921778434
49978,0.21539559239926068
49979,0.6417162328259426
49980,0.10628626762912244
49981,0.19601451063109723
49982,0.20199101547702192
49983,0.043435170134243424
49984,0.20769365589593206
49985,0.15633355461918189
49986,0.5032205163204522
49987,0.2991753773355969
49988,0.6981088020220603
49989,0.040023864130408426
49990,0.08286977511157347
49991,0.44685680114897725
49992,0.12930654744443904
49993,0.18703296669225822
49994,0.10600917518428497
49995,0.06785581521069112
49996,0.2996075010341699
49997,0.10659430037769906
49998,0.2991016514995818
49999,0.16319050499928
50000,0.08256420817238802
50001,0.046917176331139496
50002,0.5254191296751116
50003,0.06257947400121328
50004,0.25437563175356787
50005,0.4347825934161159
50006,0.2568852101505348
50007,0.051522614487453794
50008,0.12375440541460991
50009,0.058277262009937054
50010,0.4907446786590139
50011,0.042449759068353916
50012,0.2858516620748557
50013,0.43608704548709537
50014,0.24773922822279612
50015,0.4085293060582262
50016,0.0915992706525226
50017,0.19665741369973602
50018,0.26096788773624474
50019,0.25027719959875266
50020,0.094933774121235
50021,0.07083325520446275
50022,0.22435467145035914
50023,0.4904654623377549
50024,0.8522434071188997
50025,0.11729850067444315
50026,0.08018165511340956
50027,0.11029275515253122
50028,0.06405059405194484
50029,0.48799228057381516
50030,0.05097682703370492
50031,0.10859458241573307
50032,0.04005391388640321
50033,0.1140276866187044
50034,0.057414406142476
50035,0.08852685604572509
50036,0.11515283577939833
50037,0.1750763578467071
50038,0.1529823114183012
50039,0.1095186469820901
50040,0.14424486330241804
50041,0.08178372862127992
50042,0.1456627792284356
50043,0.053813024001278055
50044,0.25264463027198286
50045,0.5642556119502515
50046,0.07895753330032608
50047,0.177213349951818
50048,0.08452983176578127
50049,0.4599622703838197
50050,0.5151187463322254
50051,0.4433683940547064
50052,0.0696975064903524
50053,0.02928011075512682
50054,0.481306421551991
50055,0.17268650093315707
50056,0.09190519129045746
50057,0.1594291228040576
50058,0.18541792118419503
50059,0.09212133161899985
50060,0.12476916631710809
50061,0.08829663481291958
50062,0.03303927609650217
50063,0.04480592581104704
50064,0.09435009640847303
50065,0.07116488248653573
50066,0.4422396091301371
50067,0.23414278012371245
50068,0.37857544743855803
50069,0.10123388966410347
50070,0.08102447509955059
50071,0.09217498342541444
50072,0.6485070086662817
50073,0.2299540487685402
50074,0.09704616315467428
50075,0.6858711786575573
50076,0.6023523759897826
50077,0.3718821381304844
50078,0.09173357761041899
50079,0.13458262569504484
50080,0.21498104958974398
50081,0.8005906459446733
50082,0.46952614449872954
50083,0.3416419769084062
50084,0.12358892491050402
50085,0.3172814405475666
50086,0.07640935960067571
50087,0.14480144737220416
50088,0.044370289018912774
50089,0.44010117249952835
50090,0.034252754777644126
50091,0.12862606899562734
50092,0.03503323078280516
50093,0.5635868283815425
50094,0.4844680260854278
50095,0.3857393856942317
50096,0.08161770624116393
50097,0.20054994586047056
50098,0.20989057813599524
50099,0.5733383713358142
50100,0.03664242953126481
50101,0.26546153109043397
50102,0.18689320474647192
50103,0.5172504087754258
50104,0.07983165063100259
50105,0.08983527028646691
50106,0.06313885966241721
50107,0.057101475173666705
50108,0.07733728914803936
50109,0.05196931285295411
50110,0.6597774198680789
50111,0.32936992125730996
50112,0.2767487439348561
50113,0.057244580696784245
50114,0.0441933298361711
50115,0.1714888385833222
50116,0.4399904110128711
50117,0.1615648168290228
50118,0.042847128153051674
50119,0.08472461595166318
50120,0.04056463826005323
50121,0.10915967796432255
50122,0.6457251575076829
50123,0.026454291127701937
50124,0.04931354216504585
50125,0.4989703070062389
50126,0.0875559731352405
50127,0.5324723172680929
50128,0.1681604152683256
50129,0.20691894887696277
50130,0.03450845841671895
50131,0.6027548966679986
50132,0.643906055715271
50133,0.0737947464004539
50134,0.09234307916855083
50135,0.0766313417092471
50136,0.25748338694315837
50137,0.28671234144756713
50138,0.070267092213051
50139,0.1326724887793975
50140,0.06422260057664018
50141,0.0715307039057896
50142,0.17533002741424825
50143,0.6615990638477021
50144,0.3847353383842723
50145,0.09752472131171254
50146,0.5130510683707339
50147,0.23516644405913514
50148,0.42398791049679735
50149,0.04156040921273852
50150,0.06600306424542203
50151,0.06434558057151926
50152,0.08630654701744088
50153,0.13501832138332823
50154,0.0909289371180507
50155,0.08800001729703036
50156,0.02289174726814831
50157,0.1643816891190336
50158,0.7361458148923631
50159,0.17696748405571963
50160,0.08126154562473747
50161,0.20583928476050925
50162,0.10962258528651342
50163,0.04954476487878232
50164,0.12006081806656631
50165,0.05057816965172124
50166,0.07851879925896238
50167,0.23453649474095903
50168,0.09457874373939344
50169,0.1732215754118234
50170,0.09145723041688755
50171,0.10507742805506534
50172,0.0964825088721135
50173,0.18219639469730442
50174,0.09835653954185648
50175,0.09971256977961113
50176,0.08223575109695674
50177,0.37158986196399474
50178,0.0808342417693874
50179,0.06380586785102826
50180,0.04518143608680032
50181,0.07647689965382387
50182,0.227317735959484
50183,0.832336331629926
50184,0.04430910838516145
50185,0.46740492107376963
50186,0.11187582911105416
50187,0.6602109343468315
50188,0.130027341915072
50189,0.10921322279097592
50190,0.11184384216053836
50191,0.6319803290012249
50192,0.021149668769604276
50193,0.0895492418919349
50194,0.08607139410619498
50195,0.1703884449126636
50196,0.10047537586153461
50197,0.30403076305567867
50198,0.37204640540932327
50199,0.15243483199261837
50200,0.4239183356222102
50201,0.22155499416009358
50202,0.26486269824600456
50203,0.13611092170870367
50204,0.059811984795966305
50205,0.7556183228139677
50206,0.6471798507100094
50207,0.06169347329162523
50208,0.0789802090497714
50209,0.16247106487022178
50210,0.2091692549180418
50211,0.3925736174100189
50212,0.42366736308507363
50213,0.09369300666687604
50214,0.457166046664407
50215,0.0996326629834284
50216,0.49931466077703
50217,0.05590357521113127
50218,0.1954153221547496
50219,0.02634221333766587
50220,0.08747798703944469
50221,0.09011915303731095
50222,0.17494611980322292
50223,0.07291510825371564
50224,0.2068811806177542
50225,0.3142167030837638
50226,0.13727170212128173
50227,0.3082793204704303
50228,0.11307793374704171
50229,0.19603798898136765
50230,0.08428891544271674
50231,0.5515322463308877
50232,0.07922069572714623
50233,0.46342484205471074
50234,0.23153522689351225
50235,0.11320270968716806
50236,0.0763476373050555
50237,0.07322135253891406
50238,0.5741681024935305
50239,0.25132741023718663
50240,0.10021929312727576
50241,0.06483468343622215
50242,0.35435405243545254
50243,0.08098326628243731
50244,0.08366258224917336
50245,0.07403610738312602
50246,0.3526244592238138
50247,0.40830893314704453
50248,0.1910987258679377
50249,0.10383236008223411
50250,0.37935860230171126
50251,0.044567966866395435
50252,0.06047856022579847
50253,0.09324423581181583
50254,0.17951359345192844
50255,0.10788721993704033
50256,0.10142762462932992
50257,0.4746890387665572
50258,0.05169540819508899
50259,0.09045750010114172
50260,0.06303289602517041
50261,0.7903499170919142
50262,0.050862194139544674
50263,0.13557437455457613
50264,0.07553120729854051
50265,0.6895656533094916
50266,0.14595162461380232
50267,0.10996563209038669
50268,0.10483972973751826
50269,0.17657624079299317
50270,0.23745328165370494
50271,0.0586195922028087
50272,0.11434537386392904
50273,0.08283867265680608
50274,0.22632392292886308
50275,0.06601083733260812
50276,0.04189929278722937
50277,0.19396776026743454
50278,0.6169202174253713
50279,0.1121418400377861
50280,0.09735038951281613
50281,0.04267188629849031
50282,0.05962322391342347
50283,0.5343495632878744
50284,0.08246206374300956
50285,0.21637836023874438
50286,0.05426874058863589
50287,0.37713994984848526
50288,0.04676542304269169
50289,0.30738514014332086
50290,0.0556511113375083
50291,0.5252950917139856
50292,0.10168884698448566
50293,0.12763184093219818
50294,0.11613976014717416
50295,0.23465561132342208
50296,0.6139427974509597
50297,0.059618178726502116
50298,0.10359733878344922
50299,0.09617571611445933
50300,0.24008001095289017
50301,0.05496314857156809
50302,0.7275985848739691
50303,0.47950499702685684
50304,0.23548365015158992
50305,0.0946505588326698
50306,0.0734939714550304
50307,0.05580206190627365
50308,0.1951561867463873
50309,0.10686300131342027
50310,0.642777642912828
50311,0.7313903396022409
50312,0.16943671910991145
50313,0.1051046088501571
50314,0.7901556403802736
50315,0.10159820246896002
50316,0.38178678613277844
50317,0.11186259306375426
50318,0.09837221620757232
50319,0.07059122954100187
50320,0.0826976901059357
50321,0.19617819184788227
50322,0.07069575465455528
50323,0.4014035553705507
50324,0.12189786313999994
50325,0.1163187686673453
50326,0.08556729146638072
50327,0.23017345550623822
50328,0.1148801738123194
50329,0.196277186399842
50330,0.3386474642165209
50331,0.19942658088342433
50332,0.2301547470500618
50333,0.7486284971501236
50334,0.10049615530502844
50335,0.6313759840448632
50336,0.09735517965451275
50337,0.05698935647462302
50338,0.47233920004002394
50339,0.07282448650526771
50340,0.11440509310377996
50341,0.07932177091843144
50342,0.1662156121168096
50343,0.46293211175310084
50344,0.10804375657247424
50345,0.5340405580751283
50346,0.13249985465848654
50347,0.2515736570909045
50348,0.10067378795739365
50349,0.0629560547028618
50350,0.03679970177188346
50351,0.09335201959253667
50352,0.23143436013285096
50353,0.1170899423142967
50354,0.45456859471365163
50355,0.058348389294216776
50356,0.37490433746905
50357,0.06416975866617657
50358,0.12259461606197684
50359,0.0738609096294385
50360,0.06836175393757998
50361,0.08587253653941489
50362,0.7563605437551205
50363,0.1324496266708618
50364,0.6314872698915098
50365,0.1715763228408248
50366,0.3750819143891509
50367,0.05110556563279509
50368,0.08805318200832803
50369,0.3157660335822274
50370,0.4185737506166349
50371,0.23583281620883365
50372,0.036308076610489626
50373,0.04822532221392113
50374,0.13370305137382615
50375,0.21336034164094642
50376,0.14370089605703773
50377,0.35452970672426043
50378,0.042973100913110976
50379,0.21404916622835196
50380,0.21337159024430338
50381,0.06283827930483588
50382,0.11870827147347207
50383,0.1593280461371559
50384,0.07153776849683116
50385,0.04745250910779311
50386,0.6481102892403209
50387,0.08313904717376884
50388,0.06114323415276382
50389,0.04479873132219869
50390,0.1346714541776281
50391,0.11218319381734396
50392,0.09458782701091134
50393,0.09947793335159752
50394,0.29483053687285765
50395,0.6512670926127558
50396,0.06373236612950714
50397,0.329501349794925
50398,0.0905418037924596
50399,0.18559838201967602
50400,0.07061150453003277
50401,0.3744271332675595
50402,0.12248644476125299
50403,0.05816701999549436
50404,0.09867615826858543
50405,0.373240432382195
50406,0.32083103107215205
50407,0.044455228203706926
50408,0.19935724636308838
50409,0.12485896037418426
50410,0.056037205188568584
50411,0.6756494461959803
50412,0.18635951979115262
50413,0.11744995403052494
50414,0.06572905806989408
50415,0.15525566045643344
50416,0.04753738443458456
50417,0.12272686861039382
50418,0.4956563298670119
50419,0.09839566867849651
50420,0.12765111278335076
50421,0.04213112308833081
50422,0.11155829676950461
50423,0.2983809388256099
50424,0.6057262327137903
50425,0.08633059192119424
50426,0.11659745054063414
50427,0.04823612130902967
50428,0.5527377660751892
50429,0.07514679995735728
50430,0.04715075442271743
50431,0.08339159104363857
50432,0.1364831669280819
50433,0.19392861310750903
50434,0.05671173047510313
50435,0.754525439009491
50436,0.13148222853154523
50437,0.11035848792954318
50438,0.45818576857249566
50439,0.3573596899604227
50440,0.3083934675567555
50441,0.6275874857040697
50442,0.052939933567336624
50443,0.4151368132192708
50444,0.5988787778826586
50445,0.5826681926562378
50446,0.21037984951389802
50447,0.11018446317753018
50448,0.2699640135311128
50449,0.4698932503210302
50450,0.488315213506833
50451,0.4832599585612066
50452,0.09816882037329978
50453,0.5391371280589277
50454,0.07016190381745624
50455,0.4444591577934404
50456,0.061141910082641825
50457,0.11066127311682976
50458,0.24521339004744452
50459,0.3622393612765713
50460,0.10090397246707676
50461,0.501613582075501
50462,0.24587363654707833
50463,0.06034917829833168
50464,0.07046466331817096
50465,0.03957718309198003
50466,0.13142417864735667
50467,0.5643180033336777
50468,0.02807624160870499
50469,0.3983690882983403
50470,0.03274441989243415
50471,0.5836305662663964
50472,0.2546048857003922
50473,0.4615103431038065
50474,0.759901634636035
50475,0.1539719591429479
50476,0.06970035357296621
50477,0.11001588768753405
50478,0.05484063923156195
50479,0.07242437361877657
50480,0.14706938964833222
50481,0.4621278567772657
50482,0.3283172071837859
50483,0.05455425360909146
50484,0.13463465388031184
50485,0.04585811169881906
50486,0.08605838198982649
50487,0.060011950416527605
50488,0.2604227167981255
50489,0.23337457579068768
50490,0.057154968425191084
50491,0.04537391213330847
50492,0.062390541004552325
50493,0.07262317027984821
50494,0.14801356430771648
50495,0.5066747156412976
50496,0.18511680244815937
50497,0.16935244532438096
50498,0.09020567456542128
50499,0.07651773152415878
50500,0.7650991242707474
50501,0.060071186952702894
50502,0.1341972427148631
50503,0.030897769446481968
50504,0.401280322459863
50505,0.03452967615635811
50506,0.07505228306669101
50507,0.13524235898568576
50508,0.048288459796540346
50509,0.5340279647218357
50510,0.11924620658895067
50511,0.10620486870554151
50512,0.04167902959604794
50513,0.3209164098452777
50514,0.6098852551826336
50515,0.04128923932346014
50516,0.46849532586642917
50517,0.051993740754200934
50518,0.110915469856803
50519,0.23676377139926102
50520,0.1898478416086532
50521,0.45710203398662086
50522,0.45013393783284084
50523,0.2509408676122532
50524,0.10485528925008362
50525,0.10373742225363312
50526,0.09921314717179093
50527,0.076204202361458
50528,0.06946596840280314
50529,0.04876854790591912
50530,0.1874756889907893
50531,0.39909997798404734
50532,0.06743972682933633
50533,0.06470582763897006
50534,0.07357207539487061
50535,0.1283945697550583
50536,0.05436969206947784
50537,0.14355081985889317
50538,0.10727181504812587
50539,0.1250724803982884
50540,0.07997389613908985
50541,0.09538277248044555
50542,0.3113660477119774
50543,0.5061813094389631
50544,0.05619480818774459
50545,0.1554923479718983
50546,0.1833824110188475
50547,0.08445436998589549
50548,0.6922947682731146
50549,0.31231766193860827
50550,0.1947324586050611
50551,0.06822461519932853
50552,0.6597926224738482
50553,0.03684518520883615
50554,0.089108851628745
50555,0.7773378814737776
50556,0.08138331659117996
50557,0.14536319353610253
50558,0.038976483083483476
50559,0.7424591114936961
50560,0.3040125001101569
50561,0.095281583656348
50562,0.079985560699435
50563,0.1401462095323632
50564,0.4635826202688406
50565,0.3374603544203739
50566,0.12498187934921426
50567,0.6669221103620302
50568,0.07375646604679421
50569,0.03600830396781919
50570,0.32474108974215277
50571,0.12896170880723437
50572,0.17958608112901694
50573,0.07531322016723349
50574,0.22214659733069808
50575,0.03774314591209209
50576,0.08307435958758723
50577,0.13336934932863614
50578,0.12141407252431312
50579,0.05701652469590419
50580,0.14018439234937025
50581,0.2975314613451275
50582,0.04208442556180058
50583,0.13056253953534402
50584,0.09628006491919115
50585,0.05111278323187823
50586,0.23665843481577487
50587,0.06556358412440833
50588,0.4989273485274031
50589,0.18909537155767092
50590,0.7471881228854935
50591,0.09167797183889598
50592,0.3644215880556202
50593,0.18520331612447713
50594,0.16551950560259224
50595,0.10002108896469727
50596,0.1524610177042707
50597,0.19731535172778897
50598,0.07448045484139418
50599,0.3143778913053524
50600,0.45688168650963346
50601,0.16898779050375398
50602,0.7087517869019815
50603,0.06378654988902456
50604,0.46499828942854465
50605,0.3107583627552856
50606,0.0826952223176892
50607,0.2224153423156466
50608,0.1127230138061946
50609,0.23305609576162942
50610,0.09887420948402625
50611,0.07245407271855221
50612,0.08865702579934538
50613,0.09298429181853987
50614,0.09612091955242175
50615,0.0542777829037303
50616,0.14483837990260726
50617,0.38721315749443896
50618,0.16718336933040479
50619,0.29373109393079827
50620,0.09548111146892234
50621,0.13455735490934154
50622,0.03784342885150945
50623,0.08951287988782901
50624,0.3666116698303885
50625,0.09865897325375907
50626,0.14638151532571328
50627,0.08489138385716605
50628,0.3533965350154932
50629,0.19318834703603033
50630,0.10190431476547133
50631,0.22432848718349457
50632,0.22821428139497169
50633,0.07525145668835331
50634,0.4484218931624411
50635,0.41364121947179555
50636,0.10107811548160561
50637,0.04406640944153924
50638,0.38770857514542956
50639,0.41442383769171165
50640,0.060834396037787224
50641,0.03739814961153423
50642,0.07366049200134006
50643,0.47614436952795597
50644,0.08437001189245392
50645,0.10423734164518622
50646,0.20883399130111735
50647,0.09619409177181415
50648,0.1419888830218932
50649,0.0557220515507458
50650,0.06153646681750922
50651,0.19373111214694763
50652,0.22152222662320706
50653,0.4821326663074232
50654,0.13193690683162168
50655,0.6895292002948838
50656,0.07773930926240946
50657,0.07461532072823134
50658,0.0676765620121115
50659,0.10162195798076995
50660,0.5405469231436237
50661,0.49564864814509196
50662,0.1312513990585627
50663,0.7551776165077612
50664,0.07064557651633833
50665,0.3136063605273949
50666,0.585910878218948
50667,0.5677199687585499
50668,0.14162830105368868
50669,0.43803496352979654
50670,0.1349192630983686
50671,0.08286253643636173
50672,0.08782698641325921
50673,0.07213242224689154
50674,0.07015012540054606
50675,0.23993920319686055
50676,0.19067175337194764
50677,0.5440303157826833
50678,0.07653023742430633
50679,0.1985510530641795
50680,0.2165553054410201
50681,0.023122696482920174
50682,0.4733822105774206
50683,0.20230299078341793
50684,0.06520735264102448
50685,0.34714441219712733
50686,0.27014495145734474
50687,0.057424740638593444
50688,0.8452575303433156
50689,0.06459845052991273
50690,0.7598788039538227
50691,0.4569636180991397
50692,0.16746592161586146
50693,0.21848275123727537
50694,0.1202071940173035
50695,0.07794186308612963
50696,0.07888597960320604
50697,0.10068310975453673
50698,0.16107222548724898
50699,0.15130870969222962
50700,0.06173277490456936
50701,0.47972828242958193
50702,0.16776266620543573
50703,0.12373455485915325
50704,0.4740157551070458
50705,0.10170303535605778
50706,0.08130264182279595
50707,0.11755003173524471
50708,0.43725750064105073
50709,0.08406346755106031
50710,0.38193759745444295
50711,0.09521396358277685
50712,0.1048264039886894
50713,0.05810191091393131
50714,0.6862813544837697
50715,0.08892017383898698
50716,0.6214843337855688
50717,0.19406736252886025
50718,0.5061399035705806
50719,0.11278395202550336
50720,0.7393069394832842
50721,0.06515765049127988
50722,0.14052672250240594
50723,0.13995676339550528
50724,0.4250088967269242
50725,0.05165039425716606
50726,0.0382900081198501
50727,0.046216053270448525
50728,0.19188204983921792
50729,0.03828013420190579
50730,0.14539206437535565
50731,0.10695658248600456
50732,0.11521078765701641
50733,0.24304249392929062
50734,0.24288397937805012
50735,0.09149183033889634
50736,0.08709553835119967
50737,0.07865580478408019
50738,0.2251176385158603
50739,0.17046534998203142
50740,0.20114410115775083
50741,0.10560654252313628
50742,0.22205544052862014
50743,0.29094947863070203
50744,0.09875887203728757
50745,0.10005307866337297
50746,0.20280737590905248
50747,0.062461943481597997
50748,0.07808108762884063
50749,0.08617070498726513
50750,0.05733629188239217
50751,0.05204004747293995
50752,0.17765055678903716
50753,0.16642767259106359
50754,0.10031917087804715
50755,0.28849868047295124
50756,0.7842472731821908
50757,0.6026492241345205
50758,0.3114531213727303
50759,0.08261981044406787
50760,0.045584074856799064
50761,0.6182964283977412
50762,0.06044825638169428
50763,0.04255289576149856
50764,0.10570608245128667
50765,0.06121203567272567
50766,0.03435012200726225
50767,0.15043002917915088
50768,0.13550840741478964
50769,0.29417471887061974
50770,0.16052375587057854
50771,0.10568630952408266
50772,0.3205036710558952
50773,0.5839935786742941
50774,0.2160804806087592
50775,0.27841914428371006
50776,0.5919265397839827
50777,0.2905965016183885
50778,0.1546428401282632
50779,0.49024607529046316
50780,0.24826848454171307
50781,0.07490194260882342
50782,0.7822058732043327
50783,0.1775352571984903
50784,0.12723964914539052
50785,0.5925735441578983
50786,0.10793049167854754
50787,0.08427245883514856
50788,0.044675093616562134
50789,0.43786825316889927
50790,0.17616737713516634
50791,0.33463405027016974
50792,0.21573009679696176
50793,0.24559323502881056
50794,0.09419455931238081
50795,0.18124421003527397
50796,0.06093185294602196
50797,0.23549516527970463
50798,0.17087535983678778
50799,0.22088480102340502
50800,0.1510853499466275
50801,0.12212048301800739
50802,0.09332015822802499
50803,0.040836537667026385
50804,0.4635299616357366
50805,0.05365706282296934
50806,0.16245017482243274
50807,0.1909023400728284
50808,0.191254923991844
50809,0.13061412004538347
50810,0.1224369547442421
50811,0.5101923402076891
50812,0.05486012360053295
50813,0.09479517814257017
50814,0.3083914129140093
50815,0.45756483254128794
50816,0.6323129695443078
50817,0.19647208219729725
50818,0.11192881495417656
50819,0.36936926282842814
50820,0.3657270827406196
50821,0.05728637373242596
50822,0.17788141774680236
50823,0.05308391832550212
50824,0.12290539744080119
50825,0.23570293437876405
50826,0.08373325088654747
50827,0.16474566257679074
50828,0.16536861413582396
50829,0.10837835791151938
50830,0.24041704679628165
50831,0.09280368553125667
50832,0.14279767947629046
50833,0.03759402899325896
50834,0.3492264879789074
50835,0.27670202501786645
50836,0.03247610501943907
50837,0.05409060472237268
50838,0.18278367227023914
50839,0.06195157946190814
50840,0.06893724511560305
50841,0.47937569130216673
50842,0.0458942792193732
50843,0.03768181618224117
50844,0.04302311748243412
50845,0.03873800956533812
50846,0.10152198006263323
50847,0.260747733348315
50848,0.6572751079707637
50849,0.17481578394109795
50850,0.23518054083158085
50851,0.03717280447022983
50852,0.19464040511434091
50853,0.028243854146497053
50854,0.08232874541416542
50855,0.04528010995865066
50856,0.507707211152454
50857,0.13545903022160277
50858,0.07622598736601681
50859,0.260652081948216
50860,0.06962977565557464
50861,0.12040292874983194
50862,0.33072097064736533
50863,0.05329909709538513
50864,0.06214312753609302
50865,0.37452754967276447
50866,0.16485827364345343
50867,0.4111167864540807
50868,0.2271452850474233
50869,0.07907569418537927
50870,0.07611387606552061
50871,0.08320252108091009
50872,0.08686758641429489
50873,0.46592604671866683
50874,0.5402179623447904
50875,0.44517797060502623
50876,0.053641395297951554
50877,0.6039837843675608
50878,0.4612573528690942
50879,0.056033404217605186
50880,0.11403945857014658
50881,0.05095792875007429
50882,0.8282582985842006
50883,0.21054439991240503
50884,0.05069914484422139
50885,0.3988576598731004
50886,0.17978067720726973
50887,0.08527631869509425
50888,0.15275371804061008
50889,0.7990325737108426
50890,0.10038775911647005
50891,0.2327482012903195
50892,0.41885343698467953
50893,0.08495998993941015
50894,0.1072124025765234
50895,0.04559744224941049
50896,0.08571496792045756
50897,0.31115400430092477
50898,0.25689411728303263
50899,0.039489807997133156
50900,0.21956495417597344
50901,0.2311757577174345
50902,0.7082460676664136
50903,0.052645581729470224
50904,0.6609492131300724
50905,0.37823018394110053
50906,0.08451327120045743
50907,0.16684836459183902
50908,0.08447833919371703
50909,0.4427264252897161
50910,0.1608398175659042
50911,0.09718884179297704
50912,0.5445687000323667
50913,0.11476920771699677
50914,0.06941337374477591
50915,0.06259894937474315
50916,0.05831444511246129
50917,0.029228527366531896
50918,0.11056026540457421
50919,0.11324656725608681
50920,0.09644330565534565
50921,0.08008433343758284
50922,0.6056321472850986
50923,0.17527010760545836
50924,0.11417459547365956
50925,0.08826394119259282
50926,0.508406258577492
50927,0.07155557695401119
50928,0.07343502513947268
50929,0.10324935653214687
50930,0.2418791583883737
50931,0.06708343612228616
50932,0.4244274907789216
50933,0.06283686914868825
50934,0.17337484756289978
50935,0.036525316879834756
50936,0.08131893759067042
50937,0.0618423077225367
50938,0.39323120674097944
50939,0.3762486951273159
50940,0.09433475764916797
50941,0.05543646030042295
50942,0.11447030641359685
50943,0.5584708117262639
50944,0.036153181108382414
50945,0.05182454405582595
50946,0.3931448997623951
50947,0.13801419140477778
50948,0.10270776498100066
50949,0.6743395297964054
50950,0.4310061794563433
50951,0.0570162595910868
50952,0.059280927015707585
50953,0.2709501868325412
50954,0.19283308628439863
50955,0.08783354449155635
50956,0.05659318173062497
50957,0.5303424282906585
50958,0.5126312616394754
50959,0.06835391267521287
50960,0.1948927550786104
50961,0.18162487736575622
50962,0.43154789732033294
50963,0.22951524651955726
50964,0.09299334083480851
50965,0.1251933501087273
50966,0.16673893721696928
50967,0.6896675601023851
50968,0.3839150398804083
50969,0.3203420315584813
50970,0.7012643311280463
50971,0.21972387188192874
50972,0.32427372166240587
50973,0.07433715192152335
50974,0.3981256522476369
50975,0.22083992287253404
50976,0.15819118181347674
50977,0.11969802368466742
50978,0.10005499449242895
50979,0.6510195939266441
50980,0.05717092233639974
50981,0.30557769739718477
50982,0.042449145829436256
50983,0.0731956654551847
50984,0.1788064744560673
50985,0.08160902171101868
50986,0.531362868013473
50987,0.10003998637559165
50988,0.2035268852434424
50989,0.15677694755438742
50990,0.21186846811323246
50991,0.058446222699229736
50992,0.06803952294326887
50993,0.08584154817925124
50994,0.12751816788729678
50995,0.048294957765191264
50996,0.08174424337993073
50997,0.12012882903878731
50998,0.3992567610998481
50999,0.4846681366338253
51000,0.08288840341527273
51001,0.08797860828604746
51002,0.13051246329001637
51003,0.4610488701337343
51004,0.059311132048273825
51005,0.04738478834817836
51006,0.03129711585025743
51007,0.19874939129839017
51008,0.058287359821264866
51009,0.71046425550942
51010,0.09557830546930045
51011,0.327183086870283
51012,0.08666061504444131
51013,0.7422631325250266
51014,0.08604367909929325
51015,0.6339317764267159
51016,0.06200837425429148
51017,0.12988341026363068
51018,0.22882950449408673
51019,0.34327276137365736
51020,0.33516159239051535
51021,0.06380897831783128
51022,0.03644874688011991
51023,0.281552805871166
51024,0.367801416427825
51025,0.05391107725221812
51026,0.04305425307382449
51027,0.129004908905126
51028,0.04126656816991197
51029,0.09003147052760953
51030,0.35291659244642115
51031,0.15715169154250078
51032,0.12093092896643402
51033,0.09745537675038785
51034,0.06293957746818092
51035,0.18220575360904703
51036,0.2832096081837414
51037,0.20440625221062236
51038,0.07458427553516103
51039,0.1022019532089588
51040,0.3029509904125101
51041,0.1141665043298376
51042,0.16970890334400088
51043,0.11634009331084134
51044,0.25264250737625604
51045,0.1815169712155629
51046,0.1513619855111016
51047,0.15795984050472858
51048,0.7591566626525443
51049,0.12151606742901383
51050,0.08374147780227405
51051,0.038056755057863025
51052,0.8374197017908726
51053,0.1226652285878474
51054,0.10599919004577824
51055,0.7593202706017452
51056,0.19424034845597501
51057,0.21934711511548974
51058,0.7052195844228024
51059,0.32715877089958173
51060,0.20032051734230388
51061,0.3343093616449226
51062,0.02591287529525563
51063,0.09635316408062636
51064,0.37091930726591177
51065,0.16429617813979006
51066,0.584858738455911
51067,0.12358854126746996
51068,0.05837706345474189
51069,0.039028156653054626
51070,0.4145209045731194
51071,0.6599252592940686
51072,0.06184922295942573
51073,0.03849656205028897
51074,0.2634148746026195
51075,0.06520138348879827
51076,0.09855658024372188
51077,0.11728343718855423
51078,0.08880691153106071
51079,0.1831041253247699
51080,0.43192281575294666
51081,0.3893066682052666
51082,0.04500695173732286
51083,0.44004483912020276
51084,0.07782031671519479
51085,0.04119500134060774
51086,0.2606407116855011
51087,0.12875348228866332
51088,0.15341352288101404
51089,0.397521320659238
51090,0.11829487175712368
51091,0.6414367787349724
51092,0.09694574889614617
51093,0.3747767591522551
51094,0.15760091457023642
51095,0.3911887539787793
51096,0.10996751861023753
51097,0.1953084357572186
51098,0.2057051691062042
51099,0.03991471388337168
51100,0.0419136896624478
51101,0.09459187395836363
51102,0.17364771366847012
51103,0.5748757984437299
51104,0.23827081039282225
51105,0.10632732929506557
51106,0.33623500066679035
51107,0.09160375520884155
51108,0.10122895580492482
51109,0.38299199860544836
51110,0.26663189663277115
51111,0.4866766089601082
51112,0.7789819507268547
51113,0.6249642495483133
51114,0.25836487380962314
51115,0.7088121371319765
51116,0.09974958389677258
51117,0.19317882173991335
51118,0.04013724153694523
51119,0.7084833350963491
51120,0.09064210263381091
51121,0.09837501727055027
51122,0.09717870855875678
51123,0.10126406024616758
51124,0.09127455733043499
51125,0.23425249479275062
51126,0.08572051838382869
51127,0.1393512632027363
51128,0.034524209829081075
51129,0.05027374434584529
51130,0.04693699664454866
51131,0.6982247694792992
51132,0.09735508540806163
51133,0.3387734685488234
51134,0.23482455379626482
51135,0.05186452645028339
51136,0.4095119647267668
51137,0.17930796627730278
51138,0.6997874925770688
51139,0.2091237259743823
51140,0.07356310242646752
51141,0.08506499611855899
51142,0.5543460669557922
51143,0.17953048463327778
51144,0.1146192602856124
51145,0.03895671007522182
51146,0.4615127341571154
51147,0.389806472030519
51148,0.2329450013485704
51149,0.05980212055496635
51150,0.3461673886012786
51151,0.126148062822163
51152,0.24446249016919874
51153,0.03412279851747562
51154,0.036441500744104724
51155,0.037725454393116385
51156,0.6425774190355422
51157,0.0733082495367405
51158,0.378188431234628
51159,0.16281287947288775
51160,0.7701721229800077
51161,0.431277383152424
51162,0.08878116998701277
51163,0.04628553519360257
51164,0.3815021785130159
51165,0.08797612900692979
51166,0.18756124847166664
51167,0.49171208513881265
51168,0.11848248792371549
51169,0.150709379887545
51170,0.13375122313507604
51171,0.0629988085597413
51172,0.16564005875184168
51173,0.17622186837465206
51174,0.1798845495484456
51175,0.235521230895749
51176,0.06509374381430136
51177,0.30437585786414484
51178,0.4061818296218264
51179,0.2326482517457056
51180,0.049410840068688545
51181,0.3850413134484366
51182,0.06450997915942525
51183,0.061735823543547494
51184,0.12642798008882516
51185,0.041256771867839215
51186,0.1778374707451559
51187,0.10921469081109857
51188,0.2563423895093643
51189,0.5823185686187379
51190,0.058933775405582846
51191,0.10387939366749699
51192,0.544940819404606
51193,0.35373922311232436
51194,0.08226705478566995
51195,0.29536721907327723
51196,0.13789366999989758
51197,0.17335711879531437
51198,0.13623960625140147
51199,0.057644387350559
51200,0.033142450247609145
51201,0.13174569799482735
51202,0.2437221783919858
51203,0.38720364216135605
51204,0.0887283358558552
51205,0.08272973386065467
51206,0.10740457962542162
51207,0.25517062611638897
51208,0.340241561002983
51209,0.08507381572225986
51210,0.4421418188194811
51211,0.2935379358546394
51212,0.10148726167141939
51213,0.04194488660282764
51214,0.05732656755560537
51215,0.47322928355459654
51216,0.48947831837857675
51217,0.5506412309221961
51218,0.3838927495627146
51219,0.07247062588219301
51220,0.29225173301039004
51221,0.07115048931402398
51222,0.24771108619442883
51223,0.1020353074963733
51224,0.061861399435410754
51225,0.0618370764682261
51226,0.5037319856938983
51227,0.3663150614957802
51228,0.0880556622585728
51229,0.382712682925959
51230,0.08674793446490256
51231,0.11445041807073099
51232,0.15333281867831186
51233,0.06477235581789723
51234,0.05792263395762832
51235,0.22725750151879168
51236,0.08100654318459422
51237,0.1763346271046581
51238,0.17317299311094259
51239,0.2415808202332649
51240,0.5904082291052851
51241,0.09303280931121546
51242,0.03613272850027918
51243,0.09987152802347495
51244,0.2191581038428986
51245,0.05797581702936846
51246,0.10235542149268552
51247,0.046925285490560305
51248,0.15808963131975967
51249,0.6857740061922879
51250,0.23029872403929877
51251,0.14496221746932608
51252,0.05851470505180825
51253,0.05073934881881991
51254,0.2116763420811411
51255,0.06373766029460659
51256,0.2777665420159389
51257,0.4727817722216643
51258,0.06843792710412674
51259,0.06988549933879212
51260,0.12484362362108388
51261,0.10336851236289192
51262,0.08680163123628223
51263,0.09849318563488275
51264,0.04309394437566733
51265,0.3869826853156159
51266,0.13924577617586253
51267,0.13527974203540624
51268,0.07967449078432193
51269,0.12545454280174814
51270,0.09230817679403451
51271,0.045075543562762395
51272,0.0581633243895833
51273,0.46304809354698906
51274,0.13171309454282198
51275,0.08531384938800964
51276,0.22033948499183878
51277,0.19338234131408794
51278,0.03858101142504953
51279,0.08578057231995832
51280,0.1435195601748822
51281,0.4665684060637282
51282,0.5929427908103865
51283,0.09210656800708013
51284,0.6175205077353211
51285,0.22523074252670142
51286,0.049101191222814276
51287,0.06273470113005604
51288,0.38606008469028885
51289,0.5330210277208985
51290,0.12330140826922353
51291,0.6582925445726743
51292,0.20736680898536156
51293,0.11815376995253578
51294,0.027252972232645226
51295,0.27422839528098336
51296,0.10247309807262969
51297,0.6837040269523401
51298,0.336311740330634
51299,0.11477249428619468
51300,0.39047296761428385
51301,0.06550275985262703
51302,0.32513014729816514
51303,0.10134737783845299
51304,0.2263869943154243
51305,0.1989979912286832
51306,0.6105582049703041
51307,0.4837312679356124
51308,0.2377496624240563
51309,0.03990218303220794
51310,0.17856263074407525
51311,0.07977969228858461
51312,0.5737040650497207
51313,0.08677056265276545
51314,0.09227904307969005
51315,0.21228347733193942
51316,0.08935191484828925
51317,0.43676961164357625
51318,0.08127168335607532
51319,0.35885644763363556
51320,0.10590856256062951
51321,0.254237126423166
51322,0.050794666617685794
51323,0.6545824486231547
51324,0.08043366377699361
51325,0.0817069255631118
51326,0.15518150433613118
51327,0.15509713522420582
51328,0.04494181510127089
51329,0.1665653909287523
51330,0.2658374671510813
51331,0.06126624160386447
51332,0.10527963703171256
51333,0.1106513028162009
51334,0.08470596538864712
51335,0.07305169776168056
51336,0.1282567779200503
51337,0.7668902700615277
51338,0.060054570851758554
51339,0.0934262070409898
51340,0.4917229905854601
51341,0.09852210577184922
51342,0.19097280159189875
51343,0.703924222195657
51344,0.0765103059742434
51345,0.07427496825852672
51346,0.3075619274619329
51347,0.2612908275874872
51348,0.12724717445507808
51349,0.080404078358648
51350,0.08854398200564911
51351,0.22358458461513062
51352,0.05778202753554253
51353,0.08085957781498491
51354,0.04565507833743564
51355,0.04833280889231503
51356,0.5534563504201528
51357,0.09144249777470699
51358,0.10093583200910677
51359,0.07450398394296438
51360,0.03288883437514351
51361,0.14610736683069994
51362,0.08444431615758792
51363,0.1838343403309507
51364,0.039675573164329216
51365,0.08631558235113086
51366,0.12146658969685663
51367,0.09268721393461413
51368,0.33606437022288643
51369,0.040307163764118956
51370,0.025560771320466406
51371,0.67479036141612
51372,0.04896511381879891
51373,0.304660823183615
51374,0.21407651604030667
51375,0.4461744661548099
51376,0.19532739954166534
51377,0.07062066795880552
51378,0.5047421523603084
51379,0.11428459430933025
51380,0.12745892330795627
51381,0.4619694191640307
51382,0.2776376751753305
51383,0.15059458196351666
51384,0.1671573724916349
51385,0.10582339142731491
51386,0.08398037041375378
51387,0.12239837281285623
51388,0.13348738725701867
51389,0.07315197583437266
51390,0.24948655098960684
51391,0.10214216083788549
51392,0.07326593593186416
51393,0.09985330187456035
51394,0.21565092068151814
51395,0.17735783264270447
51396,0.05163385158880824
51397,0.19878583297722457
51398,0.31483688009610045
51399,0.32443075013981454
51400,0.4728667027183094
51401,0.16684402351054847
51402,0.19327674861651375
51403,0.17801909364702356
51404,0.07990400635620179
51405,0.07456837756944726
51406,0.26821377392855045
51407,0.3506166936780664
51408,0.7663842413606673
51409,0.04033556830635363
51410,0.1731652878518768
51411,0.08222388266895574
51412,0.11388210930267455
51413,0.12555069208544892
51414,0.14163867587661835
51415,0.1252091525454013
51416,0.4082824647303335
51417,0.13079681725222267
51418,0.07774211687484996
51419,0.12962818172361038
51420,0.07309256520672856
51421,0.07057636247710199
51422,0.16512696451089948
51423,0.046451853073712565
51424,0.19730609385182712
51425,0.047390741975272876
51426,0.04965205976039128
51427,0.1687368302221648
51428,0.0771938452208893
51429,0.23771927233032875
51430,0.07719179564607259
51431,0.0675857137602435
51432,0.19207890039370154
51433,0.11573690334934582
51434,0.20651239338889812
51435,0.22117123612397604
51436,0.08661882771462145
51437,0.503034013749504
51438,0.44785711592522354
51439,0.24078108506652948
51440,0.12852211402773855
51441,0.6286649090801365
51442,0.0633462056858263
51443,0.0792853586868447
51444,0.06104558586998376
51445,0.1645823615100968
51446,0.12573942098052673
51447,0.0739866966880672
51448,0.3846920764596633
51449,0.12224617544348439
51450,0.11796861563868138
51451,0.24953603851622574
51452,0.16261222041187337
51453,0.08008229213585723
51454,0.21073361477639346
51455,0.3919401535826321
51456,0.1870396861241831
51457,0.09680636733700478
51458,0.1053531909281403
51459,0.16843902519989015
51460,0.21874897783584216
51461,0.1665546536412212
51462,0.5344587269329648
51463,0.5858543252438302
51464,0.6110379743298874
51465,0.08355904645451695
51466,0.0653723701039533
51467,0.6962651827605841
51468,0.19384692418312482
51469,0.046101014697642134
51470,0.15554727975711993
51471,0.09802924699694122
51472,0.03398505194444706
51473,0.7045771656541092
51474,0.41310431661181
51475,0.09498071100792374
51476,0.06148463895349621
51477,0.18334910499228632
51478,0.125636374321833
51479,0.46691329752669647
51480,0.4493324024514295
51481,0.08116552286734728
51482,0.05694824420184739
51483,0.09378545030357537
51484,0.08403532178032656
51485,0.05729631218441246
51486,0.08537118754730086
51487,0.10460421184292625
51488,0.05187660708137314
51489,0.1433949133202834
51490,0.06919103640498564
51491,0.0742835245707054
51492,0.5276286907453294
51493,0.16273548837637516
51494,0.3348003973208757
51495,0.052805917478979614
51496,0.16367580520626923
51497,0.44008487600590457
51498,0.4314854462806215
51499,0.06233650744019208
51500,0.3116664736654175
51501,0.08399581065681136
51502,0.1734660105876874
51503,0.08303592876255772
51504,0.12081140176662478
51505,0.03668364110493482
51506,0.09845444182285056
51507,0.061585978337781386
51508,0.04116886339313934
51509,0.04883327520108083
51510,0.20825370626278147
51511,0.05262565275801845
51512,0.24524565232343248
51513,0.37655123857101447
51514,0.13284149028525055
51515,0.23553601074099248
51516,0.15057037839018375
51517,0.32401909796809686
51518,0.577992868342339
51519,0.12635282762206881
51520,0.18753153389728683
51521,0.34353724840018524
51522,0.4448860601274242
51523,0.38567108672218636
51524,0.0332596165153469
51525,0.12636467045897196
51526,0.6152325813667835
51527,0.5601239834763666
51528,0.21098607322283647
51529,0.12789124911347108
51530,0.08074764152718707
51531,0.14055334173733242
51532,0.43185043121865296
51533,0.06396582297888809
51534,0.3860953650601936
51535,0.2839565095802506
51536,0.48426587347530375
51537,0.1988954067869935
51538,0.11321995507949327
51539,0.08618089019795919
51540,0.062130400515133195
51541,0.17175563729797613
51542,0.054144339798506434
51543,0.04939020712416081
51544,0.15154019205963068
51545,0.08783322698528014
51546,0.17111624462125735
51547,0.6254875269770299
51548,0.09077913644175123
51549,0.06833206970018167
51550,0.11429264051780925
51551,0.45795655034445737
51552,0.029469535564434778
51553,0.2054164948729702
51554,0.1663123653078569
51555,0.043462735571076876
51556,0.698743851077304
51557,0.028644481189763937
51558,0.13112919126175995
51559,0.11378171202578555
51560,0.11348795488820818
51561,0.08079580151436624
51562,0.13869661265682678
51563,0.3727627598220908
51564,0.04423545203473507
51565,0.09296013149034799
51566,0.05296833795307215
51567,0.14126246869296344
51568,0.6967951319937697
51569,0.06672987257832728
51570,0.6927197373792302
51571,0.3947360824586783
51572,0.07443019324422966
51573,0.1256546228333433
51574,0.11224316400432002
51575,0.10965577259313583
51576,0.2304459438522079
51577,0.06435918300390057
51578,0.44698350100202294
51579,0.5638719524485901
51580,0.1881734203292616
51581,0.025498034182220818
51582,0.0959957270494818
51583,0.22981794420353366
51584,0.255918145368767
51585,0.21189463613677212
51586,0.7315729705797508
51587,0.21021245419056794
51588,0.1217784557825685
51589,0.3603044835476176
51590,0.17246420586482666
51591,0.06414601957791012
51592,0.17319540212805012
51593,0.27705563292943336
51594,0.055138799326214565
51595,0.41113566339314955
51596,0.1259143436631009
51597,0.4860441501214899
51598,0.0933764663643887
51599,0.4141838813161898
51600,0.22148978677593503
51601,0.12567973670110033
51602,0.03529603801709477
51603,0.10547861613834435
51604,0.6553651106384031
51605,0.13645017854015706
51606,0.07975574106865946
51607,0.7612335806387216
51608,0.12321951227292754
51609,0.41095987275932133
51610,0.07702627451302453
51611,0.3745928220299842
51612,0.39697093142200934
51613,0.595512216721215
51614,0.02650647285618111
51615,0.40109552590347636
51616,0.08416410877733858
51617,0.09626897199005353
51618,0.0816910487815857
51619,0.1838494002671412
51620,0.15494453445392362
51621,0.05230301346246036
51622,0.4402076565569335
51623,0.06935139594284478
51624,0.1381266718266131
51625,0.18915268215262815
51626,0.19357264446153713
51627,0.787916521956551
51628,0.043022906733885626
51629,0.084172791104127
51630,0.15171284679513308
51631,0.08524644221333673
51632,0.32991890686332226
51633,0.24487841978051952
51634,0.02410371994324132
51635,0.049242537079455105
51636,0.2879486672179893
51637,0.11813113619318853
51638,0.06864874883445982
51639,0.17916786644519994
51640,0.41607822248282045
51641,0.7719291862607436
51642,0.34418341378645717
51643,0.03937117549948151
51644,0.20366190960043584
51645,0.4365607728849139
51646,0.16337478986373216
51647,0.06349678901920718
51648,0.28092156170699734
51649,0.03627411502909675
51650,0.32775326085933754
51651,0.36083758094161017
51652,0.15077543282888617
51653,0.053202512406196674
51654,0.3355213843119673
51655,0.5980589279099358
51656,0.12214736913139089
51657,0.09591132772433146
51658,0.03355165517016657
51659,0.09087058292544281
51660,0.09902547537740564
51661,0.10858430357615202
51662,0.22209472314503334
51663,0.39647026310417316
51664,0.23307056703978732
51665,0.11934569319242627
51666,0.2935622087677484
51667,0.6457903428170405
51668,0.6564723719437098
51669,0.24825782753492348
51670,0.4316138085274967
51671,0.15927553684609555
51672,0.37623550252331095
51673,0.10075811867844842
51674,0.3051608831410575
51675,0.09955057246716016
51676,0.647126105787945
51677,0.07796381582805642
51678,0.6276023672507206
51679,0.16454175207793081
51680,0.22570832068304456
51681,0.07780217505718445
51682,0.05212215051876065
51683,0.07769159821844147
51684,0.5768457470541825
51685,0.12618567506205539
51686,0.0773073312341745
51687,0.09282597444888739
51688,0.3862897350928697
51689,0.22682112396431015
51690,0.0890206004295775
51691,0.07056913757713952
51692,0.06572992988768052
51693,0.07852692257630331
51694,0.06430670787668831
51695,0.07569699428628784
51696,0.04556791635970295
51697,0.043742116474845126
51698,0.20538829885637264
51699,0.04293160756183673
51700,0.4299033515351621
51701,0.36423363265027436
51702,0.16069897765716898
51703,0.7964938405778645
51704,0.0978277992856129
51705,0.07394915994364468
51706,0.06583243456816101
51707,0.1652522001211375
51708,0.07664202375417314
51709,0.08342976519127521
51710,0.21390644943878723
51711,0.21300894756198901
51712,0.13390739939713867
51713,0.03638859412424351
51714,0.11480931623863962
51715,0.08776083166344543
51716,0.09478507520720336
51717,0.4418948607451965
51718,0.038000555527644406
51719,0.06710579146360071
51720,0.46084985464478334
51721,0.32442748934496746
51722,0.816613051193139
51723,0.5396444037207877
51724,0.48701517414991097
51725,0.07069230471297121
51726,0.20901406510217518
51727,0.5234219218397742
51728,0.08618515296397421
51729,0.539208611052457
51730,0.12182916492677225
51731,0.06896715538799941
51732,0.09121345162111724
51733,0.3862067773212139
51734,0.09856962279594579
51735,0.1316659769865025
51736,0.37657302232207474
51737,0.24693661699127592
51738,0.060468624963520824
51739,0.39541920723019963
51740,0.03195812742786328
51741,0.062210015127070466
51742,0.15047658268312938
51743,0.12904469927168752
51744,0.09994717411412436
51745,0.48356267433610856
51746,0.07643937829301947
51747,0.31921714486331043
51748,0.08326600988645272
51749,0.09089474825579966
51750,0.18855075442047653
51751,0.03907068957868048
51752,0.13197532805889153
51753,0.10186664299270343
51754,0.46655308497265724
51755,0.029773628559875243
51756,0.10540104084246665
51757,0.33329000317313595
51758,0.44438250346416897
51759,0.13733325028138146
51760,0.10914593756978948
51761,0.17942591432095895
51762,0.7161126624516774
51763,0.07221910715584087
51764,0.05608151819396401
51765,0.3438000930803827
51766,0.029815328738740654
51767,0.24858002401453447
51768,0.059789996191133385
51769,0.49128612608135624
51770,0.6182493468204239
51771,0.0554318015609293
51772,0.8114729656456398
51773,0.3969840726661993
51774,0.44576397047946886
51775,0.12737082518246812
51776,0.06313461375636698
51777,0.1397851056288536
51778,0.642404042917417
51779,0.23067946885375945
51780,0.0801787322118109
51781,0.052307006271510616
51782,0.19295435251557458
51783,0.041891102500831785
51784,0.13728516861043077
51785,0.0323123938223096
51786,0.061591808949625106
51787,0.06131449856496237
51788,0.13766846874315225
51789,0.41798674515626955
51790,0.3111779051442419
51791,0.13796896693910607
51792,0.11435037658207653
51793,0.11299887416038783
51794,0.4559127409981833
51795,0.10318373948281645
51796,0.190501518421753
51797,0.0750945158636794
51798,0.5715759112958044
51799,0.07950999339721497
51800,0.289001211458142
51801,0.0876254447960052
51802,0.11490714469025076
51803,0.3871842760962935
51804,0.32493694147574637
51805,0.07559357020756106
51806,0.09183673185652091
51807,0.10101017453846103
51808,0.23474336697306222
51809,0.1713045388972815
51810,0.1229654944047404
51811,0.6068317088738787
51812,0.08072781702462956
51813,0.16744853991432443
51814,0.10767157679209817
51815,0.1844477130978247
51816,0.2267155680448207
51817,0.0745604787747078
51818,0.1558252790869651
51819,0.08734730135678444
51820,0.209244881723672
51821,0.03673027874684192
51822,0.18046744429523465
51823,0.05298662322172214
51824,0.14123569816996487
51825,0.12605450487568964
51826,0.06020264971790831
51827,0.08750560184628073
51828,0.10259809870762941
51829,0.08132747299916285
51830,0.4764368805077883
51831,0.10398149324333757
51832,0.04145530737116036
51833,0.15887477258467367
51834,0.21854563304440025
51835,0.06540638192458374
51836,0.30296661513563045
51837,0.36657326646757243
51838,0.08296108764540729
51839,0.3122683858359544
51840,0.18681124199340396
51841,0.1319695130689884
51842,0.162940671399316
51843,0.5750855421597342
51844,0.05830843003594728
51845,0.04719399021084503
51846,0.03218422728500005
51847,0.07758872667276288
51848,0.08608197538001736
51849,0.05282506287218692
51850,0.24338887456315797
51851,0.17763197280042173
51852,0.30753330208436586
51853,0.06320792372444409
51854,0.380843887824271
51855,0.12454872395557189
51856,0.23346913149337922
51857,0.08399321410606983
51858,0.603713803810653
51859,0.37010232438398744
51860,0.09018197544951588
51861,0.562872251286756
51862,0.11053463442612385
51863,0.0859639217328806
51864,0.707672696836207
51865,0.12032003637792622
51866,0.46547278402504333
51867,0.09368382676649355
51868,0.11190341924183571
51869,0.04031078325249628
51870,0.1981805533487508
51871,0.09254118654790719
51872,0.4567724104819153
51873,0.10735759962549186
51874,0.08556403669613427
51875,0.07172736939737204
51876,0.11190311352864943
51877,0.3771808150700261
51878,0.4312656086615035
51879,0.12734856008399534
51880,0.21530216827530016
51881,0.04565781600600798
51882,0.1105809765646831
51883,0.2988460100470841
51884,0.19897763581097938
51885,0.06596569558317472
51886,0.4854170804365951
51887,0.09059322456527072
51888,0.029803285938486936
51889,0.07114156263146004
51890,0.08469762048680606
51891,0.6236311647656892
51892,0.22172807145424248
51893,0.6068278220788108
51894,0.07866922453270261
51895,0.04127340293626306
51896,0.032853694183971605
51897,0.08423735883388858
51898,0.7098815764100119
51899,0.19582446496024816
51900,0.0836336880325275
51901,0.5315118105622203
51902,0.27506333481300627
51903,0.48398775301647795
51904,0.05797572785157568
51905,0.2424047762545365
51906,0.25657240004813064
51907,0.08488788537019852
51908,0.12911998229945088
51909,0.5028971470043241
51910,0.07813901486580085
51911,0.19595369302104212
51912,0.4934477127624449
51913,0.09987223587943421
51914,0.10264771670151612
51915,0.09044854825477394
51916,0.6512590010530832
51917,0.1681741219505829
51918,0.366545440787274
51919,0.36189503785153687
51920,0.06168515436954299
51921,0.2748738455445243
51922,0.047852987391490714
51923,0.1337113162783695
51924,0.1016993426393238
51925,0.11520521563528495
51926,0.044243574973853214
51927,0.04148762374658326
51928,0.23539348657320355
51929,0.05999804922194607
51930,0.1099155864295153
51931,0.08365301337914875
51932,0.10891776776771282
51933,0.47126207458435765
51934,0.6129657530725829
51935,0.07323117598080632
51936,0.21214388704766418
51937,0.4723238796885466
51938,0.0751698195393954
51939,0.0562073783548591
51940,0.4486507539276412
51941,0.11846369054556696
51942,0.09396334415476616
51943,0.4917129376418254
51944,0.034648869370805774
51945,0.09585829904506278
51946,0.07616401150979253
51947,0.10097145827271427
51948,0.15116759420243497
51949,0.11091801123717017
51950,0.09338425699066968
51951,0.06538993533771816
51952,0.051929937370243304
51953,0.127034101810908
51954,0.7251435171633384
51955,0.29592346504106054
51956,0.10213202115767127
51957,0.10528410144688219
51958,0.1388090383716655
51959,0.6282633891665556
51960,0.045549129806644766
51961,0.07907218804206312
51962,0.0486992092369536
51963,0.07245251198134336
51964,0.09178200157022365
51965,0.2900065197756985
51966,0.04777765224712029
51967,0.055476888532161914
51968,0.6332120047448334
51969,0.09138635970527038
51970,0.5568705546332599
51971,0.06470620416362767
51972,0.2710270829200221
51973,0.3167540162464473
51974,0.6373998781024397
51975,0.04850439668224229
51976,0.24323611090687752
51977,0.5971982072597246
51978,0.48172462581197856
51979,0.20805680508452892
51980,0.18228631762994862
51981,0.08788052600108494
51982,0.7277477415881531
51983,0.1085689168418438
51984,0.20853691347241762
51985,0.07288182318513682
51986,0.07228170431736171
51987,0.057106600873101765
51988,0.0828012720185101
51989,0.028414222247537743
51990,0.07660292028476022
51991,0.12923722566475643
51992,0.10522505346402143
51993,0.4579536083842523
51994,0.04185117976414125
51995,0.04519890759529681
51996,0.06732851025096605
51997,0.06885951450196706
51998,0.24601124197703322
51999,0.10053238768094305
52000,0.08253220936145059
52001,0.07214945994651725
52002,0.35661176689934637
52003,0.7051950894970985
52004,0.033941788722096404
52005,0.05610674641548242
52006,0.1477762975013336
52007,0.06506668174036004
52008,0.20722473007444042
52009,0.05423212084221314
52010,0.539261031815897
52011,0.08619453895264681
52012,0.25787071607461937
52013,0.09726033843302624
52014,0.22454864537113595
52015,0.08115165156226267
52016,0.0656664552506307
52017,0.07606476838991746
52018,0.1619300099958592
52019,0.20030282992149145
52020,0.09484619592273777
52021,0.07405657716432713
52022,0.20447079921695446
52023,0.12152201015590236
52024,0.1668986638761474
52025,0.4995129640722433
52026,0.037673655362697005
52027,0.08381147617017418
52028,0.09152228131915079
52029,0.057700365797262225
52030,0.15338986143495334
52031,0.09614331407807855
52032,0.4988620609832583
52033,0.04543807736487439
52034,0.18734233609323703
52035,0.09412162716803368
52036,0.1115257235965305
52037,0.12020072010292963
52038,0.14991023939436757
52039,0.08044621474132055
52040,0.6408076673328765
52041,0.02648323156929315
52042,0.18729533997486358
52043,0.049547005378974475
52044,0.10725409728732167
52045,0.11736903798706928
52046,0.22609282142781761
52047,0.3320875853920802
52048,0.1258474372644259
52049,0.3072965026773281
52050,0.20269713332323125
52051,0.21262309700172363
52052,0.06230722947347317
52053,0.05898809227181996
52054,0.7486425451947084
52055,0.08493843904016472
52056,0.07366386889181112
52057,0.1492645826313763
52058,0.36576159681698295
52059,0.2791999725019897
52060,0.1299261674049314
52061,0.08911880778911409
52062,0.2364187590848701
52063,0.09598905205746135
52064,0.26786593991850766
52065,0.17110328682317233
52066,0.06883313059230822
52067,0.06095043241168554
52068,0.4127165147659235
52069,0.10675534095663795
52070,0.6754672335607222
52071,0.08825087424093661
52072,0.5682653313603229
52073,0.08705494248381616
52074,0.3881362552474044
52075,0.05837141392421858
52076,0.09560537290062102
52077,0.040103108661463625
52078,0.06036131960951895
52079,0.19102400773351194
52080,0.1129695619078066
52081,0.14164878254446472
52082,0.7273740120528555
52083,0.10444419009993033
52084,0.6826809434039848
52085,0.07374022920122429
52086,0.40965933955307343
52087,0.06107203346622413
52088,0.08538780616067704
52089,0.3903454581211088
52090,0.07868729557911312
52091,0.10273081600109911
52092,0.07794102425948704
52093,0.07943165124390288
52094,0.6696302855224416
52095,0.034981915584247146
52096,0.08952216922394209
52097,0.3411072701162036
52098,0.06917549487495792
52099,0.35157474524666743
52100,0.12995831149846854
52101,0.3457204825860066
52102,0.13904337664687044
52103,0.07986597089318927
52104,0.15085840916187815
52105,0.10531797199381755
52106,0.18633456352324523
52107,0.19796703431586637
52108,0.11699730995974512
52109,0.10850023591888966
52110,0.4062221050979331
52111,0.09451731843920107
52112,0.04724653395311405
52113,0.06916338690493058
52114,0.09543033674513413
52115,0.0497029332830162
52116,0.12460150665680991
52117,0.16288180317292464
52118,0.045442920158839085
52119,0.049920232027225765
52120,0.1449249756486152
52121,0.14541741829760124
52122,0.08019910613639582
52123,0.15632893026566586
52124,0.1277860018127616
52125,0.38483095969796705
52126,0.11472529236676787
52127,0.1974951401083341
52128,0.04577494320259233
52129,0.26415872067843194
52130,0.06448934553862994
52131,0.2325392043245992
52132,0.1213575391402224
52133,0.07325711460618052
52134,0.1149079900281946
52135,0.10870701642015852
52136,0.05773923386160709
52137,0.22519642402595988
52138,0.6977961558390823
52139,0.07639001940072133
52140,0.06437517516456137
52141,0.12148207514343182
52142,0.3159630958937854
52143,0.10321814173293
52144,0.10703740873135288
52145,0.570822836067721
52146,0.16545399229253258
52147,0.35057615232191897
52148,0.11598787995801563
52149,0.04625623488322832
52150,0.3489804487308517
52151,0.09811493771962676
52152,0.0768303554880636
52153,0.427908952873368
52154,0.12999741375926518
52155,0.12402601146017232
52156,0.08217256235508866
52157,0.30421414730363505
52158,0.5285983638933138
52159,0.550051408056778
52160,0.36390593787123593
52161,0.04842559681484753
52162,0.2628578708499546
52163,0.20908528520152983
52164,0.44008190281725507
52165,0.11093115242053213
52166,0.3482476621113314
52167,0.19621181937225585
52168,0.1080753266713405
52169,0.09493052047687409
52170,0.06348515546319139
52171,0.20831007521960834
52172,0.1523308187252916
52173,0.04208715892735556
52174,0.5378901226245543
52175,0.1087963469842132
52176,0.3553418819258064
52177,0.39710876155102215
52178,0.5692728270286715
52179,0.30723665626094154
52180,0.07961717570550579
52181,0.07642048315777006
52182,0.046364316806612675
52183,0.5761983514224263
52184,0.34090191055415414
52185,0.05515965957394915
52186,0.3580607450916424
52187,0.14367983524344458
52188,0.07860082392315944
52189,0.04238202151848812
52190,0.05575503425552585
52191,0.10939528397604886
52192,0.3852410777674468
52193,0.2349452237870237
52194,0.26919762938744274
52195,0.5086411500281538
52196,0.12319507787778683
52197,0.45210927980419463
52198,0.040477983126198755
52199,0.04820884887341432
52200,0.17299363330541234
52201,0.09426069831333947
52202,0.045007449568425124
52203,0.08776271054779405
52204,0.0670844125312156
52205,0.04889754472359137
52206,0.07020235251483495
52207,0.08413733587507082
52208,0.07676828972102934
52209,0.1993792311090034
52210,0.10020088551415803
52211,0.5696633882213772
52212,0.11940012483425015
52213,0.044576136081106686
52214,0.7480084598536507
52215,0.12442675736783883
52216,0.039975735611222085
52217,0.060648614646601665
52218,0.09268929759052026
52219,0.11874274466082854
52220,0.04983650305264086
52221,0.046078573114948916
52222,0.14492947372450918
52223,0.13473449096893414
52224,0.3911423975220609
52225,0.18454814399144373
52226,0.13356285796292186
52227,0.4603117932830245
52228,0.04176101903072605
52229,0.06768757921220046
52230,0.39044311013201155
52231,0.027990267348100596
52232,0.11627079639628476
52233,0.4414503619082442
52234,0.06889844774208496
52235,0.25821564227125976
52236,0.20657529421349016
52237,0.12491357387280429
52238,0.23696190063146125
52239,0.5886869743014639
52240,0.153894399316637
52241,0.11780162340985051
52242,0.19966044980828182
52243,0.1310513828663092
52244,0.5821334125783679
52245,0.09164165529517186
52246,0.6163072198219004
52247,0.47848773703356157
52248,0.7445932800266223
52249,0.19297726677075705
52250,0.5337697502308677
52251,0.1891502173994689
52252,0.09469094736835307
52253,0.07353483725136604
52254,0.10243709376683437
52255,0.2665501844177625
52256,0.2201732493350931
52257,0.27135853576922203
52258,0.10133154679395032
52259,0.0587672598881902
52260,0.08445863892922771
52261,0.1751070731068949
52262,0.07380117104097073
52263,0.11303728976203861
52264,0.21169592127696543
52265,0.04215107169951485
52266,0.5417269166377376
52267,0.1280566125039133
52268,0.11535179244118673
52269,0.09733726586234642
52270,0.04930447696489108
52271,0.37329286581155446
52272,0.07218654500889735
52273,0.2245396043991944
52274,0.04507758215722087
52275,0.08870382913742814
52276,0.1949466725772838
52277,0.09785785529950977
52278,0.06068625308258879
52279,0.053167685764143706
52280,0.6176875430400511
52281,0.06835627872834638
52282,0.27409636313219443
52283,0.15700286623639007
52284,0.15314754346622175
52285,0.10054300557170957
52286,0.23254108573062315
52287,0.08040474320353967
52288,0.306335616468881
52289,0.03431192399444047
52290,0.5261783495986936
52291,0.1486740975088181
52292,0.22739192190820878
52293,0.08879864836551966
52294,0.05261376876706776
52295,0.5148606787213887
52296,0.12762663631935514
52297,0.05531694703583008
52298,0.134536064298345
52299,0.06938934808066125
52300,0.208632293680509
52301,0.18039432346859555
52302,0.2637741490948083
52303,0.1366819779407111
52304,0.044523430583640826
52305,0.09331022520815152
52306,0.3953852540729421
52307,0.07360235038247172
52308,0.26732362885542477
52309,0.5672534053533838
52310,0.5683858310674994
52311,0.1046334202506844
52312,0.18844529178033168
52313,0.10608041079132567
52314,0.05324480375933513
52315,0.48376556403103155
52316,0.1736470092490242
52317,0.10110159227601759
52318,0.03174560558805142
52319,0.13166365540202316
52320,0.30083536579095244
52321,0.12108981954904681
52322,0.0977491893052702
52323,0.13228232641649018
52324,0.2015032393469841
52325,0.6278998350647123
52326,0.08042322017565554
52327,0.08102982609237036
52328,0.09077726961740908
52329,0.18558614045411403
52330,0.09923764061768674
52331,0.3591449439445329
52332,0.19251894940720696
52333,0.07187036391612388
52334,0.4956564221266032
52335,0.07924643444165227
52336,0.2801690089573877
52337,0.2890647922001923
52338,0.03819201124282919
52339,0.40129881593417954
52340,0.18375647697027775
52341,0.04851748451778341
52342,0.1049771665345119
52343,0.08573201079708588
52344,0.5476917838218022
52345,0.39951489638908255
52346,0.514006321308793
52347,0.12216342893476707
52348,0.11130994975168453
52349,0.23830897013364344
52350,0.2188390741560569
52351,0.04938197562608922
52352,0.09523434494417059
52353,0.27671312353408584
52354,0.09227130245460971
52355,0.03805477769120424
52356,0.2533084748312353
52357,0.04919734260464466
52358,0.050738402201456444
52359,0.09254792047280211
52360,0.2559005467908032
52361,0.11639245899640088
52362,0.06212927206479395
52363,0.12113323042249277
52364,0.036366365434556125
52365,0.17798376672827312
52366,0.029884575535915142
52367,0.17668648583007326
52368,0.4991864820533906
52369,0.1941925158090669
52370,0.08900427708681767
52371,0.5435119181484875
52372,0.08569760629555018
52373,0.11617152280695803
52374,0.3089544006329345
52375,0.11146282042762475
52376,0.22706468646120243
52377,0.07189375671211269
52378,0.05347060823142672
52379,0.12026043698733367
52380,0.13220423128163197
52381,0.061441689156052894
52382,0.6589792869161509
52383,0.052760296855026
52384,0.5572170807998839
52385,0.29097856948407486
52386,0.1245846503250626
52387,0.1940978557888696
52388,0.38663506846321527
52389,0.10416189853445387
52390,0.11723098515514353
52391,0.11852411777656512
52392,0.1410717779662675
52393,0.3860048432578065
52394,0.558200354799298
52395,0.04915973112191117
52396,0.041157919453122443
52397,0.630872267200444
52398,0.09772131393962859
52399,0.10041435374365429
52400,0.07848435740461628
52401,0.09508684559809444
52402,0.19796042373463643
52403,0.40071870238699203
52404,0.2474395929055443
52405,0.31582816086722604
52406,0.09091426298383272
52407,0.28085617728976636
52408,0.09115658276449097
52409,0.12194884474449348
52410,0.3547842894543551
52411,0.11962638712447668
52412,0.035572729914257646
52413,0.19427789669459156
52414,0.06988191166909251
52415,0.09187502351466302
52416,0.10460479277433589
52417,0.0638654806466935
52418,0.49652677177310695
52419,0.1255593321718927
52420,0.05141090777511334
52421,0.2359619630645366
52422,0.16389207888095433
52423,0.3471559589131037
52424,0.15791788228348547
52425,0.0964519742800014
52426,0.2437787865853233
52427,0.4714625208744649
52428,0.14534352001388315
52429,0.5393159981552001
52430,0.08024060716957154
52431,0.4053292376505938
52432,0.060891860180037796
52433,0.09305368231366455
52434,0.39719216985187633
52435,0.24754684528050253
52436,0.20020912536114524
52437,0.0912109459824201
52438,0.21257279046332184
52439,0.05290770114233361
52440,0.05453733964994775
52441,0.08830089491523509
52442,0.1391895708061168
52443,0.05867249648215091
52444,0.5857717237552966
52445,0.07861459581128193
52446,0.29853572957197483
52447,0.08683253896448122
52448,0.1526342750560921
52449,0.45380071693248375
52450,0.1409131869018977
52451,0.5952607248026479
52452,0.26168206454547244
52453,0.09847607950931023
52454,0.3034595290272578
52455,0.6393575394015897
52456,0.6198652701960515
52457,0.15034527433051506
52458,0.16829083990354257
52459,0.17269417687797714
52460,0.06386970758214819
52461,0.41296326308990194
52462,0.0745373009926065
52463,0.07513449839770009
52464,0.03415829040592055
52465,0.5987367436482182
52466,0.1128647029262551
52467,0.20449159268935369
52468,0.4103482392061334
52469,0.09174262736360767
52470,0.2247338763859185
52471,0.2950101778596745
52472,0.023894838504049675
52473,0.4179055126934849
52474,0.28957610536763007
52475,0.7629654252005497
52476,0.13500902512494967
52477,0.08100901392346542
52478,0.031135798206270437
52479,0.022910158932290772
52480,0.19750650145095716
52481,0.5444941640435433
52482,0.17679113610234043
52483,0.47075036647462215
52484,0.34123559509054
52485,0.14807985839453824
52486,0.12264590855501718
52487,0.08395364554345118
52488,0.3075457874548869
52489,0.4022810653594162
52490,0.4912546443045018
52491,0.7556612690542307
52492,0.0645781678777568
52493,0.25897223441785094
52494,0.5744662375508582
52495,0.041950197352674586
52496,0.6477994845214711
52497,0.32052788311778346
52498,0.07349452630039219
52499,0.13718552530458195
52500,0.16929918071506922
52501,0.08348337333174777
52502,0.2828064175166146
52503,0.12268155641287429
52504,0.061124125365005756
52505,0.06284607884732656
52506,0.12932736325458913
52507,0.0799381336728403
52508,0.6894972199161313
52509,0.08976866315371533
52510,0.051180604479237495
52511,0.37191371065085754
52512,0.06126974315394437
52513,0.07111647217972877
52514,0.6870034535056645
52515,0.05137255410398648
52516,0.04522309200698212
52517,0.10647082192384075
52518,0.25167124035835897
52519,0.35340539939883847
52520,0.40123758989601044
52521,0.03546879013006335
52522,0.04172286437374793
52523,0.08460627681379436
52524,0.18102633901735374
52525,0.5229212154103783
52526,0.06109665302150489
52527,0.5746303920967094
52528,0.11310746801035684
52529,0.19598917077132225
52530,0.036108108121296445
52531,0.4771809173355264
52532,0.2639936633500191
52533,0.09319764304257272
52534,0.10344161197077396
52535,0.30543261769982605
52536,0.1928645615608699
52537,0.22520760177651566
52538,0.05284369594043308
52539,0.08700786992571324
52540,0.12986894814951236
52541,0.08945794539702782
52542,0.14006427162329396
52543,0.058897332261459295
52544,0.1766771834840682
52545,0.2151367300536182
52546,0.6181893680649572
52547,0.06340770730612481
52548,0.13829650515948594
52549,0.24261240422684754
52550,0.0768770281153222
52551,0.15407233492422392
52552,0.10753427250281791
52553,0.16740835967376613
52554,0.6864638943066944
52555,0.10645991584631713
52556,0.18825741749735753
52557,0.07169758848170256
52558,0.18109290852286686
52559,0.06253058883081114
52560,0.07878672477642583
52561,0.14400881322001646
52562,0.08420025303151915
52563,0.6812709382208323
52564,0.048044798314865966
52565,0.02556788664888422
52566,0.10025535726162764
52567,0.1503681363482139
52568,0.12571129420974417
52569,0.43556166731091006
52570,0.07391911395591733
52571,0.38970301727853945
52572,0.22440478223327973
52573,0.07315990344993131
52574,0.10400132182214972
52575,0.6331096488026343
52576,0.0917896921283784
52577,0.13367781194894915
52578,0.46327624848882126
52579,0.3806042056660908
52580,0.12766977153008174
52581,0.6222411697955214
52582,0.06639052701281066
52583,0.09770029967990954
52584,0.20046022867511082
52585,0.08872909571230947
52586,0.23040361884998622
52587,0.1479742073762685
52588,0.06679595930458217
52589,0.0731317514567786
52590,0.06702808118802459
52591,0.051134999145960536
52592,0.4469101236148694
52593,0.047418782607556574
52594,0.03024455387874294
52595,0.14210782067497754
52596,0.0824010298181378
52597,0.3393069098675998
52598,0.6155934541693322
52599,0.29167585335844914
52600,0.10842537823840473
52601,0.06478501054520085
52602,0.06068114120541603
52603,0.0745335804452637
52604,0.35122467270906027
52605,0.06711803801110759
52606,0.21006470512939163
52607,0.12552906022282553
52608,0.07226950670322675
52609,0.060046469203098654
52610,0.5268213797303836
52611,0.16410261181634353
52612,0.13613625411863717
52613,0.08202670273153914
52614,0.43119940355944447
52615,0.08532021381368694
52616,0.2006328387094121
52617,0.1977247289211185
52618,0.07675154819615514
52619,0.06698976664511509
52620,0.2244366738229168
52621,0.25711133384706253
52622,0.03502080704175651
52623,0.1800383797208567
52624,0.29998259985364445
52625,0.039106585778385716
52626,0.4710067332201031
52627,0.07579241578607698
52628,0.05738449539997736
52629,0.043468206589072377
52630,0.5174345701347055
52631,0.6540180504269578
52632,0.09455994487510634
52633,0.14724584445360284
52634,0.08275932395149929
52635,0.05453058576673772
52636,0.12860889528055341
52637,0.2298750577065277
52638,0.19146415319574436
52639,0.1223614320573581
52640,0.2374730214200512
52641,0.2127901742190039
52642,0.4761383256581742
52643,0.26886959937302074
52644,0.07149673471209722
52645,0.11955632292028326
52646,0.08031157659293142
52647,0.5468850086197699
52648,0.2664207967260199
52649,0.20547344809088133
52650,0.049236546177648076
52651,0.14430886726721584
52652,0.10931805356682084
52653,0.22465613223279565
52654,0.2894339567996117
52655,0.5374375086027829
52656,0.06809991078603156
52657,0.07856188597880177
52658,0.18336474226629895
52659,0.14721664021667966
52660,0.6177921221869893
52661,0.05640810525763652
52662,0.2186339737034446
52663,0.15473311876467633
52664,0.08952084894976022
52665,0.30926562144504005
52666,0.0855756595588901
52667,0.07111156626985617
52668,0.11875467174301077
52669,0.14582752781594246
52670,0.11045841910175222
52671,0.1870528409684131
52672,0.04279970517819402
52673,0.08002595341161928
52674,0.2553939245444858
52675,0.08783835765368544
52676,0.10296770521911075
52677,0.33237546158103765
52678,0.5799507795743398
52679,0.08642542114968368
52680,0.04462025832143923
52681,0.4638495895071372
52682,0.06128592858206506
52683,0.0909371189405454
52684,0.2628504791940463
52685,0.112071065199921
52686,0.06869664942098835
52687,0.09100232677090908
52688,0.06680775347255559
52689,0.08576956004487657
52690,0.5289210614136849
52691,0.3135371469787069
52692,0.08942025182723967
52693,0.19945548377909209
52694,0.15029793398919483
52695,0.7329163290933018
52696,0.22048076161186286
52697,0.1229910587322198
52698,0.17700840505642024
52699,0.05303482783163167
52700,0.1698021414241328
52701,0.12658712611214973
52702,0.3216733722404198
52703,0.5276978057965976
52704,0.33716859861292064
52705,0.06064480649803753
52706,0.09359057067769251
52707,0.7539639663963155
52708,0.17125601743451463
52709,0.05764350487289859
52710,0.029882631904347225
52711,0.030609349481289055
52712,0.044666722833605184
52713,0.09079646126772825
52714,0.10950635180354938
52715,0.035929429438025
52716,0.6738334434598083
52717,0.12466360169117173
52718,0.5517617359534825
52719,0.10775829701230492
52720,0.463356270204452
52721,0.24469850258775552
52722,0.04302907227061756
52723,0.07820474901941832
52724,0.05468344036546292
52725,0.05918619270619067
52726,0.4743087944254416
52727,0.5775014800831497
52728,0.09273560687972783
52729,0.14879790922191427
52730,0.10271963478956181
52731,0.07863488535360602
52732,0.32367984903573754
52733,0.20040353083698237
52734,0.07954263715225951
52735,0.11778955357363842
52736,0.6025889813686783
52737,0.22341258600291256
52738,0.3754769900518884
52739,0.1259216905371737
52740,0.09089084661018458
52741,0.05344228955240826
52742,0.27776676937417066
52743,0.32174976568744623
52744,0.03616415897619769
52745,0.7842547709672619
52746,0.12446556177965216
52747,0.12066819303728452
52748,0.04128592326498558
52749,0.5447129816514602
52750,0.4732108676924881
52751,0.11403791445333662
52752,0.08519887696695722
52753,0.5386852007251203
52754,0.06650987040315444
52755,0.19538922232137867
52756,0.11002338945718944
52757,0.12517647023728665
52758,0.4079744543524227
52759,0.06965356472334606
52760,0.2526622731465628
52761,0.13801956262812037
52762,0.25334856331885514
52763,0.09349580038125835
52764,0.09027547753679216
52765,0.10603140288445419
52766,0.7336303777030732
52767,0.1423402785022673
52768,0.17726981555897012
52769,0.07895373894519173
52770,0.04826655124145719
52771,0.09430102170273377
52772,0.24071620054516785
52773,0.08501777806285862
52774,0.5478616020783691
52775,0.12137444979775303
52776,0.16499443620919602
52777,0.09289236533659441
52778,0.09087329103916165
52779,0.7819173483218582
52780,0.07824501026074891
52781,0.09028960972877376
52782,0.34648112909240836
52783,0.2677292946285022
52784,0.6365176191649933
52785,0.854311148700149
52786,0.06895091548825746
52787,0.13470361670736655
52788,0.36591414488444407
52789,0.8355436819653314
52790,0.5942220226746012
52791,0.11748857046264402
52792,0.2679467872138751
52793,0.0817648918088064
52794,0.22353030749440558
52795,0.2530371670612715
52796,0.6283794168521811
52797,0.09324457730686207
52798,0.14677848784578967
52799,0.06118583818259345
52800,0.4343761693287819
52801,0.589645746506913
52802,0.039777457968631455
52803,0.26089311919394603
52804,0.12774718559997703
52805,0.026326761439296485
52806,0.14116106597617806
52807,0.08693741028616281
52808,0.12090718754901986
52809,0.23636979790963333
52810,0.06625648373589464
52811,0.05935684450490192
52812,0.059482027037958456
52813,0.1024378065686693
52814,0.1275700069530694
52815,0.5577692417826268
52816,0.6712681149765181
52817,0.5542730786178344
52818,0.15141462221793114
52819,0.09498813549349872
52820,0.0316886218135847
52821,0.04216317894803408
52822,0.1272564642956418
52823,0.20554661361894028
52824,0.11364006524790095
52825,0.580621002256667
52826,0.11233238079259573
52827,0.09507607249668691
52828,0.08591125950751154
52829,0.419124006124166
52830,0.7891294574701685
52831,0.7708623512120475
52832,0.18206650929738738
52833,0.5455893860027217
52834,0.10081113015093585
52835,0.5456366847212453
52836,0.06907157703775146
52837,0.576715836718564
52838,0.1237812946639175
52839,0.15165850652537902
52840,0.07974688635034834
52841,0.05192891306370322
52842,0.06312782565857006
52843,0.11733693999523455
52844,0.3091973886081783
52845,0.1938766698664366
52846,0.41445901486101755
52847,0.06674581595501783
52848,0.07265423651521025
52849,0.24761987528270907
52850,0.07295941957606204
52851,0.24439394650756402
52852,0.29676108193482115
52853,0.335601712406156
52854,0.44318379555980036
52855,0.06465165509305264
52856,0.19911302538306125
52857,0.05616113696169355
52858,0.2972730965032367
52859,0.20175284210919628
52860,0.2800427246093358
52861,0.02606038271736108
52862,0.10479061474946565
52863,0.3202648433413316
52864,0.035445244982788914
52865,0.14380749550144117
52866,0.4168425801843341
52867,0.06471847748413408
52868,0.44416767504612165
52869,0.15925409560282486
52870,0.5456654416381029
52871,0.06399708191257435
52872,0.06649863043146968
52873,0.17945536706749252
52874,0.2068015783768143
52875,0.26474754305380493
52876,0.0830934100442389
52877,0.02904045036872999
52878,0.5232146089706842
52879,0.21603022288604065
52880,0.15199156113548595
52881,0.28000123455365494
52882,0.1529935626684907
52883,0.04913543252298139
52884,0.04614146208202127
52885,0.11991786289595024
52886,0.073889329997341
52887,0.09742617816365311
52888,0.085439588862672
52889,0.41512431440343184
52890,0.2820742322480798
52891,0.09047342705227977
52892,0.09970714860430846
52893,0.5076413329545771
52894,0.4330282823189608
52895,0.023356179619912484
52896,0.13832098717813726
52897,0.036890388136844254
52898,0.31965075738731724
52899,0.2444161100864565
52900,0.13043802399282559
52901,0.5463708446510526
52902,0.15868287415179394
52903,0.5258156159435348
52904,0.03819510574612574
52905,0.07402312718933084
52906,0.057633781740343545
52907,0.26380849045274685
52908,0.10083494931901245
52909,0.5383738609983109
52910,0.06302602281767146
52911,0.1110211299145175
52912,0.027666042283377882
52913,0.13774473110320307
52914,0.21922829783412737
52915,0.16562891185308118
52916,0.3181330856325955
52917,0.13020716757902406
52918,0.12681317600593828
52919,0.47013336903526287
52920,0.5110710820829075
52921,0.5357937400334396
52922,0.12126051741236152
52923,0.07906638309951325
52924,0.6120766011203994
52925,0.11241739569031829
52926,0.26666993530823935
52927,0.05355728268459434
52928,0.11223288840803079
52929,0.465752133447081
52930,0.5468622154739328
52931,0.10250945100544295
52932,0.07159940354794506
52933,0.09932585005575746
52934,0.45555036757798867
52935,0.5477970767434654
52936,0.43815156824159157
52937,0.09687422145679393
52938,0.10999510250543973
52939,0.0540900692093966
52940,0.11005110532023643
52941,0.11416469439760178
52942,0.09034999163907756
52943,0.5742344338680933
52944,0.10216638246292833
52945,0.13393541178669927
52946,0.2431874197901531
52947,0.08152948763920083
52948,0.2570503394328317
52949,0.06947715150289549
52950,0.4001673408895758
52951,0.19550022221302085
52952,0.062097961428279225
52953,0.3257693655396699
52954,0.09417143761995671
52955,0.07400802205429836
52956,0.18925249159160035
52957,0.36040116586737997
52958,0.0425433169304544
52959,0.1455288309564361
52960,0.0648203500306757
52961,0.46155935338969956
52962,0.44843102288596687
52963,0.10762010414263704
52964,0.4347097013563372
52965,0.09578588291517424
52966,0.08818303217165975
52967,0.07135020039781922
52968,0.07685338130283938
52969,0.18611305295323372
52970,0.11484434141996978
52971,0.3412173455697944
52972,0.06369882380023663
52973,0.20475541485762597
52974,0.6080588802300272
52975,0.055871004477339926
52976,0.06135537154162845
52977,0.4016475233306459
52978,0.1994622129416503
52979,0.05628962766511263
52980,0.07681121403582672
52981,0.4515889812815692
52982,0.04531367118782189
52983,0.3330385013601939
52984,0.15213573578737272
52985,0.21211171239355184
52986,0.6700673722800808
52987,0.5681466243436388
52988,0.3805101223558934
52989,0.14705167833618094
52990,0.08310876846423841
52991,0.10607349760419053
52992,0.05642306611042552
52993,0.28381082849304934
52994,0.17976842649562377
52995,0.32039177036348293
52996,0.07244162940676425
52997,0.1545642575563752
52998,0.22057737217319817
52999,0.1792648741610006
53000,0.44440986230507074
53001,0.056803351968904806
53002,0.2009409987557101
53003,0.07328771239888766
53004,0.08386258358822232
53005,0.24652198177366094
53006,0.1255378053929045
53007,0.19612173555202464
53008,0.07076426537705961
53009,0.06108294383045395
53010,0.1614439271440468
53011,0.09273417856708432
53012,0.08126068225403628
53013,0.16223222899424417
53014,0.12381931703570533
53015,0.1153256590072535
53016,0.044468430926082284
53017,0.17793376232700867
53018,0.2223578044376858
53019,0.2991856965116164
53020,0.25277135194183353
53021,0.5130111633239461
53022,0.364301579054822
53023,0.12514370439637854
53024,0.6742471548543748
53025,0.09482698106054405
53026,0.15509653121858966
53027,0.09426223772123901
53028,0.1101982940485159
53029,0.08930764407182412
53030,0.22785810214211846
53031,0.21792373526458428
53032,0.11599633403300819
53033,0.06730537438335238
53034,0.044678843313186556
53035,0.14380403952647186
53036,0.3377404067890513
53037,0.11331464314835668
53038,0.11187426683194993
53039,0.12073924520884892
53040,0.0565954244514561
53041,0.2526133600015996
53042,0.07780098170964048
53043,0.03756971017090648
53044,0.09528459559300635
53045,0.07108433686311368
53046,0.04615507337592342
53047,0.08272121296517565
53048,0.038998604489474925
53049,0.2488148608190311
53050,0.7510130905655258
53051,0.06578669994332738
53052,0.41961789592743726
53053,0.3180829378722901
53054,0.3051230773418789
53055,0.0700749920948789
53056,0.11264810926374667
53057,0.10504546692446023
53058,0.08633113512479557
53059,0.37666600750448065
53060,0.12091294948933402
53061,0.8521130460159664
53062,0.1253726136277732
53063,0.17421652178102234
53064,0.0710991692434802
53065,0.6458732185214835
53066,0.04820679034086402
53067,0.26474656186817913
53068,0.07425979805396558
53069,0.34175365336376534
53070,0.1771113494742179
53071,0.09057635342768178
53072,0.12495752527009844
53073,0.03821213160849222
53074,0.09164190117785873
53075,0.05354763381078636
53076,0.09382129769232392
53077,0.2019452545518794
53078,0.40641438038800987
53079,0.10013648946734417
53080,0.17319728848180713
53081,0.19004502833153014
53082,0.057863398214299394
53083,0.3132211039514406
53084,0.11079019142663463
53085,0.7484989201186193
53086,0.1593667854819616
53087,0.1573695858271104
53088,0.26580199893319495
53089,0.16160710778682463
53090,0.10324171283843185
53091,0.5984961151513539
53092,0.12497406704547778
53093,0.35871131713378707
53094,0.7199930822860122
53095,0.1777871490617964
53096,0.4444060054881257
53097,0.7362501662987452
53098,0.05286040568261192
53099,0.4071084439222379
53100,0.1993028834537263
53101,0.2888353552892699
53102,0.48258255726211935
53103,0.08633253202979878
53104,0.2533607300120706
53105,0.12414652273139538
53106,0.17661092002601028
53107,0.061498486212024764
53108,0.03049675864492409
53109,0.06596008995988029
53110,0.5773182325913657
53111,0.5458701976229419
53112,0.07234012306354208
53113,0.26488986954174737
53114,0.05273740572939253
53115,0.024382139681480678
53116,0.04497088259294449
53117,0.10090047513675011
53118,0.11847701560763949
53119,0.14728708880107685
53120,0.1417858778332471
53121,0.2105755698868627
53122,0.08788953569797549
53123,0.2568251150614679
53124,0.1447004192649362
53125,0.4501534750618724
53126,0.050080495049123756
53127,0.04234157321483544
53128,0.4009855371817524
53129,0.08800804390934766
53130,0.1839818993397622
53131,0.3148909918518352
53132,0.04001670645797318
53133,0.16024715149081845
53134,0.3115771283557972
53135,0.47167114158956036
53136,0.0371980384035823
53137,0.08409245796492283
53138,0.19227470887136458
53139,0.12319917788802748
53140,0.07656936454214154
53141,0.07140280637908669
53142,0.022601817880182975
53143,0.10009676157929373
53144,0.5579555484220878
53145,0.11316603978054564
53146,0.39788090873395676
53147,0.1586605052143078
53148,0.24334050872060387
53149,0.11087201656169271
53150,0.09244626082111906
53151,0.2620637929598985
53152,0.08113264601457888
53153,0.12439246835730003
53154,0.37230232362534454
53155,0.04171177430079767
53156,0.677301082767303
53157,0.16329884302906245
53158,0.10160397746156696
53159,0.1066799535369195
53160,0.173095778966211
53161,0.11383157058052909
53162,0.10497164927345908
53163,0.31022175041363276
53164,0.044488107891153254
53165,0.09753237322080408
53166,0.1798819291387665
53167,0.2941817216720374
53168,0.4905297191203406
53169,0.0680979500499281
53170,0.06631354926345095
53171,0.08880664988880432
53172,0.36011029358248675
53173,0.06849938109297976
53174,0.10563585460898302
53175,0.46163626155447607
53176,0.15927014948557475
53177,0.15929455891917868
53178,0.11683656191862499
53179,0.061325838240807895
53180,0.07399481604474131
53181,0.1254212419894623
53182,0.17724104751483866
53183,0.5908054750788004
53184,0.18198544143552622
53185,0.0511801281704776
53186,0.04432782342545525
53187,0.06652179384163297
53188,0.43265078207910507
53189,0.18648263769628504
53190,0.036738124710851805
53191,0.2796717391316191
53192,0.30596567733526775
53193,0.14428715171323434
53194,0.11238219780477886
53195,0.36791668156215357
53196,0.04844327490812706
53197,0.8253309407430012
53198,0.1682283665258095
53199,0.10179138600534658
53200,0.5093555173838924
53201,0.16803667274138717
53202,0.05187685594679479
53203,0.21986956345233025
53204,0.051068925368563986
53205,0.15003942466285952
53206,0.26840393760939774
53207,0.23884045273686472
53208,0.6340959295165537
53209,0.14247878293100066
53210,0.6578640435308518
53211,0.09802189494123002
53212,0.06909425759132204
53213,0.11780729031189077
53214,0.08057976337539594
53215,0.09364793050866738
53216,0.25632310193421226
53217,0.44661136287520053
53218,0.12425333384867866
53219,0.3123789605833066
53220,0.07420657118004739
53221,0.06060820778368187
53222,0.5862691461144317
53223,0.11886975760098825
53224,0.058311819613896296
53225,0.058150408298026764
53226,0.24944513577159835
53227,0.09025116368228792
53228,0.12122828300789133
53229,0.17354203059480725
53230,0.15681741683532455
53231,0.07024252624202329
53232,0.07385828615342122
53233,0.1438812508440237
53234,0.10165569762369142
53235,0.1730600301937636
53236,0.17417107365040382
53237,0.5342646024905797
53238,0.05331964201463912
53239,0.0824532561634421
53240,0.04420123168349041
53241,0.5796716680002889
53242,0.13102861852653006
53243,0.1916459073109238
53244,0.2692898760351084
53245,0.10706235513491663
53246,0.35812303431791137
53247,0.712970119066503
53248,0.03031516255026882
53249,0.0714214967897139
53250,0.3447516480265893
53251,0.0647259069337995
53252,0.11530929793619954
53253,0.16539147434553378
53254,0.16873833242228084
53255,0.06058344491118419
53256,0.13571751432868828
53257,0.09850025882239008
53258,0.08846261611797433
53259,0.07716152757701128
53260,0.06815255635799865
53261,0.10681344179002733
53262,0.20322169980161517
53263,0.25222576454168166
53264,0.3200475402045078
53265,0.15184456807379956
53266,0.02964968075958747
53267,0.10988870598082932
53268,0.5558577040568875
53269,0.39293141815608024
53270,0.10966222327725442
53271,0.03949298734527364
53272,0.19355569424658206
53273,0.5301532679556324
53274,0.08897931341071182
53275,0.0218217972197163
53276,0.09086882861589608
53277,0.20166125703528956
53278,0.06447746166255554
53279,0.20442306316227188
53280,0.08506235604886267
53281,0.11454115867135958
53282,0.24736622017742538
53283,0.02989587587657437
53284,0.09507368311047523
53285,0.04925298451197236
53286,0.3380760901346273
53287,0.11401617311569481
53288,0.05619344490102218
53289,0.08114049826822245
53290,0.24183900556224758
53291,0.07666242898576447
53292,0.3193893253852223
53293,0.3613247008789511
53294,0.07352220445950691
53295,0.0656666379183843
53296,0.03572524753174779
53297,0.13966175311381435
53298,0.13367174121084358
53299,0.08783552755507641
53300,0.39120523801369395
53301,0.21464408950113903
53302,0.06970635646500276
53303,0.09114248049312859
53304,0.4460487406674618
53305,0.4127179430372429
53306,0.5692539264624604
53307,0.4716862023356034
53308,0.5767474187217408
53309,0.06308663632681838
53310,0.08533814561114615
53311,0.03008208549420756
53312,0.08751677009790748
53313,0.4263240665839753
53314,0.42322693286722185
53315,0.23478873226166438
53316,0.3317059972123506
53317,0.1171524042911152
53318,0.03228816014605982
53319,0.04196325863957878
53320,0.5834178730040229
53321,0.10007210106886771
53322,0.08023168124409019
53323,0.04950469371416322
53324,0.2808751290234208
53325,0.04829493866039841
53326,0.07541077992137296
53327,0.06155168806127347
53328,0.049390167971174126
53329,0.39923752324309153
53330,0.5367447321136787
53331,0.5244439622542539
53332,0.602500816714093
53333,0.029881564179465223
53334,0.09077064725554491
53335,0.13247511995453673
53336,0.24460367261054286
53337,0.033726628825837886
53338,0.43137096498365934
53339,0.18542085144471615
53340,0.23380545581576948
53341,0.2422191922608961
53342,0.0836802109879191
53343,0.07146224155847436
53344,0.07476574260646937
53345,0.21184343994502805
53346,0.06751741127016984
53347,0.14996736601603988
53348,0.23562102465133583
53349,0.0932342789611569
53350,0.15508927962583122
53351,0.05929653684890037
53352,0.12209476007813547
53353,0.05027322081702028
53354,0.10861691116862955
53355,0.07542850155664452
53356,0.36456552834484407
53357,0.04799427599114398
53358,0.052396913521725555
53359,0.18628851627009305
53360,0.09589389717292968
53361,0.03563712456530751
53362,0.4801801412537264
53363,0.4920187412596412
53364,0.12935399065605524
53365,0.10525901405939847
53366,0.1409537238628707
53367,0.35103038079219817
53368,0.6528669158867968
53369,0.2098583650120329
53370,0.13211334114436843
53371,0.05744535126985921
53372,0.11973331590774822
53373,0.2357198250483223
53374,0.11786219636902842
53375,0.08004085996743826
53376,0.09302790493253424
53377,0.2248546837847789
53378,0.1556590811044286
53379,0.11848739411420778
53380,0.5197903102010558
53381,0.36480799554609966
53382,0.13038579546073825
53383,0.2521094799648086
53384,0.31983855165031855
53385,0.5300635768335281
53386,0.7096178514114939
53387,0.08451652370473553
53388,0.09854601070226544
53389,0.797024437786101
53390,0.0843142468511486
53391,0.39734046374035564
53392,0.14074935085566548
53393,0.10836623609874467
53394,0.5859528316981645
53395,0.07633842321163921
53396,0.3538977926726476
53397,0.27520784124823333
53398,0.11920263678694702
53399,0.1766275850385441
53400,0.4147836036721861
53401,0.11350436212972442
53402,0.18225576789285736
53403,0.15793844878358584
53404,0.200316014498223
53405,0.11512347143824843
53406,0.21465674067497167
53407,0.05921193712167828
53408,0.16652816516777816
53409,0.06390584865336225
53410,0.33564298458952535
53411,0.15063978291751978
53412,0.08270215160577131
53413,0.0824420489355953
53414,0.4777710311566065
